#{"t_start": 1680424587.0816317, "env_id": "SpaceInvadersNoFrameskip-v4"}
r,l,t
30.0,301,26.894386
105.0,274,48.529391
285.0,836,114.533922
90.0,354,145.89077
180.0,487,188.232267
105.0,659,242.585853
105.0,473,277.238843
395.0,938,361.268369
300.0,838,427.951655
80.0,344,459.183149
125.0,414,492.272127
280.0,889,567.70271
80.0,403,600.580966
255.0,872,675.523902
200.0,627,729.041012
150.0,490,764.116828
150.0,365,795.852892
145.0,394,828.402022
100.0,390,860.83529
265.0,766,925.46919
60.0,373,957.388773
375.0,744,1021.492454
215.0,602,1066.94294
310.0,799,1133.558809
115.0,336,1164.557378
350.0,702,1220.088522
120.0,573,1272.146948
155.0,430,1305.595163
140.0,356,1337.092082
280.0,690,1392.37674
100.0,370,1424.224948
120.0,497,1466.94223
330.0,549,1510.923605
465.0,1029,1597.40681
465.0,697,1652.9012
375.0,655,1714.582555
335.0,773,1779.467821
55.0,331,1802.845374
125.0,398,1835.495725
205.0,483,1877.789215
200.0,479,1912.542093
125.0,481,1954.792983
135.0,501,1997.442136
160.0,452,2038.994224
125.0,301,2061.693523
315.0,683,2116.675368
140.0,489,2159.243854
280.0,661,2214.818003
450.0,783,2279.90409
185.0,527,2323.4982
245.0,686,2378.639542
160.0,802,2451.678894
390.0,841,2518.344343
305.0,837,2592.316885
105.0,389,2617.289227
255.0,581,2669.67035
210.0,608,2722.725979
225.0,608,2768.351986
165.0,487,2810.846817
275.0,745,2874.874639
210.0,616,2928.207108
285.0,824,2994.499428
235.0,611,3047.615616
275.0,803,3113.271328
135.0,510,3156.300571
260.0,737,3220.206095
320.0,605,3266.902556
175.0,542,3310.767338
350.0,663,3365.41331
390.0,798,3438.321681
525.0,707,3494.021075
215.0,512,3537.056978
180.0,445,3570.878555
65.0,296,3600.787216
265.0,678,3655.806336
185.0,491,3698.241007
110.0,452,3732.355055
210.0,501,3775.106965
135.0,395,3807.714098
350.0,757,3872.131578
265.0,672,3926.889985
210.0,586,3979.295471
270.0,655,4033.617567
330.0,696,4088.954485
65.0,274,4110.910789
130.0,363,4142.659696
215.0,595,4188.036535
45.0,299,4218.064621
325.0,676,4272.932534
120.0,383,4305.195941
225.0,584,4351.626496
240.0,731,4415.288131
225.0,600,4468.168343
230.0,524,4511.608306
30.0,258,4533.103437
955.0,1140,4629.807233
125.0,300,4652.380185
150.0,489,4694.867744
230.0,621,4740.932952
680.0,1112,4837.058102
215.0,592,4889.716237
275.0,617,4935.581501
155.0,499,4978.351558
125.0,426,5011.801629
485.0,594,5064.421955
210.0,507,5107.338315
115.0,479,5149.435181
45.0,370,5173.909262
170.0,461,5215.619302
145.0,488,5258.036249
115.0,372,5289.955417
250.0,780,5355.077536
555.0,998,5434.600649
405.0,551,5486.01571
225.0,649,5540.222375
195.0,499,5575.60155
290.0,628,5629.187614
395.0,749,5693.473352
155.0,500,5736.19291
270.0,605,5789.212855
150.0,466,5823.67541
220.0,506,5866.517314
340.0,746,5930.62551
290.0,714,5986.506097
380.0,662,6041.039978
125.0,349,6072.315082
285.0,672,6127.041412
340.0,883,6202.168477
460.0,729,6265.884465
265.0,755,6330.320201
210.0,639,6376.886107
395.0,595,6429.532496
345.0,772,6494.436491
210.0,625,6549.352613
370.0,1017,6635.379185
465.0,1071,6722.783349
120.0,478,6764.948137
240.0,718,6820.949669
395.0,764,6885.574809
200.0,545,6929.460803
235.0,617,6982.700232
225.0,616,7035.986821
650.0,1067,7123.405098
370.0,866,7198.01925
555.0,992,7283.346854
620.0,1273,7383.716187
255.0,658,7438.124083
155.0,600,7490.92511
100.0,485,7533.288336
315.0,600,7578.646048
130.0,488,7625.122552
390.0,880,7700.028693
165.0,531,7743.667911
215.0,642,7797.685545
410.0,617,7850.871345
410.0,942,7927.56701
300.0,754,7991.88208
340.0,1061,8079.113461
295.0,588,8131.554884
330.0,685,8186.592723
355.0,873,8261.505771
155.0,514,8304.550633
505.0,892,8379.983088
380.0,857,8447.035426
315.0,708,8510.018599
145.0,512,8553.150526
180.0,600,8598.469366
320.0,930,8674.789329
535.0,765,8740.612984
115.0,542,8791.865294
400.0,697,8847.265963
275.0,595,8899.936217
270.0,587,8945.074656
135.0,469,8986.976091
115.0,435,9020.572912
140.0,502,9063.405026
530.0,1104,9151.753074
240.0,572,9203.79316
385.0,883,9278.898968
285.0,813,9344.812274
525.0,976,9422.428238
255.0,703,9485.330248
170.0,527,9528.890081
115.0,522,9572.284342
165.0,408,9605.183999
635.0,977,9690.329779
230.0,594,9735.506733
135.0,468,9778.51952
290.0,725,9834.605035
335.0,839,9908.636355
220.0,468,9950.50825
180.0,523,9993.802665
225.0,496,10028.955801
105.0,314,10059.286762
355.0,745,10123.274279
105.0,369,10147.70101
390.0,721,10211.186571
390.0,810,10276.91044
175.0,514,10319.974045
75.0,367,10351.795008
135.0,454,10385.963188
125.0,407,10426.247869
290.0,626,10472.230563
325.0,702,10535.124986
260.0,679,10590.071042
105.0,466,10631.848822
220.0,576,10676.599557
115.0,374,10708.555766
545.0,873,10783.512734
335.0,686,10838.506249
215.0,487,10882.075188
105.0,461,10916.333842
200.0,577,10968.612528
150.0,489,11003.630404
215.0,588,11056.225173
380.0,895,11131.735881
160.0,587,11176.843329
190.0,637,11230.675505
105.0,476,11272.759767
215.0,637,11326.609433
265.0,678,11381.479993
440.0,980,11466.482314
410.0,633,11520.198158
110.0,488,11555.219758
240.0,575,11607.42391
320.0,847,11674.169489
230.0,609,11727.340081
210.0,523,11770.667794
120.0,500,11813.468738
370.0,880,11888.511605
125.0,468,11923.054725
290.0,730,11987.824476
165.0,655,12042.102396
215.0,496,12084.708534
135.0,415,12117.872674
130.0,508,12160.814831
205.0,586,12205.911281
195.0,649,12260.058208
295.0,811,12333.305585
365.0,994,12411.446887
275.0,704,12474.392151
135.0,465,12508.808911
200.0,631,12562.417695
210.0,462,12604.194021
105.0,396,12636.745148
260.0,614,12689.901982
290.0,672,12744.54584
110.0,376,12776.594433
105.0,359,12800.777132
185.0,550,12852.286994
105.0,388,12884.711268
180.0,490,12919.809819
285.0,682,12982.170758
360.0,704,13038.734607
195.0,506,13081.683188
225.0,494,13124.291984
260.0,613,13177.501315
230.0,533,13221.104677
140.0,503,13256.53505
215.0,627,13310.045889
105.0,387,13342.337605
205.0,604,13395.246444
355.0,859,13469.888265
125.0,408,13502.801676
225.0,633,13556.608032
310.0,563,13601.025868
300.0,625,13654.534142
175.0,452,13688.563854
550.0,1022,13774.914167
215.0,468,13816.701219
450.0,870,13884.047957
345.0,643,13938.011892
135.0,339,13969.016886
550.0,1002,14054.632482
235.0,787,14120.899316
175.0,503,14163.673373
420.0,614,14209.374613
195.0,448,14250.685489
265.0,659,14305.006528
580.0,1245,14411.946842
280.0,648,14466.008155
280.0,701,14521.414996
285.0,611,14574.461977
270.0,585,14619.502211
325.0,789,14684.68292
395.0,693,14747.309728
165.0,434,14780.910293
245.0,781,14845.867845
465.0,958,14930.432955
335.0,871,14997.977727
270.0,603,15050.782166
415.0,637,15104.603398
120.0,407,15137.423163
195.0,598,15191.31828
105.0,373,15215.86227
260.0,549,15267.247776
195.0,601,15312.704495
495.0,1023,15398.885018
210.0,635,15452.495352
490.0,1161,15549.789289
215.0,606,15602.84158
115.0,369,15634.639107
185.0,456,15668.805098
655.0,822,15734.877747
350.0,707,15797.93587
290.0,745,15861.888115
125.0,478,15896.572517
520.0,1031,15983.065145
235.0,612,16036.210205
335.0,755,16100.488567
215.0,526,16143.875216
305.0,623,16197.224436
195.0,644,16251.228168
595.0,739,16308.708967
110.0,403,16348.911502
290.0,613,16394.60719
235.0,525,16437.992195
355.0,860,16512.525964
190.0,474,16554.599176
370.0,721,16610.465661
285.0,737,16674.31088
215.0,426,16707.637497
320.0,728,16771.219013
385.0,916,16847.192245
255.0,504,16889.985364
320.0,557,16934.28219
390.0,672,16988.928624
540.0,883,17064.124054
320.0,873,17138.856977
180.0,467,17173.337996
200.0,486,17215.677001
520.0,1218,17321.675216
345.0,735,17379.228997
275.0,794,17444.431766
105.0,399,17477.170042
565.0,1027,17563.441915
230.0,596,17616.120646
230.0,689,17671.317357
145.0,463,17712.944752
475.0,662,17767.289136
260.0,790,17832.530277
600.0,858,17906.952213
420.0,1006,17992.619604
545.0,1070,18079.937693
475.0,966,18157.250274
220.0,511,18200.23367
335.0,842,18274.266113
380.0,733,18330.623834
180.0,422,18371.220235
160.0,523,18414.604892
485.0,597,18460.963652
90.0,400,18493.711776
265.0,470,18535.626715
225.0,664,18589.996814
105.0,384,18622.213104
540.0,879,18697.014011
495.0,902,18772.650282
440.0,803,18838.096642
410.0,812,18904.001299
375.0,842,18978.075434
365.0,957,19055.031492
745.0,1060,19142.101114
740.0,1287,19250.003977
215.0,479,19292.135025
380.0,783,19357.194719
445.0,981,19442.394243
170.0,504,19485.232793
270.0,866,19553.616905
280.0,623,19606.978925
585.0,734,19670.550735
255.0,586,19715.515521
390.0,746,19779.469731
335.0,746,19843.499361
650.0,854,19910.373014
480.0,921,19993.709605
290.0,541,20037.440393
240.0,650,20091.547153
105.0,375,20123.541867
245.0,519,20166.724232
345.0,718,20222.626382
315.0,841,20296.513038
215.0,599,20341.878018
270.0,619,20395.114794
630.0,1010,20481.007028
165.0,516,20524.189967
320.0,614,20577.372134
245.0,609,20624.020557
215.0,609,20677.085998
300.0,773,20741.739895
285.0,636,20795.448194
545.0,1596,20926.318683
295.0,695,20988.770508
230.0,648,21042.821595
540.0,801,21108.39334
650.0,1190,21206.492181
390.0,813,21272.294838
300.0,876,21347.122676
285.0,530,21390.574233
245.0,718,21453.849171
540.0,962,21530.958323
425.0,1214,21637.044371
580.0,813,21704.02189
325.0,870,21778.6569
270.0,704,21834.199664
285.0,656,21888.541765
305.0,625,21941.868253
535.0,882,22016.999744
495.0,933,22093.367953
270.0,559,22137.668155
535.0,792,22210.255907
330.0,826,22276.504185
240.0,711,22332.176103
590.0,729,22395.740241
435.0,638,22449.527479
150.0,417,22482.660469
290.0,525,22526.083509
305.0,555,22570.125289
390.0,857,22644.456733
250.0,548,22688.417759
425.0,629,22741.974512
370.0,736,22806.940053
420.0,1049,22893.757201
590.0,701,22949.140525
445.0,632,23002.667072
500.0,652,23056.794742
550.0,854,23130.994688
415.0,818,23196.860233
445.0,754,23261.014515
370.0,853,23335.226838
395.0,810,23400.981357
660.0,788,23466.053419
695.0,777,23531.025119
500.0,928,23607.29763
345.0,602,23660.204659
315.0,670,23714.88458
545.0,738,23778.752515
390.0,765,23844.432536
425.0,973,23921.891913
665.0,864,23996.343826
255.0,613,24049.418578
595.0,829,24115.572587
575.0,1040,24202.200226
300.0,668,24256.75119
230.0,569,24308.642593
210.0,490,24351.130203
255.0,535,24394.696543
395.0,937,24471.209835
435.0,755,24535.476982
575.0,821,24601.505297
420.0,794,24666.940123
315.0,676,24729.11371
635.0,809,24794.790001
550.0,1095,24882.766877
340.0,767,24948.443424
295.0,694,25011.168324
195.0,426,25044.470148
275.0,728,25100.547565
325.0,704,25163.559593
620.0,689,25218.662502
745.0,921,25294.688983
315.0,559,25346.313715
325.0,883,25414.003611
560.0,593,25466.688423
245.0,580,25518.806508
230.0,545,25562.740728
110.0,395,25595.224605
610.0,1144,25692.097442
275.0,577,25736.776218
580.0,1011,25822.533343
550.0,695,25877.789086
610.0,1024,25963.987382
295.0,526,26008.558559
290.0,698,26071.287174
390.0,714,26127.012149
275.0,569,26178.973756
320.0,779,26243.825736
885.0,1145,26333.275271
245.0,606,26386.254447
430.0,871,26460.959483
450.0,831,26527.257764
235.0,802,26600.225499
315.0,637,26646.517586
445.0,801,26719.36263
190.0,484,26754.290372
655.0,817,26827.515481
550.0,698,26882.910477
380.0,699,26938.353482
340.0,787,27010.82973
215.0,538,27054.721724
380.0,752,27119.923996
345.0,821,27186.0533
235.0,492,27228.583047
230.0,709,27284.321978
495.0,1021,27370.450443
240.0,556,27414.744213
195.0,520,27458.013617
340.0,870,27532.798436
260.0,586,27585.287192
305.0,654,27639.549429
540.0,912,27715.308926
195.0,459,27749.544747
335.0,685,27804.621241
435.0,849,27878.766666
215.0,448,27920.032858
145.0,497,27955.35675
190.0,527,27998.830755
290.0,692,28061.46917
370.0,866,28128.557268
210.0,449,28171.053017
215.0,483,28213.267755
330.0,886,28281.06595
220.0,580,28333.285455
180.0,498,28375.997737
205.0,523,28419.217599
285.0,773,28483.978998
325.0,745,28540.577956
295.0,694,28603.208977
400.0,774,28668.090124
190.0,516,28711.153915
310.0,647,28765.360533
265.0,655,28819.690173
140.0,480,28861.854804
525.0,1021,28947.950598
560.0,892,29015.873957
325.0,644,29069.733034
360.0,817,29143.127781
600.0,1072,29230.697929
335.0,768,29296.425009
615.0,915,29372.203939
475.0,771,29436.988588
185.0,522,29480.242186
180.0,468,29522.094264
460.0,1076,29609.688364
240.0,634,29663.286124
500.0,1105,29751.645013
190.0,504,29794.411939
215.0,1063,29888.971233
435.0,909,29964.856052
215.0,532,30008.378098
265.0,609,30054.022308
605.0,875,30128.880545
600.0,1240,30235.58255
315.0,763,30299.98624
280.0,683,30356.226672
365.0,904,30431.803691
325.0,650,30485.844807
310.0,618,30539.107328
650.0,834,30605.401494
210.0,502,30648.241906
260.0,608,30701.169265
615.0,817,30767.113797
545.0,1080,30854.84637
320.0,706,30917.804081
580.0,646,30971.765265
695.0,975,31056.624759
805.0,1112,31145.295321
685.0,1276,31253.124305
600.0,855,31327.414387
255.0,591,31372.554467
320.0,828,31447.260998
245.0,581,31492.066314
565.0,840,31566.038888
295.0,783,31631.007876
320.0,651,31685.21417
555.0,1282,31793.120192
260.0,743,31849.708772
210.0,613,31902.847719
395.0,722,31966.330857
150.0,453,32000.373569
450.0,962,32084.96994
260.0,727,32141.125339
350.0,720,32204.524133
340.0,789,32269.661746
850.0,878,32344.651437
225.0,511,32387.650009
310.0,814,32453.475858
260.0,735,32518.462898
415.0,883,32586.088264
420.0,863,32660.628259
420.0,881,32735.604479
545.0,859,32810.142087
515.0,619,32855.917738
270.0,751,32920.160893
375.0,653,32974.397601
785.0,1573,33104.721083
330.0,819,33178.066582
245.0,565,33222.465245
460.0,738,33286.380774
260.0,735,33342.758925
500.0,692,33405.35945
155.0,487,33447.740575
495.0,776,33512.52408
180.0,660,33567.974043
260.0,747,33624.578267
180.0,613,33677.742133
510.0,707,33740.81157
300.0,819,33806.809171
210.0,493,33849.371941
195.0,536,33893.030056
365.0,904,33968.680629
345.0,623,34021.967992
335.0,873,34089.418815
500.0,943,34173.667782
315.0,609,34219.30979
395.0,965,34303.977356
385.0,600,34356.767581
345.0,774,34421.575631
410.0,813,34487.367358
160.0,460,34521.545891
535.0,1194,34626.990084
370.0,728,34684.602256
395.0,936,34768.327296
135.0,411,34801.332083
415.0,640,34855.16717
155.0,493,34897.746115
315.0,812,34963.491361
355.0,703,35018.761121
395.0,838,35092.689956
310.0,576,35137.364652
390.0,801,35202.912431
760.0,751,35267.264194
260.0,512,35310.199448
470.0,803,35375.735818
180.0,531,35419.252607
285.0,649,35473.173686
420.0,874,35547.994835
430.0,681,35602.961656
350.0,623,35656.277478
435.0,621,35709.78019
595.0,858,35785.336607
210.0,553,35829.417299
545.0,1163,35926.574138
240.0,495,35969.153603
210.0,695,36024.362036
465.0,829,36098.11129
275.0,801,36163.656789
335.0,807,36229.265339
285.0,675,36284.032023
385.0,868,36358.758585
545.0,915,36434.739527
520.0,696,36490.105632
390.0,864,36564.715594
305.0,727,36628.307429
360.0,674,36683.027753
365.0,583,36735.48846
210.0,602,36780.919778
440.0,988,36867.172034
420.0,795,36932.47855
305.0,728,36996.065356
400.0,780,37061.067364
165.0,474,37095.695438
210.0,617,37149.034004
490.0,819,37215.026888
240.0,687,37277.591743
700.0,878,37345.058566
560.0,861,37419.617893
375.0,637,37473.348747
210.0,518,37516.606879
545.0,1343,37626.166928
360.0,856,37700.464283
305.0,612,37753.773063
420.0,650,37807.870359
365.0,755,37872.044924
210.0,508,37916.102276
185.0,396,37948.618937
355.0,698,38004.077054
380.0,815,38069.894384
230.0,516,38113.046261
240.0,732,38176.837365
105.0,396,38209.316833
210.0,473,38251.25232
210.0,496,38286.410542
380.0,859,38360.841149
860.0,1539,38490.362157
305.0,822,38556.396935
240.0,572,38608.378127
315.0,756,38672.758239
440.0,761,38737.198621
215.0,503,38772.586113
595.0,1013,38858.503546
410.0,890,38933.789039
215.0,461,38976.869775
565.0,902,39052.371266
495.0,868,39119.598373
600.0,1198,39225.231165
440.0,835,39291.556361
445.0,1139,39388.283308
305.0,801,39453.734848
400.0,668,39508.326213
215.0,486,39550.705006
320.0,731,39614.319478
570.0,818,39680.185808
280.0,746,39744.181119
260.0,811,39809.944245
420.0,792,39875.246249
455.0,797,39940.671111
695.0,872,40015.39224
435.0,865,40091.029222
265.0,735,40154.888863
535.0,753,40211.678256
295.0,583,40264.041964
295.0,595,40309.172792
525.0,832,40382.799715
390.0,786,40447.817711
245.0,605,40500.664748
305.0,746,40557.165545
430.0,812,40630.322535
320.0,684,40685.213829
260.0,719,40748.470331
500.0,888,40816.332822
305.0,744,40880.203431
180.0,602,40932.9761
335.0,810,40998.771914
260.0,732,41062.411583
215.0,644,41116.301057
480.0,892,41192.76284
285.0,557,41236.904437
310.0,885,41312.068481
495.0,1112,41400.639869
315.0,690,41463.166722
240.0,735,41519.505019
675.0,914,41595.372079
340.0,757,41659.71852
600.0,953,41744.07423
560.0,1002,41822.272452
230.0,567,41874.113627
310.0,681,41929.067589
570.0,944,42005.778627
335.0,888,42080.996051
315.0,641,42134.907603
645.0,778,42199.771249
230.0,631,42254.395793
485.0,669,42308.93041
220.0,543,42352.701107
215.0,502,42395.468476
405.0,791,42460.581801
265.0,696,42523.329757
290.0,734,42579.678053
480.0,859,42654.034084
235.0,556,42698.134788
295.0,567,42750.073273
535.0,706,42805.621718
545.0,802,42871.097174
465.0,785,42936.049171
500.0,784,43008.406251
860.0,1295,43116.548296
510.0,602,43161.889138
285.0,534,43205.424679
425.0,960,43289.825707
285.0,597,43336.313076
230.0,576,43388.356392
290.0,674,43443.140423
410.0,760,43507.622666
390.0,776,43572.481817
195.0,508,43615.361509
705.0,1210,43713.875476
320.0,734,43777.687309
395.0,723,43833.642939
265.0,731,43897.333866
260.0,612,43950.413051
500.0,911,44026.323377
270.0,756,44090.64453
305.0,822,44156.644416
265.0,803,44222.168726
480.0,687,44284.657431
255.0,608,44330.312148
905.0,1384,44449.369103
345.0,659,44503.620684
250.0,644,44557.548862
455.0,775,44622.483652
345.0,857,44696.911159
290.0,695,44752.103286
855.0,1129,44848.463183
280.0,549,44892.482219
550.0,708,44955.542789
270.0,604,45001.065198
215.0,586,45053.399939
485.0,843,45120.12058
245.0,548,45164.01507
190.0,492,45206.467219
360.0,623,45260.020304
765.0,1521,45389.028963
295.0,669,45443.609747
550.0,997,45530.253345
375.0,926,45606.553864
345.0,917,45682.620607
400.0,769,45747.320001
450.0,843,45821.217807
365.0,787,45886.241575
315.0,598,45931.700467
225.0,612,45984.757548
145.0,392,46017.138004
330.0,807,46082.692507
320.0,742,46146.63453
135.0,406,46179.433502
325.0,808,46245.075709
285.0,608,46298.005671
55.0,371,46329.844556
330.0,700,46385.201633
210.0,471,46427.138632
480.0,1216,46525.768011
425.0,1063,46621.345759
530.0,1040,46707.922618
480.0,1106,46796.202875
270.0,555,46840.277777
570.0,900,46915.800105
260.0,839,46989.661789
420.0,781,47054.508894
155.0,482,47096.71307
395.0,793,47161.951359
360.0,863,47229.106391
305.0,672,47291.142733
360.0,803,47356.739855
600.0,1154,47453.645894
90.0,474,47488.25166
320.0,777,47553.057556
525.0,1037,47648.415357
225.0,619,47694.335154
155.0,425,47735.099452
225.0,628,47781.125899
130.0,402,47813.788013
355.0,882,47888.840768
310.0,772,47953.615273
155.0,449,47995.018259
115.0,394,48027.447215
265.0,641,48081.190524
240.0,592,48126.322217
420.0,649,48180.473359
110.0,423,48221.222202
130.0,423,48254.555869
140.0,548,48298.542978
155.0,445,48332.476637
120.0,405,48365.282866
170.0,621,48418.734958
295.0,642,48472.636413
195.0,606,48525.691107
200.0,637,48579.609512
215.0,557,48623.934241
105.0,315,48646.977667
265.0,620,48700.337733
230.0,568,48753.445727
110.0,397,48786.007061
210.0,557,48830.361086
520.0,896,48906.009027
135.0,440,48939.785964
130.0,418,48972.937515
330.0,1038,49066.973393
205.0,616,49112.831851
200.0,574,49165.024793
470.0,600,49210.487175
340.0,769,49275.268126
110.0,504,49318.128112
170.0,487,49360.540496
120.0,395,49393.149254
330.0,689,49448.313846
115.0,401,49481.00758
185.0,445,49522.275973
125.0,436,49555.896137
390.0,886,49631.233547
250.0,534,49674.901271
155.0,434,49708.52196
200.0,592,49761.178479
200.0,609,49815.398367
475.0,681,49870.353688
285.0,738,49934.244926
240.0,629,49980.466487
135.0,426,50021.293871
590.0,908,50097.193605
160.0,449,50131.18108
180.0,483,50173.470844
120.0,477,50215.584058
420.0,938,50292.235544
190.0,562,50336.637394
110.0,397,50369.289567
140.0,591,50421.862803
215.0,583,50466.950578
600.0,1331,50583.658359
105.0,387,50615.967831
105.0,379,50640.761209
240.0,557,50692.378468
150.0,475,50727.094002
135.0,425,50767.836838
165.0,519,50811.067274
140.0,454,50845.26878
155.0,473,50888.451299
215.0,589,50933.606463
115.0,389,50966.05248
220.0,562,51017.822274
370.0,766,51082.449176
110.0,386,51107.377419
125.0,446,51148.733253
175.0,474,51190.764209
200.0,590,51235.919924
135.0,529,51279.364855
135.0,436,51320.456293
120.0,480,51355.353027
150.0,477,51397.401212
105.0,313,51420.407148
145.0,398,51453.023611
105.0,311,51483.383243
140.0,463,51517.770588
110.0,316,51548.254248
140.0,477,51583.036436
265.0,529,51626.582406
110.0,393,51659.026092
125.0,424,51699.785155
160.0,509,51742.777584
200.0,597,51788.108792
155.0,457,51829.773813
200.0,561,51874.111633
550.0,852,51948.479055
225.0,575,51994.319279
105.0,313,52017.276074
345.0,829,52090.99617
430.0,1050,52178.070373
390.0,896,52253.694384
110.0,503,52296.551815
190.0,483,52331.467349
340.0,847,52405.865376
200.0,496,52448.543995
125.0,468,52483.091389
180.0,550,52534.545649
120.0,414,52567.559464
105.0,403,52600.38405
170.0,439,52634.070412
335.0,624,52687.548436
155.0,422,52720.820767
490.0,717,52784.344885
120.0,352,52815.735609
390.0,941,52892.50022
265.0,586,52937.502135
120.0,422,52978.220494
110.0,408,53011.068697
285.0,639,53066.161231
105.0,395,53098.706398
145.0,466,53133.087986
210.0,488,53175.547327
115.0,384,53207.758795
105.0,320,53230.936692
225.0,685,53293.430325
640.0,844,53360.168448
130.0,340,53391.214195
375.0,796,53456.640784
395.0,915,53532.502613
255.0,562,53576.897515
785.0,1191,53682.187336
195.0,588,53727.186867
600.0,930,53803.496624
350.0,869,53878.116874
335.0,878,53953.162233
225.0,539,53996.897787
240.0,579,54041.700191
235.0,618,54094.973279
120.0,404,54129.140373
120.0,423,54169.746921
275.0,536,54213.482097
590.0,1153,54310.540405
260.0,596,54355.661875
375.0,947,54439.776531
245.0,647,54493.720525
290.0,613,54539.413697
265.0,597,54592.089639
120.0,368,54623.867975
300.0,571,54668.443842
445.0,1026,54754.652377
270.0,616,54807.783915
415.0,808,54873.411657
550.0,1069,54960.87138
285.0,643,55014.736752
75.0,294,55044.632014
415.0,852,55111.381277
320.0,641,55165.237991
315.0,798,55231.762902
305.0,563,55283.517259
190.0,507,55319.02453
655.0,885,55394.084385
495.0,858,55468.324779
370.0,827,55534.510235
315.0,605,55587.369493
290.0,685,55642.364836
350.0,785,55707.4556
120.0,396,55739.951673
620.0,1046,55834.203089
270.0,858,55901.332336
490.0,1130,55997.799688
320.0,590,56050.35881
115.0,360,56074.554041
235.0,592,56127.130957
440.0,949,56204.00317
125.0,504,56246.821572
240.0,624,56301.476453
625.0,867,56376.154217
725.0,1088,56464.142402
345.0,771,56528.865199
245.0,519,56572.111055
195.0,461,56606.446083
275.0,529,56657.31561
295.0,681,56712.227054
180.0,550,56756.182392
105.0,340,56787.278158
405.0,754,56844.116942
405.0,860,56918.522161
385.0,812,56984.35733
315.0,578,57036.46333
220.0,588,57081.455181
155.0,386,57113.742789
400.0,843,57187.71489
125.0,419,57220.920875
305.0,582,57273.235954
700.0,803,57338.718233
305.0,676,57394.539451
255.0,542,57438.308659
320.0,541,57482.282068
320.0,629,57535.83955
305.0,590,57588.405559
120.0,390,57620.766498
320.0,766,57685.356429
205.0,625,57738.654695
225.0,643,57785.144437
515.0,945,57869.253646
235.0,591,57914.400822
360.0,778,57979.41675
335.0,731,58043.049083
200.0,429,58076.388015
295.0,706,58139.246313
385.0,780,58204.142056
300.0,599,58249.426716
445.0,815,58322.673851
425.0,913,58398.456989
540.0,1031,58486.078546
645.0,1147,58582.859447
545.0,1054,58669.635004
570.0,649,58723.650961
685.0,1050,58810.63126
325.0,761,58874.976746
305.0,675,58929.593083
145.0,393,58962.005825
415.0,1080,59049.624228
470.0,890,59124.801905
370.0,863,59199.286249
425.0,795,59264.602825
340.0,624,59317.944551
430.0,893,59393.214087
300.0,590,59438.33847
500.0,941,59522.390052
410.0,868,59590.875985
315.0,593,59643.401316
215.0,490,59685.878723
290.0,643,59739.782121
260.0,762,59804.20266
310.0,664,59858.633758
225.0,684,59913.484087
110.0,388,59945.72468
430.0,776,60010.59274
150.0,419,60043.732257
355.0,652,60097.904099
355.0,800,60170.63664
265.0,704,60226.087207
610.0,875,60300.897424
525.0,850,60367.553848
315.0,595,60420.223
220.0,498,60462.862565
485.0,1152,60559.883041
105.0,353,60583.938982
905.0,1195,60690.822293
465.0,820,60756.759918
240.0,633,60810.393812
415.0,778,60875.212989
270.0,636,60928.841523
395.0,637,60982.54736
280.0,625,61035.921803
385.0,767,61093.055151
160.0,496,61135.692601
340.0,732,61199.47744
230.0,530,61242.928367
280.0,743,61306.929918
255.0,762,61371.358508
345.0,617,61417.143807
225.0,559,61468.796818
115.0,382,61501.01256
200.0,671,61555.545434
550.0,1089,61643.404339
310.0,619,61697.947742
175.0,504,61740.688544
390.0,1016,61826.560543
290.0,542,61870.307116
270.0,578,61914.989942
335.0,691,61977.460289
390.0,856,62044.458888
110.0,344,62075.576928
500.0,960,62152.648643
400.0,804,62225.559678
150.0,484,62260.226038
705.0,1138,62356.892603
355.0,787,62421.960538
325.0,608,62474.936588
290.0,586,62519.94444
260.0,571,62571.974974
195.0,462,62606.270654
265.0,655,62660.575828
105.0,350,62691.936435
285.0,629,62745.590415
585.0,1233,62853.471684
105.0,350,62877.438902
105.0,363,62909.113853
335.0,612,62962.319117
105.0,342,62985.98365
320.0,599,63038.770662
610.0,777,63103.561521
445.0,878,63178.572296
225.0,482,63213.440514
255.0,568,63265.299251
325.0,621,63318.595638
640.0,1018,63404.631926
170.0,509,63440.133215
285.0,748,63504.220214
315.0,750,63568.374325
125.0,373,63600.293877
120.0,465,63634.772471
415.0,823,63708.20565
530.0,997,63793.89918
110.0,356,63817.955763
120.0,370,63849.898328
580.0,706,63913.989431
235.0,554,63958.173255
265.0,622,64011.4665
465.0,1008,64089.8873
110.0,374,64121.871551
255.0,589,64174.385938
215.0,514,64217.590025
145.0,413,64250.630007
120.0,403,64283.371666
215.0,622,64336.839693
405.0,917,64412.724152
425.0,823,64478.690982
525.0,934,64562.404059
275.0,615,64608.123945
120.0,379,64640.160269
215.0,456,64681.643653
120.0,371,64713.507603
365.0,733,64769.961798
125.0,406,64802.799467
330.0,614,64856.102655
725.0,867,64930.812695
370.0,914,65007.882813
320.0,590,65052.954779
120.0,374,65084.900547
395.0,688,65147.34216
120.0,371,65171.784659
135.0,370,65203.638781
455.0,978,65288.581737
640.0,1014,65374.747337
345.0,793,65439.952319
800.0,820,65505.87947
240.0,561,65550.185171
130.0,407,65590.351346
240.0,638,65636.673527
565.0,921,65720.069819
240.0,490,65755.149536
505.0,1034,65841.558765
495.0,884,65916.5741
525.0,965,66001.254683
585.0,805,66067.864337
570.0,690,66122.990178
305.0,608,66175.913018
110.0,400,66208.648189
310.0,779,66273.511891
350.0,733,66337.093777
460.0,880,66412.045549
315.0,737,66468.359455
245.0,645,66522.165824
310.0,641,66575.879179
805.0,1220,66681.866994
720.0,1228,66780.839601
240.0,641,66834.754201
370.0,885,66909.753432
345.0,693,66964.85135
465.0,765,67029.403155
435.0,666,67083.956547
290.0,718,67148.358248
395.0,799,67213.719122
580.0,901,67289.162115
310.0,690,67344.228961
290.0,638,67397.874896
370.0,690,67460.407364
390.0,999,67538.520836
350.0,679,67600.775511
285.0,753,67657.639021
115.0,391,67690.049941
610.0,872,67764.826041
370.0,689,67827.289419
390.0,683,67882.070403
345.0,635,67935.736981
340.0,688,67990.809796
240.0,683,68045.726948
260.0,757,68110.054999
225.0,485,68152.369624
295.0,736,68217.215819
465.0,959,68294.222176
495.0,930,68370.565449
290.0,642,68424.434835
255.0,684,68479.45923
780.0,952,68563.802163
495.0,1074,68651.280993
300.0,660,68705.643912
235.0,726,68769.041429
330.0,680,68823.881435
425.0,796,68889.267649
635.0,1063,68976.408476
490.0,623,69029.67221
355.0,730,69093.218488
105.0,402,69125.809226
400.0,795,69191.065602
445.0,902,69267.708205
305.0,679,69322.419741
320.0,654,69376.62139
340.0,689,69439.072627
325.0,666,69493.42138
495.0,730,69556.937866
390.0,783,69621.910647
230.0,514,69664.921194
605.0,1230,69763.889502
355.0,770,69828.401824
670.0,655,69882.596869
255.0,572,69934.593978
800.0,967,70011.786933
290.0,759,70076.157681
375.0,846,70142.78722
200.0,488,70185.106631
275.0,563,70236.820023
390.0,837,70303.167341
390.0,894,70379.788044
585.0,872,70454.383518
635.0,780,70519.232554
370.0,776,70584.03063
395.0,693,70639.203234
590.0,745,70703.096067
560.0,724,70759.196623
530.0,1206,70864.950942
385.0,729,70921.047151
420.0,768,70985.609601
560.0,856,71059.872567
325.0,745,71123.819639
920.0,1185,71221.559798
515.0,990,71306.855381
340.0,671,71361.371976
610.0,643,71415.294355
455.0,817,71482.371942
410.0,739,71546.218229
650.0,830,71612.389796
525.0,727,71675.934271
370.0,666,71730.361361
565.0,685,71785.250845
620.0,778,71850.16031
480.0,870,71924.768719
300.0,709,71987.883985
665.0,895,72055.74109
600.0,950,72139.805407
315.0,744,72203.7163
175.0,472,72238.156365
245.0,592,72290.694803
340.0,680,72345.453433
305.0,655,72399.562114
105.0,361,72431.040837
315.0,734,72487.228598
465.0,852,72562.440098
345.0,670,72616.961447
275.0,776,72681.839597
490.0,811,72754.962475
365.0,702,72810.455579
260.0,657,72864.69834
380.0,756,72928.932377
340.0,633,72982.482309
390.0,775,73047.203944
415.0,756,73111.450916
335.0,719,73167.331399
245.0,558,73211.629138
420.0,864,73286.156872
470.0,998,73371.548452
660.0,831,73437.745034
330.0,725,73501.184581
315.0,837,73567.68889
655.0,887,73644.074597
315.0,694,73706.609401
555.0,911,73782.324245
130.0,539,73826.02298
320.0,670,73880.5043
340.0,748,73944.424488
230.0,593,73989.632252
385.0,633,74043.196044
405.0,749,74107.338101
375.0,944,74183.897852
455.0,917,74259.815071
470.0,864,74334.256665
330.0,731,74397.750613
280.0,720,74453.607929
400.0,635,74507.152486
280.0,580,74559.345439
560.0,702,74614.736402
340.0,715,74678.915434
120.0,480,74713.633771
325.0,674,74775.790568
335.0,628,74821.838992
415.0,627,74875.166256
210.0,573,74927.124085
600.0,1287,75034.922102
380.0,1008,75113.143415
235.0,535,75164.106802
280.0,587,75209.012372
500.0,1033,75295.344841
515.0,919,75371.200856
345.0,591,75423.64217
415.0,773,75488.360507
235.0,691,75543.595468
550.0,983,75628.607584
275.0,619,75681.768916
605.0,893,75750.764641
565.0,867,75825.401451
360.0,764,75889.820319
540.0,714,75952.97742
305.0,648,76006.959862
335.0,703,76062.330062
315.0,613,76115.376657
335.0,742,76171.949339
435.0,933,76255.526993
390.0,839,76321.960547
305.0,637,76375.792488
495.0,640,76429.575187
165.0,497,76472.156916
590.0,834,76538.33177
575.0,1067,76632.881667
330.0,723,76688.643231
235.0,621,76741.975789
300.0,676,76796.617769
225.0,517,76840.887542
470.0,998,76926.312403
215.0,450,76960.327752
310.0,703,77023.122994
640.0,761,77087.545124
600.0,1072,77174.906126
430.0,765,77239.350255
235.0,552,77283.367576
265.0,642,77337.093757
230.0,583,77389.491067
340.0,711,77445.043658
425.0,830,77518.603574
280.0,544,77562.462921
395.0,791,77627.554875
455.0,597,77680.349924
430.0,808,77746.066031
420.0,892,77821.217271
350.0,801,77886.698211
575.0,1085,77975.338117
460.0,746,78039.392543
515.0,683,78094.269611
310.0,685,78156.719317
395.0,786,78221.689274
330.0,789,78286.784738
260.0,689,78341.786272
335.0,632,78395.424512
555.0,1090,78483.227395
305.0,630,78536.836192
500.0,682,78599.105989
325.0,685,78653.922775
480.0,944,78730.477243
515.0,685,78792.850082
605.0,639,78839.162577
490.0,1118,78935.150761
370.0,819,79002.199834
725.0,644,79056.13694
545.0,680,79118.239318
345.0,803,79183.759801
505.0,793,79248.960792
345.0,629,79302.414649
315.0,725,79365.855595
220.0,534,79409.293634
500.0,763,79473.646461
510.0,1014,79551.944924
335.0,782,79616.846444
515.0,685,79679.195311
315.0,694,79734.379827
565.0,855,79808.672656
450.0,970,79885.799019
410.0,960,79970.16316
175.0,471,80004.676898
470.0,966,80090.506618
230.0,512,80133.433408
205.0,527,80176.696173
270.0,569,80221.202662
600.0,1234,80327.665014
455.0,849,80394.481187
185.0,430,80435.214762
360.0,696,80490.526452
255.0,617,80543.688396
280.0,643,80597.487878
605.0,791,80662.592197
815.0,860,80729.586362
255.0,659,80791.252594
555.0,1512,80912.453249
225.0,460,80953.985837
365.0,818,81019.839724
770.0,878,81094.72735
290.0,520,81137.902256
545.0,906,81214.675481
455.0,752,81278.907328
315.0,580,81323.675691
555.0,697,81386.394185
470.0,941,81462.888289
555.0,712,81518.578242
210.0,661,81580.350286
655.0,981,81657.779169
345.0,604,81710.619072
615.0,927,81786.678433
290.0,885,81861.68501
375.0,683,81916.521171
665.0,1144,82013.163197
225.0,585,82065.413265
570.0,1276,82165.493314
405.0,915,82249.836032
425.0,845,82316.348738
265.0,696,82371.580367
290.0,634,82425.16992
315.0,678,82487.287774
695.0,1040,82573.880615
385.0,869,82641.002538
265.0,676,82703.114209
190.0,693,82758.457867
310.0,706,82814.005556
515.0,810,82886.932955
290.0,737,82943.273931
495.0,982,83028.301527
670.0,966,83105.57505
325.0,626,83158.883739
220.0,489,83201.24783
510.0,578,83245.991235
835.0,1019,83333.065435
435.0,917,83408.828725
390.0,826,83482.326308
555.0,768,83546.839462
310.0,685,83601.822419
235.0,615,83654.990649
405.0,793,83720.240973
670.0,951,83797.024405
200.0,514,83839.997916
425.0,983,83925.039692
325.0,784,83990.147202
290.0,642,84044.005359
645.0,872,84118.672712
260.0,805,84184.061473
825.0,835,84250.3859
400.0,747,84314.394373
335.0,716,84377.551116
340.0,722,84434.673393
215.0,519,84477.798335
115.0,468,84519.611651
310.0,816,84585.415199
675.0,985,84670.427956
660.0,1109,84758.802084
445.0,776,84823.56984
55.0,309,84853.67256
265.0,579,84898.387117
390.0,746,84962.350832
110.0,353,84993.692112
285.0,587,85038.610899
260.0,611,85091.643158
500.0,727,85155.114817
320.0,724,85211.059381
300.0,773,85275.691943
265.0,625,85329.046018
190.0,507,85371.836226
295.0,639,85425.572035
385.0,713,85482.436021
540.0,1172,85579.846684
340.0,809,85652.952567
300.0,695,85708.11764
215.0,614,85761.278901
235.0,609,85806.860567
400.0,1003,85892.435485
285.0,782,85957.253556
195.0,504,85999.923043
330.0,751,86063.995422
345.0,743,86127.811588
520.0,1108,86216.065399
530.0,847,86290.078655
190.0,466,86324.412525
285.0,640,86378.170763
230.0,578,86430.287316
255.0,707,86485.755747
385.0,846,86560.929189
390.0,909,86636.591882
365.0,803,86702.08433
265.0,605,86754.887642
745.0,1048,86841.686208
585.0,769,86906.287208
580.0,716,86962.077879
385.0,852,87036.181645
690.0,1086,87123.95198
345.0,883,87199.00419
195.0,492,87241.495477
185.0,494,87283.994712
305.0,683,87338.951271
240.0,611,87391.907246
310.0,642,87445.656612
465.0,851,87512.440978
500.0,681,87567.260578
780.0,1087,87663.523836
345.0,746,87727.421749
335.0,716,87783.263687
195.0,699,87846.004143
380.0,767,87910.448674
395.0,755,87967.236776
320.0,607,88020.264912
540.0,721,88083.611397
275.0,624,88129.530171
240.0,503,88172.4067
320.0,571,88224.299868
310.0,623,88277.594207
325.0,704,88333.004615
230.0,517,88376.087084
270.0,521,88419.227622
315.0,604,88472.111684
295.0,711,88527.779638
160.0,460,88569.404373
335.0,790,88634.540839
265.0,604,88679.965375
295.0,754,88745.307866
255.0,681,88807.467931
335.0,613,88853.128816
160.0,460,88894.720391
515.0,764,88959.119843
340.0,833,89025.330793
260.0,509,89068.157831
540.0,681,89123.090112
550.0,813,89196.356181
550.0,819,89262.254391
190.0,469,89304.13642
400.0,831,89370.397368
325.0,777,89435.078238
375.0,792,89500.241029
385.0,856,89574.564108
125.0,434,89608.094088
600.0,998,89693.574668
335.0,674,89748.198722
310.0,620,89802.684145
720.0,825,89868.592513
315.0,699,89931.374899
370.0,984,90009.010841
290.0,682,90063.851174
360.0,897,90139.22066
380.0,829,90212.774096
305.0,645,90266.753094
425.0,971,90344.070006
285.0,584,90396.329851
265.0,699,90451.634614
535.0,734,90515.311828
985.0,1222,90614.245065
290.0,676,90676.33417
330.0,718,90732.231143
135.0,456,90773.699706
385.0,651,90827.803004
495.0,893,90904.269765
730.0,1040,90990.73526
330.0,606,91036.229872
350.0,1006,91121.847695
225.0,637,91175.500344
545.0,1042,91262.041735
565.0,733,91325.698677
300.0,674,91380.364731
290.0,660,91434.583394
370.0,704,91489.996704
340.0,640,91543.740544
270.0,710,91606.759462
585.0,761,91671.15603
635.0,596,91716.460132
310.0,794,91789.230202
315.0,873,91856.476388
305.0,648,91910.504391
425.0,826,91984.938914
570.0,1145,92081.573589
245.0,629,92127.637717
535.0,686,92190.054358
620.0,709,92245.636243
350.0,735,92309.276454
305.0,804,92374.810798
535.0,896,92450.140201
600.0,765,92514.659569
260.0,620,92567.943419
345.0,725,92623.914054
365.0,618,92677.203445
235.0,505,92720.023247
290.0,604,92772.811894
575.0,1261,92872.512838
545.0,881,92947.480453
255.0,505,92990.275781
280.0,648,93045.510546
170.0,482,93087.534671
635.0,929,93163.772166
495.0,751,93227.7919
315.0,665,93282.243459
580.0,741,93346.252237
315.0,569,93390.715051
465.0,805,93456.264069
265.0,606,93509.14525
380.0,863,93583.500151
435.0,710,93639.181795
335.0,551,93683.230528
365.0,736,93746.969939
500.0,938,93823.402439
200.0,546,93874.628817
130.0,469,93909.169963
915.0,1178,94006.671104
215.0,488,94049.030643
320.0,719,94113.46572
600.0,1016,94199.28454
315.0,700,94254.660585
375.0,745,94318.555051
335.0,722,94374.550807
320.0,679,94436.774598
265.0,546,94480.601661
350.0,795,94545.955805
315.0,598,94598.554999
285.0,560,94642.836747
265.0,606,94695.803224
325.0,538,94739.464509
570.0,836,94805.910691
270.0,713,94868.851519
335.0,865,94935.988342
500.0,1048,95022.856949
365.0,736,95086.646563
205.0,474,95128.556411
485.0,982,95207.262454
325.0,760,95271.497395
490.0,813,95344.619585
570.0,983,95422.114729
510.0,670,95476.808587
295.0,771,95541.355758
440.0,908,95616.938025
740.0,1015,95702.774273
410.0,671,95757.335047
595.0,758,95821.569587
370.0,863,95896.004647
750.0,1196,95994.233117
535.0,803,96067.189898
460.0,920,96143.217399
285.0,586,96188.148468
245.0,709,96251.232324
390.0,757,96309.25584
600.0,853,96383.438385
305.0,737,96447.226216
310.0,687,96502.224717
480.0,1024,96588.36884
200.0,538,96632.106423
445.0,978,96717.137444
535.0,795,96782.341714
260.0,500,96825.07695
695.0,1112,96913.48471
370.0,674,96975.620979
240.0,620,97021.494624
300.0,778,97086.313919
495.0,793,97158.911579
245.0,606,97204.464883
415.0,954,97288.784444
395.0,797,97355.102225
350.0,772,97419.806168
320.0,630,97473.291499
420.0,919,97549.283685
275.0,658,97603.548987
390.0,679,97658.281911
230.0,510,97701.161803
260.0,563,97745.462517
330.0,510,97788.341913
275.0,705,97851.213322
395.0,835,97917.566279
515.0,935,97993.972989
460.0,887,98069.010189
415.0,897,98144.365247
425.0,653,98198.443796
275.0,634,98252.118962
345.0,737,98315.883121
315.0,752,98380.192879
390.0,711,98437.115656
465.0,764,98501.591578
355.0,901,98577.122563
155.0,466,98618.914149
540.0,984,98696.60858
390.0,701,98759.450124
200.0,568,98803.965845
200.0,538,98847.662042
255.0,607,98900.515286
520.0,1057,98987.692189
225.0,557,99031.866197
205.0,508,99074.669332
255.0,621,99128.026789
315.0,845,99202.009549
315.0,734,99258.263328
285.0,554,99309.786095
315.0,574,99354.434202
245.0,628,99407.920605
535.0,750,99471.994505
430.0,865,99540.285637
390.0,758,99604.606414
295.0,723,99668.020251
510.0,594,99713.287429
610.0,1187,99818.605728
250.0,554,99862.715549
240.0,557,99906.891575
595.0,761,99971.371252
260.0,538,100015.016326
455.0,679,100069.765229
385.0,949,100153.871458
570.0,922,100229.899508
435.0,1066,100317.039636
255.0,576,100369.115587
305.0,729,100425.315744
610.0,722,100488.723156
335.0,726,100544.746287
260.0,652,100600.121671
685.0,1086,100695.201587
475.0,882,100770.172786
805.0,1124,100859.002829
410.0,948,100943.124465
285.0,668,100997.597433
300.0,698,101052.88014
385.0,946,101136.930908
380.0,841,101203.386018
295.0,597,101256.063937
375.0,777,101320.865664
325.0,767,101385.611769
345.0,782,101450.543353
250.0,727,101506.559166
605.0,961,101591.018149
265.0,673,101645.665492
360.0,709,101702.421138
100.0,401,101742.40936
210.0,485,101777.235612
215.0,623,101830.580836
350.0,836,101904.28715
400.0,733,101960.619272
325.0,684,102015.533224
455.0,1058,102109.956808
295.0,695,102165.195247
500.0,906,102240.834967
455.0,810,102306.453308
360.0,786,102371.475471
315.0,768,102436.094778
210.0,662,102490.365149
325.0,719,102553.756381
375.0,839,102620.213784
295.0,629,102673.719842
260.0,519,102716.940058
335.0,789,102783.061001
265.0,709,102846.063491
470.0,885,102921.132947
215.0,515,102964.156494
290.0,651,103018.262103
340.0,1006,103103.988811
275.0,650,103158.159883
305.0,706,103213.763177
755.0,1237,103320.28162
175.0,468,103354.733641
595.0,917,103430.776668
285.0,605,103483.618953
350.0,720,103546.962182
275.0,726,103603.086589
580.0,642,103657.119705
270.0,696,103719.734747
515.0,889,103787.564184
490.0,587,103841.019634
155.0,466,103882.766561
295.0,741,103939.237814
550.0,1174,104036.777981
420.0,883,104111.737957
300.0,649,104165.820793
105.0,358,104197.257215
360.0,734,104260.768314
480.0,583,104305.641552
240.0,500,104348.287045
330.0,736,104412.063164
240.0,574,104456.639891
705.0,968,104541.306172
340.0,882,104608.941538
365.0,935,104692.71407
245.0,568,104737.201701
110.0,381,104769.35285
165.0,500,104811.936168
235.0,598,104857.257831
280.0,556,104908.850096
600.0,984,104987.60623
230.0,501,105030.295197
230.0,599,105083.033865
725.0,973,105160.24891
485.0,974,105245.142102
490.0,1001,105330.688255
420.0,790,105395.807524
365.0,681,105450.759142
460.0,970,105535.392998
490.0,593,105580.543969
