#{"t_start": 1680424587.4342022, "env_id": "PooyanNoFrameskip-v4"}
r,l,t
270.0,598,58.546321
745.0,691,116.959225
775.0,650,174.515241
385.0,369,208.381961
1870.0,1062,308.840461
100.0,460,345.448845
520.0,421,380.841758
1615.0,1097,482.695145
815.0,548,529.730613
1405.0,665,587.822112
1665.0,990,678.699871
1585.0,900,759.155303
1365.0,939,840.84106
740.0,633,897.913593
935.0,663,955.643492
50.0,307,979.853477
1685.0,1082,1081.186761
965.0,627,1138.023553
355.0,481,1176.477547
890.0,564,1231.380028
500.0,535,1277.980102
1525.0,1093,1371.800303
915.0,776,1441.033049
390.0,563,1496.057775
1560.0,740,1556.428341
675.0,593,1612.473564
890.0,715,1672.311481
390.0,406,1707.243129
675.0,549,1761.856368
1185.0,1026,1853.492441
1040.0,766,1922.247683
310.0,443,1958.161244
385.0,411,1993.210784
925.0,632,2050.334768
1255.0,968,2140.031329
1240.0,809,2209.731865
435.0,770,2278.091228
1765.0,1068,2372.38283
555.0,534,2418.599699
745.0,655,2475.788991
825.0,609,2531.915952
245.0,412,2566.903462
1190.0,808,2636.260913
645.0,677,2702.218432
1250.0,660,2759.892341
65.0,410,2795.033165
760.0,534,2841.134828
275.0,572,2888.493052
215.0,597,2944.486952
740.0,790,3014.062568
970.0,588,3062.54946
1080.0,1046,3163.459428
980.0,676,3222.073494
870.0,833,3293.025687
1130.0,733,3360.876619
1615.0,955,3442.774697
940.0,772,3513.421606
685.0,678,3580.002408
135.0,435,3616.137044
445.0,661,3674.15875
570.0,761,3742.906104
310.0,698,3802.049593
170.0,507,3847.882602
840.0,1080,3949.162667
285.0,824,4019.863551
1250.0,732,4087.691867
360.0,798,4157.562583
580.0,630,4214.819776
490.0,696,4274.096116
115.0,435,4310.031885
1140.0,902,4391.283181
325.0,390,4425.819785
75.0,404,4461.023886
80.0,359,4494.743981
485.0,834,4573.725575
520.0,642,4632.632458
295.0,476,4669.577178
1025.0,679,4727.960956
475.0,484,4773.356357
455.0,822,4843.635716
295.0,389,4878.323417
60.0,337,4911.224403
275.0,405,4946.28099
265.0,523,4992.343012
650.0,701,5059.226397
1595.0,706,5118.426877
325.0,538,5164.631764
235.0,421,5200.066301
485.0,556,5254.747141
900.0,837,5325.794127
1325.0,1039,5418.333325
75.0,447,5462.007441
375.0,450,5498.442615
555.0,675,5556.592171
590.0,658,5614.31538
945.0,746,5682.785533
215.0,589,5738.635489
430.0,655,5798.048138
140.0,427,5833.560635
685.0,775,5902.724879
520.0,506,5948.593306
1085.0,947,6030.518103
65.0,421,6066.231521
350.0,535,6120.61832
325.0,519,6167.031868
170.0,564,6214.347509
95.0,420,6249.952271
885.0,880,6330.289197
605.0,620,6387.257695
970.0,1100,6481.502194
145.0,457,6525.73345
540.0,719,6585.171781
365.0,584,6641.003924
1065.0,997,6731.958067
630.0,643,6781.584525
585.0,711,6848.78564
675.0,581,6896.898405
200.0,508,6946.80249
610.0,775,7015.672781
1045.0,593,7071.326501
805.0,629,7128.620453
540.0,714,7187.771203
220.0,532,7234.350007
830.0,653,7291.966834
595.0,780,7361.17185
570.0,587,7417.016553
385.0,572,7464.63569
735.0,911,7545.914433
545.0,778,7614.853907
605.0,662,7680.750599
285.0,555,7727.961552
1170.0,663,7786.30424
455.0,480,7831.502703
755.0,604,7880.104299
900.0,800,7949.929793
610.0,447,7993.738756
990.0,1038,8085.936401
600.0,696,8146.035812
930.0,717,8212.683677
720.0,627,8269.508436
965.0,690,8328.062364
710.0,621,8384.468751
375.0,699,8443.380785
660.0,972,8533.338783
645.0,918,8613.978216
490.0,673,8672.21856
370.0,830,8742.865799
420.0,699,8809.639626
805.0,699,8868.795552
565.0,459,8912.938132
500.0,633,8970.218254
735.0,902,9051.51387
180.0,513,9097.341686
230.0,502,9135.101222
175.0,488,9180.688529
555.0,466,9225.086276
915.0,969,9309.713156
1530.0,1086,9411.233165
1020.0,980,9494.743599
465.0,627,9551.930094
835.0,702,9618.998055
520.0,518,9665.007412
190.0,576,9712.44973
565.0,671,9770.768061
240.0,679,9829.153092
1035.0,899,9909.777318
515.0,525,9955.880809
430.0,607,10012.29553
470.0,640,10069.724858
480.0,588,10125.702968
400.0,406,10160.789997
495.0,436,10196.589429
675.0,628,10253.66518
320.0,584,10301.716494
575.0,591,10357.736449
205.0,489,10404.144426
475.0,479,10441.108817
545.0,553,10496.211085
200.0,501,10534.268027
730.0,770,10603.310346
985.0,1024,10695.196128
645.0,684,10761.601005
660.0,712,10820.935795
915.0,763,10889.674171
1285.0,883,10969.979577
1345.0,977,11052.45374
1300.0,842,11131.083736
895.0,634,11188.308271
460.0,591,11236.219343
855.0,550,11291.120554
960.0,647,11348.612173
730.0,955,11430.435251
640.0,557,11477.374531
910.0,629,11534.253794
285.0,610,11592.266338
650.0,457,11628.775782
1125.0,908,11709.258693
120.0,569,11764.782624
1025.0,693,11823.335396
530.0,517,11869.285848
410.0,771,11938.351681
455.0,599,11994.445107
1225.0,641,12051.754826
235.0,434,12087.563433
805.0,700,12146.338649
940.0,657,12204.341357
440.0,432,12247.830801
490.0,550,12294.677943
630.0,505,12340.567039
475.0,621,12397.727628
830.0,662,12455.79287
780.0,938,12537.771446
605.0,570,12585.596705
1395.0,680,12652.181015
430.0,489,12689.712138
825.0,545,12745.934176
365.0,703,12805.627552
365.0,609,12862.318657
295.0,402,12897.00969
560.0,628,12954.311233
900.0,1029,13046.734273
425.0,625,13103.936006
875.0,739,13164.583665
625.0,598,13220.925536
515.0,655,13278.670082
725.0,746,13346.746406
695.0,569,13394.501069
805.0,643,13451.817468
465.0,528,13498.320768
705.0,624,13555.711973
150.0,436,13591.655928
710.0,579,13647.041975
795.0,663,13705.335399
995.0,640,13762.704408
1105.0,670,13820.991235
1145.0,787,13892.085897
1155.0,864,13971.825382
780.0,687,14030.688449
435.0,520,14076.887474
590.0,556,14124.269325
1080.0,617,14181.436733
480.0,539,14228.265671
930.0,937,14310.576849
475.0,598,14366.799827
475.0,554,14414.120345
295.0,471,14458.819983
915.0,960,14541.222611
1005.0,1065,14642.265001
430.0,553,14689.348468
480.0,707,14748.663283
845.0,663,14806.726867
280.0,454,14850.840719
365.0,487,14896.062928
530.0,597,14944.566879
925.0,916,15026.804875
660.0,708,15093.697462
895.0,783,15162.335839
1220.0,1079,15256.081815
440.0,482,15300.885709
860.0,957,15383.515633
700.0,1022,15475.389921
955.0,965,15565.849617
610.0,536,15612.313172
350.0,388,15646.815375
710.0,1021,15738.853865
855.0,710,15798.406141
940.0,567,15853.781293
585.0,464,15890.368934
535.0,399,15925.218484
1590.0,951,16015.259947
1195.0,1148,16118.566725
635.0,737,16179.932698
795.0,598,16236.027553
1350.0,712,16295.267964
905.0,567,16350.405553
740.0,625,16406.988275
375.0,554,16454.147491
270.0,515,16499.951997
270.0,549,16546.99486
485.0,668,16605.149814
1125.0,962,16694.759884
240.0,449,16730.862313
435.0,575,16778.350582
1120.0,677,16844.634158
900.0,965,16927.162034
575.0,564,16974.393207
625.0,569,17029.658929
755.0,776,17098.717803
175.0,470,17135.50255
190.0,468,17180.16182
430.0,523,17226.580043
440.0,633,17283.177114
460.0,758,17353.412617
875.0,829,17424.166893
200.0,562,17479.651922
380.0,413,17514.941454
315.0,527,17561.32201
225.0,424,17597.110604
420.0,566,17644.717767
210.0,453,17688.775789
725.0,472,17733.737948
365.0,647,17791.558748
770.0,729,17851.830141
585.0,635,17909.394851
755.0,631,17966.706818
245.0,390,18001.184464
505.0,521,18047.576625
870.0,754,18116.305935
1330.0,950,18198.429725
1455.0,1084,18292.278866
650.0,684,18358.874317
875.0,715,18418.554469
385.0,539,18465.313011
535.0,767,18535.434132
700.0,738,18603.556879
120.0,492,18649.008797
350.0,571,18696.521276
760.0,557,18751.891804
715.0,716,18811.3854
485.0,487,18856.681092
1260.0,770,18925.61206
1150.0,869,19005.448891
1045.0,731,19065.550288
440.0,534,19112.158283
740.0,599,19168.513579
70.0,432,19204.392384
1205.0,804,19274.569811
385.0,515,19320.753587
160.0,435,19364.393126
700.0,726,19424.172261
795.0,658,19482.279085
215.0,564,19537.59781
180.0,464,19574.516991
665.0,766,19644.519286
980.0,651,19702.302023
1090.0,764,19770.913666
565.0,722,19838.559917
920.0,561,19886.007299
1015.0,725,19953.951453
930.0,1016,20045.702505
745.0,657,20103.424052
560.0,777,20172.58462
1045.0,809,20242.997518
585.0,403,20277.875252
665.0,635,20334.983552
900.0,930,20416.905176
1105.0,693,20475.690049
795.0,631,20532.916781
860.0,767,20602.507287
355.0,531,20649.010537
745.0,562,20704.54552
850.0,655,20762.614068
810.0,642,20821.358925
435.0,487,20859.025633
350.0,593,20914.502624
190.0,412,20949.384302
1185.0,771,21018.356918
405.0,603,21074.710443
1145.0,823,21145.044551
920.0,560,21192.29809
1050.0,748,21260.511611
790.0,651,21318.334345
355.0,550,21365.180572
775.0,540,21419.932201
885.0,1088,21513.914081
1235.0,807,21584.106268
1255.0,899,21664.466125
260.0,583,21720.409289
925.0,757,21789.233107
740.0,599,21838.098248
1015.0,731,21905.978374
1070.0,969,21989.79411
870.0,1029,22082.032698
725.0,522,22128.444121
815.0,657,22186.609867
1130.0,1150,22290.409136
690.0,677,22356.857554
495.0,560,22404.345661
1180.0,690,22463.440032
920.0,713,22530.89936
650.0,792,22600.72417
575.0,620,22657.83934
640.0,576,22705.931208
935.0,715,22773.802763
780.0,670,22832.401213
700.0,511,22878.643711
555.0,501,22924.534583
195.0,651,22983.003545
915.0,737,23043.459691
460.0,527,23090.186621
455.0,433,23135.367866
510.0,403,23170.524729
730.0,581,23218.832863
530.0,616,23275.90156
770.0,647,23333.493957
1410.0,1077,23427.364516
985.0,956,23517.519453
625.0,710,23577.057384
725.0,1016,23669.531277
710.0,776,23739.163517
1140.0,892,23819.81981
725.0,1025,23912.173441
360.0,565,23959.957201
960.0,661,24018.465955
360.0,466,24062.996421
185.0,431,24099.011461
790.0,517,24145.345515
710.0,712,24212.842828
1100.0,915,24295.40065
465.0,579,24343.646419
1340.0,892,24424.226661
495.0,503,24470.189551
390.0,483,24515.678379
240.0,376,24550.027457
445.0,465,24586.917246
985.0,775,24656.460639
525.0,424,24692.137532
285.0,343,24725.297545
525.0,410,24760.751524
1045.0,972,24851.61172
1055.0,971,24934.483657
610.0,1034,25026.949732
725.0,730,25095.31328
335.0,478,25140.282844
345.0,407,25175.416092
855.0,807,25245.618626
445.0,453,25282.380461
750.0,547,25337.343127
455.0,488,25374.576571
635.0,750,25445.545028
440.0,433,25481.431307
370.0,422,25525.11564
815.0,684,25584.489538
175.0,459,25628.902273
1270.0,1019,25713.531631
910.0,648,25771.150337
260.0,355,25804.744013
335.0,369,25838.876114
420.0,463,25875.437688
445.0,550,25930.265776
590.0,791,26000.103912
840.0,796,26069.94768
660.0,701,26129.214736
525.0,454,26173.450286
310.0,427,26209.322806
825.0,550,26256.699071
290.0,509,26302.572901
475.0,667,26360.645311
1145.0,1122,26463.379587
1055.0,776,26532.73424
865.0,661,26592.190618
380.0,422,26635.639107
550.0,548,26682.752762
630.0,766,26751.768122
755.0,479,26789.184726
505.0,445,26832.906064
920.0,791,26902.793916
1065.0,963,26985.32527
340.0,407,27020.298363
840.0,635,27077.56288
660.0,602,27133.762458
660.0,561,27181.130317
825.0,760,27249.681701
630.0,542,27296.17056
545.0,501,27341.655042
305.0,474,27386.498605
735.0,691,27444.962301
525.0,553,27492.080825
580.0,846,27570.548281
655.0,740,27638.291208
855.0,674,27696.52119
505.0,630,27754.971786
465.0,621,27811.872897
530.0,1021,27896.194301
260.0,450,27940.226257
460.0,528,27986.754683
400.0,484,28031.654243
1160.0,1083,28125.781273
595.0,678,28184.45487
505.0,416,28227.903339
625.0,579,28275.919524
610.0,748,28344.746125
710.0,728,28405.109353
635.0,502,28450.926469
355.0,486,28496.253191
1165.0,1065,28590.192269
500.0,587,28645.979317
355.0,535,28692.815229
820.0,825,28763.840878
420.0,486,28808.963707
1015.0,850,28888.587147
970.0,594,28938.586849
810.0,808,29008.514805
300.0,389,29043.414376
940.0,846,29122.54495
170.0,312,29147.1001
400.0,438,29191.013557
450.0,609,29239.889189
790.0,832,29318.867806
1030.0,1054,29411.889003
685.0,848,29491.243517
875.0,792,29560.928948
720.0,634,29618.471891
815.0,865,29690.347413
700.0,705,29757.584663
130.0,347,29783.303082
555.0,551,29837.958707
375.0,575,29885.839131
860.0,1019,29978.241336
1030.0,718,30038.192521
710.0,566,30094.799289
485.0,569,30142.271602
805.0,911,30223.494141
680.0,505,30270.349074
510.0,510,30317.374469
305.0,597,30374.733177
940.0,584,30423.507543
105.0,344,30457.345269
260.0,655,30516.425187
320.0,341,30542.315365
1160.0,1240,30658.26848
350.0,609,30715.821211
685.0,511,30762.511928
480.0,654,30821.064393
615.0,487,30858.153355
330.0,638,30914.754347
370.0,678,30980.51492
625.0,644,31037.341218
415.0,532,31083.238252
80.0,358,31108.918616
520.0,1054,31208.724408
280.0,440,31245.88761
400.0,656,31303.264001
525.0,582,31358.705845
325.0,398,31393.271211
365.0,476,31430.156801
115.0,341,31463.199666
280.0,549,31509.960159
400.0,603,31566.183763
760.0,574,31613.684433
165.0,381,31647.824976
850.0,687,31706.459699
460.0,650,31763.836253
790.0,654,31821.309874
600.0,650,31878.959607
600.0,715,31946.025792
965.0,695,32004.902953
770.0,610,32061.283426
230.0,311,32085.615031
255.0,435,32129.089688
190.0,388,32163.240375
270.0,439,32199.046034
490.0,460,32243.301888
400.0,567,32290.726796
740.0,772,32359.595982
695.0,502,32406.330783
1040.0,844,32477.308831
425.0,555,32532.078374
745.0,680,32590.510113
740.0,909,32671.477186
570.0,757,32739.983392
345.0,551,32787.055053
730.0,609,32843.575337
1010.0,799,32913.590569
485.0,967,32995.835903
500.0,610,33052.143633
885.0,1010,33143.530917
705.0,615,33199.925609
420.0,472,33236.695851
410.0,598,33292.611846
805.0,1083,33385.653282
605.0,714,33452.718762
545.0,518,33498.395324
810.0,876,33579.525112
170.0,417,33614.678666
1585.0,1219,33719.583778
445.0,618,33776.349792
560.0,570,33823.779657
355.0,740,33891.706275
555.0,620,33948.105726
415.0,403,33982.8857
180.0,470,34027.148361
630.0,691,34085.459214
960.0,946,34166.887588
1120.0,764,34235.432432
785.0,906,34315.792913
555.0,780,34384.550044
170.0,346,34417.437344
610.0,862,34488.509379
425.0,513,34534.121505
315.0,457,34578.25853
665.0,550,34624.810346
1160.0,772,34694.664083
280.0,551,34741.281366
490.0,620,34797.548842
365.0,379,34831.275517
1405.0,1083,34924.062234
470.0,617,34980.413772
825.0,580,35035.733608
720.0,827,35105.850248
185.0,477,35150.188455
1030.0,699,35208.907544
505.0,565,35256.213351
485.0,542,35310.4424
1200.0,763,35378.8454
710.0,747,35439.209073
525.0,564,35494.2098
300.0,425,35529.640668
1490.0,859,35608.620179
480.0,436,35644.223979
560.0,627,35701.288437
130.0,318,35725.744377
905.0,731,35793.435043
620.0,708,35853.616179
785.0,588,35909.273982
915.0,796,35978.890873
310.0,362,36012.587736
650.0,653,36070.328248
405.0,594,36118.641584
1150.0,1097,36220.460432
1005.0,966,36302.935231
355.0,517,36348.756109
315.0,365,36382.531385
565.0,659,36440.256342
1150.0,806,36510.412248
480.0,508,36555.914427
495.0,721,36623.514334
1000.0,713,36683.026282
425.0,402,36717.82255
925.0,751,36786.162121
440.0,633,36843.560986
365.0,550,36890.655863
160.0,463,36935.19804
1115.0,774,37005.983584
935.0,756,37074.466287
740.0,550,37121.311008
590.0,668,37179.423091
440.0,341,37212.571267
505.0,570,37259.916489
450.0,620,37316.397069
870.0,1080,37409.832531
550.0,420,37452.781633
340.0,456,37489.061937
705.0,1021,37580.623632
640.0,728,37647.965605
170.0,321,37672.466386
175.0,365,37706.192396
930.0,764,37774.857751
270.0,394,37809.380645
580.0,519,37855.155761
765.0,711,37914.305016
835.0,729,37981.772169
320.0,390,38016.376049
285.0,478,38061.059962
765.0,636,38110.571545
620.0,519,38157.849413
685.0,566,38212.74601
925.0,1031,38304.155142
400.0,435,38339.775483
1060.0,743,38407.643605
570.0,684,38465.84217
1000.0,969,38555.412437
645.0,629,38604.207662
655.0,582,38659.318497
900.0,967,38741.274191
870.0,600,38796.812725
880.0,603,38852.63265
1185.0,648,38909.640898
540.0,540,38955.913622
640.0,634,39012.653663
365.0,578,39060.16978
255.0,556,39114.509079
500.0,559,39161.561828
565.0,528,39207.678453
520.0,555,39254.585257
730.0,735,39323.507927
865.0,623,39380.226801
565.0,446,39415.95544
415.0,464,39460.220813
605.0,743,39520.166338
595.0,631,39577.057106
655.0,632,39634.092726
365.0,582,39689.371103
830.0,595,39737.526417
1095.0,902,39817.799783
515.0,690,39876.591423
660.0,530,39930.776175
720.0,864,40002.464377
1270.0,616,40058.966595
1210.0,748,40127.087512
1020.0,883,40207.025406
750.0,769,40275.965255
260.0,347,40301.526643
320.0,534,40347.866919
670.0,726,40416.592908
555.0,748,40484.415839
205.0,471,40521.046156
725.0,637,40577.973367
450.0,595,40633.669028
370.0,397,40668.158412
330.0,676,40726.136892
980.0,569,40773.363179
895.0,703,40839.904318
590.0,566,40886.912905
250.0,424,40929.960613
350.0,462,40966.368451
760.0,701,41025.27767
400.0,578,41080.692957
530.0,487,41125.475109
760.0,570,41172.952146
885.0,717,41240.127081
335.0,557,41286.989207
965.0,645,41344.102042
595.0,708,41403.200707
1000.0,972,41493.591531
570.0,482,41538.585171
915.0,1098,41634.106536
365.0,382,41668.193333
520.0,474,41712.895392
385.0,507,41758.529882
1040.0,1036,41850.243247
925.0,636,41899.345916
790.0,1047,41999.147155
975.0,967,42081.172849
355.0,511,42127.039687
750.0,717,42194.018794
755.0,1058,42286.552404
865.0,777,42355.427486
500.0,585,42403.17008
1000.0,1146,42506.494054
840.0,778,42575.617064
135.0,367,42609.433757
830.0,976,42699.74433
1275.0,1025,42792.433338
530.0,493,42829.891344
990.0,967,42919.937051
830.0,565,42967.055622
235.0,551,43013.644209
435.0,490,43058.558619
710.0,781,43127.227219
1320.0,1056,43219.570312
1020.0,769,43288.306775
1185.0,896,43368.237276
1225.0,913,43448.53639
875.0,729,43515.955521
955.0,725,43583.418329
690.0,652,43640.871279
640.0,739,43701.082634
310.0,410,43736.25533
755.0,838,43814.757856
1040.0,763,43884.687444
465.0,485,43929.589843
525.0,649,43986.812355
1035.0,962,44068.763954
1185.0,944,44150.116293
1180.0,796,44219.441133
655.0,684,44285.318517
1095.0,973,44367.539432
1090.0,596,44423.352545
570.0,665,44481.106266
700.0,724,44548.208143
535.0,521,44594.051233
635.0,661,44651.575926
985.0,558,44698.367561
865.0,748,44766.350644
670.0,601,44814.371841
895.0,704,44881.241839
905.0,965,44963.129478
1090.0,895,45044.098089
470.0,662,45101.930563
1325.0,1085,45203.374849
1045.0,715,45263.273204
855.0,522,45309.413522
550.0,492,45354.671859
685.0,723,45422.10225
555.0,625,45479.207732
1050.0,709,45538.442276
830.0,1020,45630.618599
1190.0,1027,45722.610883
945.0,739,45790.500221
630.0,1014,45874.529758
465.0,472,45919.068779
390.0,338,45952.089874
460.0,351,45977.690696
970.0,1003,46068.951065
510.0,616,46125.47689
710.0,493,46171.821872
710.0,698,46230.464346
575.0,719,46297.654875
175.0,326,46322.268132
140.0,360,46355.752457
405.0,366,46389.498888
110.0,311,46413.637608
955.0,696,46472.038113
635.0,466,46516.3442
170.0,304,46540.283289
1295.0,1029,46631.885629
315.0,574,46687.052743
1135.0,1086,46780.186611
175.0,332,46812.856951
825.0,717,46872.064683
920.0,903,46952.619537
560.0,446,46996.458459
345.0,588,47044.429549
800.0,759,47112.874609
730.0,488,47157.886039
520.0,581,47205.878608
590.0,557,47252.491891
560.0,590,47310.104411
220.0,413,47345.302667
755.0,685,47403.748925
130.0,451,47447.749404
475.0,567,47495.556252
700.0,622,47552.149795
360.0,610,47608.672275
685.0,571,47656.176646
640.0,585,47711.642276
510.0,485,47748.97389
650.0,1020,47840.467385
625.0,442,47884.00559
750.0,716,47943.346855
285.0,458,47987.476381
215.0,461,48023.902001
365.0,613,48080.433089
580.0,498,48125.8585
510.0,544,48172.673903
1140.0,1029,48264.573259
605.0,567,48311.75833
395.0,577,48367.146789
570.0,568,48414.825099
430.0,712,48483.415988
895.0,968,48565.899725
770.0,1038,48658.135443
385.0,594,48714.092544
1080.0,904,48794.467595
550.0,622,48851.227232
605.0,467,48888.048149
680.0,625,48944.854508
985.0,914,49025.77471
845.0,960,49115.418741
400.0,575,49162.900493
510.0,676,49221.405925
1010.0,837,49299.697163
915.0,674,49357.901198
1030.0,959,49439.909793
1075.0,1006,49530.741599
740.0,749,49598.794308
430.0,543,49646.592839
1300.0,702,49713.511395
850.0,950,49794.586348
975.0,756,49862.705425
385.0,480,49899.404314
885.0,1007,49990.352798
1040.0,1029,50081.937667
885.0,705,50148.431201
1100.0,980,50230.840991
530.0,498,50275.789372
595.0,628,50332.482648
775.0,495,50377.632052
435.0,583,50425.272916
475.0,777,50493.876953
160.0,419,50528.859698
445.0,495,50573.805573
615.0,619,50630.243744
745.0,485,50675.179153
220.0,480,50711.911373
540.0,961,50803.113475
595.0,574,50850.643103
850.0,710,50917.680934
705.0,650,50975.095171
565.0,576,51022.82972
485.0,654,51080.62894
950.0,692,51147.481246
555.0,651,51204.979537
850.0,665,51263.076892
695.0,634,51319.851768
405.0,412,51355.015082
460.0,476,51391.749829
465.0,708,51458.834693
775.0,585,51506.419795
1145.0,970,51596.896415
580.0,507,51642.248852
685.0,623,51699.116042
1300.0,947,51781.06236
630.0,444,51816.922515
405.0,559,51871.852063
420.0,566,51920.308319
1255.0,1024,52012.399125
1090.0,582,52060.224858
495.0,572,52115.513729
660.0,577,52163.592701
625.0,698,52230.465142
1060.0,715,52289.730134
1000.0,1020,52381.512877
930.0,947,52463.261671
885.0,615,52519.628849
535.0,389,52553.867684
465.0,603,52610.04651
640.0,577,52657.853603
935.0,724,52725.338378
635.0,486,52770.297361
615.0,912,52850.915964
505.0,702,52909.967856
870.0,651,52967.47573
880.0,904,53047.870492
750.0,673,53107.421125
1130.0,653,53164.898864
395.0,402,53199.690476
845.0,1084,53300.845165
730.0,1033,53393.165409
905.0,701,53452.390583
525.0,505,53498.086171
690.0,599,53554.179371
755.0,767,53622.863495
1125.0,932,53703.922959
1040.0,948,53785.920187
1390.0,904,53866.305641
575.0,775,53935.230362
365.0,453,53979.215999
290.0,368,54013.116892
660.0,652,54070.954368
570.0,551,54117.914467
1190.0,915,54198.348698
1040.0,846,54270.113416
1030.0,715,54337.118491
870.0,694,54395.747447
460.0,549,54449.984717
765.0,898,54530.107264
325.0,585,54577.680851
1145.0,1028,54669.44971
865.0,656,54726.908066
550.0,731,54794.287153
245.0,463,54830.63677
770.0,889,54910.450486
910.0,782,54979.736814
945.0,611,55035.719164
920.0,1080,55128.877532
505.0,570,55184.09563
1000.0,977,55267.130701
1070.0,1038,55361.504363
710.0,588,55417.308542
1205.0,706,55476.536675
305.0,503,55522.013321
660.0,612,55578.530499
565.0,608,55635.112267
1110.0,762,55696.193062
880.0,1018,55787.985723
435.0,416,55831.076851
980.0,721,55890.774388
550.0,622,55947.749039
960.0,778,56016.821307
835.0,1024,56108.714375
855.0,777,56177.649257
1055.0,789,56246.94408
915.0,965,56329.580566
935.0,830,56407.868692
410.0,641,56465.294509
880.0,975,56549.095349
500.0,548,56603.797473
710.0,900,56684.360544
1110.0,1025,56769.050399
875.0,1076,56870.43844
1405.0,1085,56963.870328
1080.0,656,57021.644712
375.0,562,57077.010886
390.0,652,57134.60661
935.0,938,57216.257074
540.0,533,57262.923622
505.0,438,57298.845371
710.0,781,57368.279581
850.0,630,57425.189179
465.0,649,57482.873946
805.0,705,57549.9687
950.0,979,57632.482959
760.0,557,57688.541347
635.0,700,57747.308539
1295.0,1035,57839.114117
700.0,951,57921.024895
1025.0,765,57989.818462
940.0,742,58057.88361
810.0,1018,58149.569774
600.0,626,58206.431057
1100.0,1140,58309.681813
510.0,606,58358.455285
625.0,858,58437.805681
620.0,534,58484.340791
980.0,997,58575.044772
615.0,562,58622.264241
955.0,609,58678.699346
890.0,953,58760.613659
1030.0,1022,58853.972498
1105.0,846,58932.901965
710.0,473,58969.981439
640.0,651,59027.758179
485.0,644,59085.149588
1115.0,951,59175.40711
855.0,965,59257.919071
1430.0,1080,59352.356935
880.0,720,59420.152807
765.0,705,59480.033881
700.0,520,59526.501375
600.0,976,59617.138007
690.0,666,59675.415147
385.0,468,59720.452253
760.0,775,59789.953058
720.0,641,59847.5787
845.0,674,59906.536928
940.0,1020,60000.429057
1160.0,710,60060.17631
335.0,351,60093.854982
1035.0,966,60176.799658
840.0,661,60242.967938
505.0,530,60289.50592
795.0,644,60347.08984
955.0,907,60427.853315
755.0,760,60496.460453
795.0,706,60555.718524
645.0,595,60611.839785
625.0,695,60670.837487
795.0,693,60729.832027
805.0,1025,60821.965566
745.0,547,60868.729697
990.0,682,60934.913469
340.0,559,60982.2352
745.0,761,61050.810918
815.0,621,61107.598348
635.0,933,61190.169128
855.0,699,61248.897393
895.0,635,61305.934003
930.0,970,61396.03757
1100.0,956,61478.051693
775.0,976,61568.486336
620.0,552,61615.240991
745.0,695,61674.19657
630.0,553,61728.772926
755.0,807,61798.728894
910.0,716,61858.368858
785.0,801,61935.69688
770.0,539,61982.280646
1125.0,741,62042.588979
785.0,965,62132.508717
590.0,629,62189.562082
590.0,669,62247.954136
695.0,777,62318.19972
650.0,697,62377.058236
385.0,406,62412.441848
990.0,760,62481.025573
750.0,598,62537.381913
1020.0,975,62620.456312
690.0,1023,62713.493225
460.0,570,62768.938324
720.0,496,62814.510048
930.0,829,62886.14474
870.0,802,62956.753901
545.0,639,63014.159611
995.0,746,63082.564601
845.0,765,63151.789018
625.0,829,63222.979436
580.0,514,63269.271491
765.0,1006,63360.784831
595.0,678,63419.371212
1075.0,822,63499.294783
660.0,850,63570.866551
475.0,454,63614.975216
640.0,721,63675.525223
410.0,579,63731.206717
390.0,527,63777.768818
445.0,595,63826.722975
685.0,491,63871.99299
965.0,634,63929.657961
465.0,396,63964.528655
270.0,502,64010.342927
770.0,663,64068.858448
1015.0,840,64140.045006
775.0,1015,64232.027246
845.0,670,64298.223951
560.0,651,64355.971354
1020.0,1030,64448.283689
720.0,780,64517.593172
205.0,397,64552.238803
635.0,734,64613.793711
695.0,910,64694.389364
615.0,430,64737.810936
850.0,788,64807.610272
785.0,955,64889.675811
765.0,761,64958.349579
515.0,564,65005.849759
450.0,533,65052.367934
835.0,959,65142.284357
460.0,640,65199.679242
840.0,1018,65291.54988
860.0,540,65337.887598
515.0,443,65373.846865
755.0,689,65440.214686
985.0,854,65511.152596
705.0,833,65589.654598
630.0,773,65658.467067
870.0,708,65717.596704
365.0,433,65754.430977
645.0,552,65809.156987
730.0,691,65867.66406
310.0,406,65902.525002
510.0,520,65948.662971
600.0,671,66006.918742
970.0,901,66087.516441
410.0,648,66144.870986
305.0,544,66191.55257
335.0,530,66237.893534
360.0,449,66282.122369
820.0,892,66362.51837
380.0,611,66419.106923
735.0,654,66476.917018
940.0,965,66559.282845
480.0,566,66606.824818
585.0,1083,66708.426225
745.0,691,66767.407221
655.0,973,66858.099275
195.0,404,66893.23823
620.0,547,66941.620248
660.0,661,66999.69886
385.0,470,67044.641038
315.0,495,67090.391443
915.0,780,67159.944882
500.0,963,67242.407087
830.0,597,67298.787509
770.0,645,67356.48262
715.0,630,67405.8541
715.0,958,67496.608377
1170.0,655,67554.346287
685.0,1012,67646.289373
675.0,635,67703.784961
950.0,660,67762.112293
565.0,762,67831.097762
380.0,471,67867.937523
795.0,717,67936.140529
990.0,867,68016.129129
825.0,1001,68101.24458
335.0,353,68134.644461
715.0,806,68204.687544
335.0,441,68248.777842
965.0,822,68319.585881
480.0,470,68364.279038
420.0,475,68401.503713
335.0,355,68435.206945
950.0,911,68516.489262
350.0,421,68551.889343
800.0,957,68642.327649
575.0,585,68690.536185
625.0,566,68738.150255
705.0,632,68795.414518
1015.0,968,68885.917639
225.0,427,68921.707105
950.0,1074,69015.453682
875.0,868,69095.134516
560.0,697,69162.40963
890.0,566,69209.648713
1060.0,848,69282.725879
575.0,585,69338.604207
705.0,1021,69430.79153
665.0,958,69513.260064
465.0,516,69559.228417
390.0,522,69605.902681
575.0,593,69662.151636
630.0,940,69744.221922
650.0,967,69835.155511
745.0,965,69917.723952
960.0,1011,70009.184863
345.0,473,70053.978191
695.0,903,70134.703904
595.0,574,70182.300444
575.0,709,70241.568638
545.0,715,70309.114102
155.0,379,70343.149755
640.0,616,70400.862759
185.0,340,70426.153797
285.0,438,70470.086734
625.0,503,70508.139397
550.0,806,70586.476009
380.0,550,70633.401495
240.0,380,70667.726718
740.0,964,70750.404539
610.0,955,70840.591289
720.0,726,70900.764841
650.0,976,70991.69346
820.0,957,71074.102755
430.0,670,71132.473957
405.0,629,71189.688932
800.0,963,71280.153581
620.0,760,71349.086646
570.0,910,71430.330851
440.0,490,71467.552924
635.0,747,71537.484514
625.0,967,71628.227931
550.0,767,71697.632537
600.0,968,71780.594747
530.0,988,71871.422937
430.0,563,71918.749239
470.0,619,71975.65882
170.0,406,72010.880221
420.0,635,72068.514116
370.0,648,72126.396044
525.0,774,72195.657919
600.0,841,72266.540063
430.0,699,72333.4521
615.0,639,72390.821176
345.0,497,72436.133807
535.0,667,72494.420632
515.0,629,72551.840813
565.0,960,72634.147814
435.0,568,72681.612284
460.0,621,72739.784733
425.0,713,72807.230407
405.0,582,72855.328435
520.0,693,72922.237334
620.0,652,72979.973309
285.0,522,73025.880749
520.0,676,73084.231963
585.0,902,73165.161121
545.0,667,73223.726599
540.0,893,73304.254433
435.0,582,73352.123787
365.0,546,73406.896415
325.0,546,73453.660182
450.0,528,73500.083982
330.0,618,73556.977643
375.0,555,73604.26889
485.0,961,73686.655557
530.0,685,73752.960558
370.0,563,73800.021774
160.0,408,73835.041862
425.0,562,73883.558028
420.0,618,73940.233937
560.0,771,74009.237346
515.0,734,74077.060556
665.0,942,74159.21896
590.0,700,74218.280423
320.0,443,74262.240959
310.0,410,74297.529744
295.0,535,74344.60103
265.0,528,74391.229496
415.0,596,74447.290225
195.0,406,74482.554966
535.0,904,74563.134261
345.0,643,74620.793329
495.0,663,74678.791731
140.0,336,74712.006968
430.0,580,74760.021864
650.0,1012,74851.799214
570.0,962,74934.544517
410.0,586,74990.204669
295.0,453,75028.172152
490.0,678,75094.570187
315.0,584,75142.763305
495.0,576,75190.78973
340.0,572,75246.12684
525.0,703,75305.667486
395.0,593,75361.782273
345.0,534,75408.431974
460.0,1023,75500.852239
400.0,715,75560.65325
300.0,437,75604.408994
505.0,652,75662.175753
555.0,925,75743.988334
530.0,896,75824.651808
455.0,635,75882.212367
315.0,486,75927.541341
285.0,553,75974.627689
565.0,758,76043.704819
540.0,865,76115.914594
445.0,610,76174.264298
325.0,528,76220.675628
510.0,720,76288.378433
540.0,964,76370.877975
540.0,907,76451.611332
475.0,696,76518.498931
540.0,1010,76602.174566
445.0,619,76658.62439
480.0,643,76716.238713
580.0,760,76784.612306
525.0,610,76840.984703
635.0,780,76910.225712
245.0,448,76946.241077
550.0,746,77014.421368
430.0,564,77061.900359
610.0,956,77151.773657
585.0,836,77222.770155
230.0,494,77268.093638
605.0,964,77352.514822
625.0,827,77431.190903
235.0,459,77467.838193
285.0,405,77503.081669
410.0,776,77572.846437
505.0,958,77663.658509
245.0,453,77700.566991
480.0,704,77768.349979
580.0,848,77839.900647
295.0,463,77884.769264
495.0,651,77942.812959
605.0,900,78024.0094
285.0,405,78059.14577
365.0,559,78106.8478
460.0,678,78173.545502
650.0,967,78256.785803
140.0,336,78289.770227
750.0,766,78358.969829
510.0,564,78406.935676
415.0,565,78454.286582
655.0,664,78514.190697
565.0,768,78583.056897
440.0,630,78640.331311
290.0,585,78696.180242
535.0,955,78778.899818
375.0,530,78825.595907
320.0,458,78869.957536
255.0,514,78916.084027
620.0,1059,79009.779026
575.0,961,79092.131706
555.0,680,79151.336645
395.0,520,79197.762691
530.0,696,79265.12543
485.0,959,79347.674133
585.0,1006,79439.596233
625.0,904,79520.741239
585.0,964,79611.3364
620.0,914,79693.856382
270.0,466,79730.796377
545.0,702,79798.39426
555.0,873,79871.177846
530.0,954,79961.949798
295.0,465,79998.902606
555.0,752,80067.850967
415.0,474,80113.141477
570.0,746,80181.877758
570.0,902,80263.127585
475.0,690,80322.845683
555.0,1013,80415.297783
245.0,427,80451.130289
480.0,638,80508.903061
615.0,910,80590.177922
550.0,934,80672.249475
565.0,1018,80764.684782
565.0,713,80833.868873
540.0,713,80893.80875
535.0,690,80952.987909
490.0,927,81042.882896
575.0,778,81112.808845
460.0,832,81184.296964
675.0,910,81265.522872
505.0,906,81346.990349
620.0,899,81428.427661
455.0,594,81484.569499
445.0,682,81543.659346
515.0,874,81623.852652
595.0,959,81707.132953
345.0,524,81753.678958
560.0,903,81835.016414
540.0,898,81915.925346
650.0,960,82007.853329
325.0,526,82054.231988
380.0,578,82102.143444
550.0,942,82184.629201
260.0,434,82228.295168
625.0,852,82300.110839
500.0,625,82356.849587
470.0,695,82416.259951
380.0,596,82472.352449
370.0,614,82529.254794
520.0,714,82589.288076
355.0,564,82644.789208
505.0,684,82703.696654
370.0,534,82751.665738
545.0,1028,82847.150016
580.0,1083,82943.320498
570.0,767,83013.578654
490.0,861,83094.501001
515.0,696,83156.190735
210.0,402,83191.849255
435.0,465,83237.219327
670.0,1013,83330.264053
485.0,648,83387.737326
615.0,704,83446.950172
415.0,527,83493.054205
460.0,663,83551.040716
540.0,787,83628.147704
305.0,459,83664.828342
435.0,638,83721.582026
600.0,958,83803.388613
350.0,653,83861.128885
345.0,547,83915.545702
305.0,486,83952.932635
630.0,908,84033.551068
545.0,861,84113.023987
505.0,942,84194.380854
525.0,710,84261.534175
630.0,926,84344.163717
510.0,592,84400.302856
710.0,889,84480.620504
100.0,352,84506.460415
550.0,670,84565.07406
510.0,921,84654.022934
665.0,965,84736.862595
485.0,902,84817.260172
670.0,949,84899.404983
540.0,676,84965.556647
435.0,972,85048.280492
445.0,570,85095.738744
540.0,660,85161.363568
650.0,900,85241.973084
665.0,705,85301.167844
360.0,671,85359.591583
635.0,906,85441.775776
245.0,407,85477.001127
535.0,953,85567.181305
325.0,517,85613.2789
370.0,531,85659.81315
545.0,723,85719.561765
600.0,717,85787.234865
440.0,671,85845.777546
595.0,885,85925.579479
515.0,651,85983.352771
525.0,718,86043.04401
140.0,337,86075.839121
465.0,618,86132.330842
490.0,617,86189.092095
550.0,622,86238.157251
290.0,517,86284.153514
375.0,534,86330.641469
435.0,649,86388.585432
430.0,569,86443.69888
530.0,877,86523.476894
685.0,902,86605.734477
585.0,831,86676.564778
285.0,470,86721.090151
485.0,559,86768.501126
520.0,715,86827.719472
460.0,919,86916.148101
320.0,565,86963.517582
595.0,896,87043.629025
320.0,460,87080.068422
455.0,643,87137.563037
600.0,783,87206.588243
400.0,541,87261.130158
645.0,743,87321.19985
660.0,1036,87412.740788
360.0,531,87458.918601
630.0,716,87525.733037
620.0,694,87584.14035
595.0,741,87651.864387
475.0,632,87708.630215
520.0,964,87791.868988
485.0,962,87881.839094
240.0,416,87916.934951
480.0,520,87963.169938
610.0,1079,88056.583039
455.0,536,88110.796482
480.0,678,88169.325894
515.0,647,88226.841037
490.0,661,88284.686305
610.0,1016,88376.428187
530.0,699,88435.290756
600.0,963,88525.29263
570.0,663,88583.099449
605.0,908,88663.885223
375.0,625,88720.859357
430.0,600,88769.224824
600.0,958,88859.007118
390.0,555,88907.219892
600.0,1026,88998.973188
525.0,635,89056.072916
465.0,719,89115.807106
400.0,694,89182.794381
420.0,530,89229.334882
605.0,900,89309.845836
375.0,495,89347.868706
605.0,668,89413.63938
530.0,629,89470.792217
395.0,582,89518.93636
150.0,398,89554.023671
570.0,892,89634.653944
220.0,361,89668.679156
600.0,710,89728.401273
520.0,760,89797.122709
575.0,669,89855.661952
210.0,405,89890.670006
570.0,1013,89982.394354
400.0,589,90038.390071
650.0,1042,90131.973264
515.0,1021,90223.698837
560.0,897,90304.156984
620.0,713,90363.763907
335.0,573,90419.139479
535.0,956,90501.473771
395.0,487,90546.634724
220.0,401,90581.222417
250.0,407,90616.108805
515.0,885,90696.058333
220.0,394,90730.621914
565.0,840,90801.442739
660.0,1038,90893.444877
590.0,952,90983.083605
575.0,948,91065.074461
675.0,671,91123.693521
200.0,367,91157.45619
605.0,959,91241.072922
475.0,647,91298.537905
470.0,905,91379.287505
330.0,484,91424.284636
490.0,628,91481.225206
420.0,586,91536.910728
290.0,444,91572.892088
590.0,906,91653.190862
365.0,694,91711.767295
500.0,702,91778.616932
595.0,690,91837.351962
560.0,1032,91929.057564
465.0,634,91985.968379
610.0,884,92065.540157
320.0,525,92111.518939
635.0,679,92169.62447
235.0,356,92202.948396
240.0,453,92239.133321
660.0,693,92305.338753
590.0,1012,92389.692955
340.0,554,92444.276435
635.0,909,92524.672204
545.0,898,92605.11435
480.0,698,92664.074162
630.0,684,92722.605024
510.0,655,92780.182916
520.0,846,92859.112715
600.0,751,92927.491201
500.0,665,92985.797816
260.0,410,93020.837644
500.0,685,93079.655925
575.0,721,93147.116875
635.0,645,93204.938491
565.0,900,93285.851411
405.0,583,93333.800713
615.0,900,93414.64831
415.0,562,93469.968542
365.0,543,93517.965507
570.0,907,93598.814943
390.0,596,93647.240101
490.0,1004,93738.295976
410.0,536,93784.937669
485.0,641,93842.422192
210.0,407,93877.286585
330.0,606,93933.768184
520.0,766,94002.887651
455.0,641,94060.48395
565.0,1020,94152.977927
490.0,644,94210.681131
235.0,362,94244.461556
510.0,600,94293.184974
530.0,843,94372.630594
380.0,596,94421.293992
480.0,565,94476.723386
685.0,1038,94569.23182
685.0,710,94628.956866
480.0,618,94687.02372
535.0,654,94744.84819
560.0,902,94825.802989
495.0,664,94883.76288
245.0,538,94930.357999
480.0,917,95011.490556
560.0,964,95101.473832
470.0,767,95170.464102
475.0,901,95251.19404
470.0,588,95299.434254
510.0,903,95380.22116
540.0,675,95446.696632
430.0,558,95493.961262
320.0,405,95528.935357
595.0,953,95611.315529
570.0,874,95691.127252
275.0,521,95737.428874
675.0,963,95828.897738
450.0,544,95875.720661
620.0,970,95958.496507
595.0,846,96037.50734
470.0,650,96095.024402
360.0,536,96141.435302
565.0,656,96199.411018
235.0,362,96233.273176
550.0,889,96313.560157
435.0,543,96360.225541
590.0,956,96442.126399
490.0,618,96498.878504
525.0,1000,96589.970089
525.0,685,96648.541536
555.0,777,96717.846813
575.0,772,96786.661787
510.0,637,96843.724231
610.0,977,96926.003666
640.0,913,97015.577324
400.0,545,97062.713758
230.0,430,97098.430161
600.0,903,97179.141588
485.0,961,97261.542331
585.0,1034,97361.679002
460.0,650,97419.802006
465.0,709,97479.39551
320.0,529,97526.078767
375.0,478,97570.97151
590.0,890,97651.488049
670.0,1091,97745.56286
360.0,493,97790.982496
550.0,614,97847.716423
490.0,634,97904.861378
565.0,758,97965.701561
660.0,1014,98056.941202
585.0,734,98125.678066
550.0,582,98173.519179
695.0,840,98252.216789
520.0,662,98309.898757
510.0,772,98378.615057
440.0,654,98436.021585
345.0,476,98480.761693
685.0,1024,98572.472989
385.0,521,98618.414434
445.0,698,98677.391582
300.0,405,98712.227805
555.0,721,98779.459002
555.0,836,98850.199187
590.0,706,98917.207604
220.0,359,98943.167695
495.0,635,99000.456451
545.0,555,99055.087371
625.0,909,99135.745406
345.0,538,99182.201547
530.0,708,99241.19623
560.0,762,99310.940137
495.0,838,99389.838081
570.0,759,99450.549506
365.0,544,99505.475055
575.0,966,99587.903886
630.0,1017,99679.955158
270.0,409,99715.030322
370.0,465,99759.809361
230.0,432,99795.817528
560.0,905,99876.542319
660.0,1033,99968.928455
465.0,587,100024.865999
630.0,711,100084.337492
420.0,565,100131.880528
625.0,811,100209.404967
545.0,610,100257.958858
450.0,620,100314.636303
325.0,492,100359.836473
390.0,576,100407.54767
320.0,504,100454.524254
525.0,683,100513.093815
525.0,908,100602.138126
210.0,436,100637.942434
285.0,533,100684.348642
560.0,597,100740.832777
575.0,615,100790.145091
505.0,565,100845.507452
645.0,718,100905.369783
285.0,446,100949.401833
520.0,740,101010.23718
590.0,968,101100.79729
500.0,907,101181.67415
455.0,673,101240.313838
630.0,914,101321.33881
500.0,597,101377.521388
565.0,632,101434.537654
535.0,924,101515.79157
270.0,410,101550.615923
555.0,840,101623.29123
580.0,938,101712.969822
595.0,727,101772.736096
550.0,768,101841.384819
265.0,493,101886.717999
585.0,750,101955.34226
530.0,729,102015.377612
570.0,952,102105.440941
395.0,547,102152.501677
470.0,569,102200.115297
635.0,671,102266.382031
265.0,412,102301.687898
485.0,549,102348.598761
435.0,910,102429.643544
310.0,487,102474.499953
550.0,964,102556.940182
495.0,886,102636.846453
550.0,728,102704.76283
690.0,721,102765.455816
555.0,705,102832.354299
575.0,843,102903.134456
420.0,522,102949.136348
550.0,902,103029.507617
685.0,957,103119.514046
625.0,1019,103211.294114
575.0,953,103293.64693
515.0,713,103353.699532
605.0,897,103434.121227
505.0,712,103501.477298
645.0,710,103560.928776
760.0,948,103650.9729
620.0,942,103732.998745
240.0,366,103766.759596
515.0,634,103824.19742
575.0,674,103882.601683
565.0,944,103965.754429
615.0,895,104046.339169
410.0,527,104092.820651
325.0,535,104139.307033
260.0,485,104184.54993
550.0,900,104265.633555
635.0,647,104323.561962
455.0,655,104381.889498
745.0,907,104463.042489
655.0,963,104553.903275
280.0,438,104590.397879
505.0,966,104673.554995
760.0,856,104753.599078
595.0,967,104844.406027
225.0,432,104880.181141
700.0,922,104961.850561
425.0,967,105045.16712
690.0,910,105135.561409
510.0,834,105207.118169
635.0,966,105290.200441
310.0,456,105335.060058
235.0,357,105368.598336
430.0,526,105415.237733
530.0,644,105473.140429
500.0,649,105531.020641
480.0,614,105580.26178
605.0,649,105638.347463
660.0,953,105728.605802
535.0,707,105788.447511
685.0,967,105879.015534
575.0,952,105961.202901
230.0,442,106005.08442
215.0,367,106031.2483
370.0,553,106086.087798
435.0,599,106134.783502
315.0,518,106180.822212
580.0,710,106249.344493
435.0,635,106306.709075
515.0,705,106366.031769
455.0,620,106422.981055
390.0,538,106469.777492
525.0,634,106526.884267
585.0,962,106609.303103
435.0,592,106665.061069
470.0,699,106724.126035
555.0,709,106791.248712
500.0,617,106840.26473
330.0,564,106894.972241
370.0,537,106941.673974
610.0,837,107012.131914
425.0,723,107079.753373
180.0,372,107114.037845
535.0,584,107162.170226
430.0,570,107217.568119
315.0,501,107263.263783
610.0,602,107312.067218
605.0,710,107381.086715
515.0,698,107440.440164
575.0,675,107498.79455
620.0,702,107566.000791
560.0,844,107637.172791
615.0,946,107727.063545
525.0,663,107785.184752
450.0,564,107832.463037
580.0,894,107913.004468
550.0,640,107970.560399
395.0,468,108015.257488
490.0,912,108096.256027
590.0,773,108165.363383
620.0,723,108225.186302
480.0,765,108294.124558
290.0,439,108330.140834
600.0,696,108397.246792
340.0,506,108442.700928
440.0,533,108489.248575
490.0,880,108570.616106
335.0,574,108618.455903
505.0,679,108677.300739
600.0,672,108735.873739
650.0,697,108803.362346
360.0,576,108851.247759
620.0,762,108920.484905
580.0,957,109011.019645
610.0,761,109072.686697
615.0,909,109162.101232
335.0,572,109210.058492
670.0,1013,109302.468242
290.0,450,109339.040612
390.0,597,109395.497628
420.0,639,109452.975113
620.0,905,109534.141995
640.0,940,109616.227493
650.0,963,109708.078997
505.0,523,109754.370593
300.0,451,109790.424476
375.0,576,109838.463157
690.0,903,109919.407557
470.0,641,109976.835044
305.0,485,110021.853342
560.0,584,110077.469806
380.0,603,110126.208661
455.0,629,110183.417229
515.0,667,110241.471691
520.0,961,110331.405603
445.0,636,110388.466087
420.0,581,110436.289861
575.0,902,110516.774658
540.0,965,110606.937924
320.0,523,110653.107762
610.0,954,110735.600496
485.0,660,110793.728376
560.0,608,110851.67905
325.0,475,110889.119219
575.0,812,110967.457712
575.0,949,111049.901693
510.0,688,111109.04502
420.0,650,111166.902669
810.0,893,111247.422734
310.0,496,111293.172134
385.0,617,111350.061456
525.0,808,111420.327231
220.0,437,111456.331522
530.0,634,111513.718166
325.0,554,111568.656719
550.0,677,111627.705119
430.0,622,111684.136404
550.0,607,111732.611877
465.0,614,111788.95601
530.0,967,111878.56445
570.0,953,111960.010284
280.0,498,112006.25204
665.0,938,112086.946501
330.0,468,112130.97556
250.0,405,112165.513356
490.0,619,112213.864891
490.0,682,112279.341375
420.0,589,112326.623606
605.0,954,112415.433648
410.0,561,112461.91066
405.0,565,112508.405226
635.0,907,112587.762802
520.0,722,112654.103853
300.0,406,112688.480911
