#{"t_start": 1680424586.3787553, "env_id": "RiverraidNoFrameskip-v4"}
r,l,t
1470.0,764,65.186691
1380.0,691,131.46407
920.0,532,178.7229
2320.0,855,252.278586
1380.0,505,299.28838
2350.0,844,381.527392
1360.0,608,432.179928
1680.0,715,502.585788
2290.0,818,576.500411
1760.0,621,635.760095
1580.0,526,683.817023
1430.0,476,730.72497
1370.0,450,768.83428
1410.0,487,815.910995
1760.0,667,877.003974
1440.0,488,924.163322
2150.0,700,986.369957
2740.0,922,1071.400823
1350.0,484,1118.537512
1400.0,473,1157.502393
2150.0,735,1230.213233
1590.0,482,1277.110013
2000.0,611,1327.975255
1350.0,497,1375.756525
1520.0,474,1423.042542
1950.0,705,1485.025191
2610.0,842,1568.245595
1400.0,483,1607.096013
1410.0,521,1655.426428
2050.0,649,1716.14491
1720.0,551,1773.795924
1740.0,541,1822.854939
1610.0,587,1873.497236
1520.0,513,1921.771957
2030.0,693,1991.863625
1730.0,592,2042.466594
1700.0,587,2101.463574
1940.0,581,2151.677866
1490.0,454,2190.039003
2150.0,714,2261.181198
1790.0,592,2320.306603
2470.0,701,2382.742238
2230.0,642,2444.020454
2460.0,791,2517.806544
1490.0,427,2554.997587
3430.0,883,2639.341505
2050.0,725,2710.548204
1640.0,478,2749.23317
3420.0,744,2820.971961
3150.0,932,2907.072118
2130.0,571,2965.253276
1970.0,586,3016.182043
2080.0,677,3078.275796
1680.0,611,3137.672125
1500.0,623,3197.363654
1760.0,649,3257.998621
1780.0,598,3308.462669
1700.0,492,3355.819148
1810.0,590,3415.25601
1790.0,500,3454.892377
1630.0,588,3513.757873
2080.0,601,3564.639785
2010.0,567,3622.986955
2100.0,583,3675.398479
1990.0,586,3734.029195
2150.0,586,3784.533914
2330.0,565,3843.212843
2150.0,599,3894.399802
280.0,228,3917.490093
2090.0,459,3955.570345
2470.0,704,4026.821889
1450.0,496,4074.846615
2190.0,601,4125.756848
2050.0,666,4186.984528
2700.0,803,4269.666651
1680.0,515,4309.713389
1360.0,453,4356.128953
2140.0,674,4417.280681
2290.0,607,4477.292969
2110.0,651,4537.758641
1800.0,588,4588.288828
2060.0,620,4648.418959
1710.0,680,4709.915756
1620.0,598,4768.983022
1670.0,505,4817.182421
1700.0,518,4866.595802
1910.0,596,4917.085365
1960.0,587,4976.014766
2450.0,635,5036.255254
2480.0,589,5086.828532
2090.0,709,5157.652594
2260.0,713,5220.022465
2010.0,708,5282.592589
1890.0,521,5331.171719
1920.0,601,5390.138985
1860.0,623,5449.947291
1880.0,690,5511.95077
2540.0,758,5584.812149
2160.0,608,5644.588736
1640.0,533,5693.46855
1710.0,585,5743.695056
1970.0,555,5792.984422
2310.0,727,5864.395602
3120.0,744,5936.527019
1670.0,553,5986.099818
1950.0,530,6034.978319
1810.0,555,6087.508675
2180.0,554,6145.032047
2090.0,567,6195.043595
1740.0,446,6232.855853
1990.0,549,6290.95699
1550.0,447,6329.108541
1700.0,435,6366.852529
2200.0,610,6426.419254
1890.0,551,6476.07856
2130.0,617,6535.817027
2080.0,593,6586.758318
1530.0,450,6633.022294
2060.0,684,6694.687761
2210.0,619,6754.59217
1920.0,635,6815.17776
2620.0,696,6876.765021
1870.0,521,6925.401877
2510.0,584,6984.257432
1920.0,563,7034.299465
1750.0,509,7082.763402
2090.0,548,7132.475017
1750.0,447,7170.598691
2140.0,641,7231.035254
1750.0,488,7278.802701
2330.0,576,7330.058018
2680.0,735,7401.356125
2660.0,923,7487.469423
2510.0,726,7558.693503
2550.0,758,7630.724535
1940.0,512,7679.388517
2280.0,695,7741.099601
2150.0,589,7791.732625
3130.0,882,7876.052675
3060.0,827,7958.742125
1690.0,449,7996.917038
1770.0,534,8046.444643
1530.0,497,8094.228228
2340.0,714,8156.864043
2400.0,625,8217.154947
2190.0,661,8278.737189
2790.0,753,8351.279437
1890.0,517,8399.936589
1840.0,471,8447.252528
1940.0,561,8496.714071
1680.0,526,8546.278655
1550.0,446,8584.421489
2170.0,702,8655.076104
2450.0,647,8715.716868
1500.0,504,8763.948154
2650.0,700,8826.036689
1760.0,459,8864.264339
2640.0,665,8934.062978
2440.0,619,8985.5961
2250.0,522,9034.351492
1870.0,495,9082.375746
1190.0,394,9118.729223
1980.0,509,9167.50059
2130.0,574,9217.542568
2170.0,619,9277.313416
1810.0,502,9325.559746
1690.0,502,9374.0315
1830.0,459,9412.33813
990.0,334,9447.111768
1860.0,563,9496.820408
2230.0,579,9555.976887
2160.0,561,9605.931214
2060.0,608,9657.216411
1470.0,424,9702.896391
3020.0,663,9765.118038
1550.0,428,9802.399117
2270.0,619,9862.060158
2290.0,541,9911.402182
2400.0,672,9973.351073
2350.0,672,10035.22515
1820.0,585,10094.218428
2290.0,736,10158.080194
1810.0,560,10216.170598
1720.0,521,10264.704169
2570.0,706,10326.917962
2690.0,855,10410.565344
2330.0,624,10462.316228
2030.0,530,10519.769298
2120.0,553,10569.472805
1780.0,448,10607.458395
2080.0,603,10666.840948
2640.0,666,10728.922595
2400.0,732,10800.826886
2270.0,701,10863.199493
2040.0,507,10911.329631
1920.0,564,10962.350593
2140.0,711,11033.425186
2030.0,578,11083.938708
1570.0,519,11132.719798
1770.0,515,11181.563976
2230.0,643,11242.224317
1890.0,540,11291.67968
2380.0,725,11363.377346
2460.0,700,11425.933034
2100.0,589,11485.058457
2280.0,739,11548.835682
1830.0,551,11598.342705
2110.0,566,11656.335653
2250.0,684,11718.33512
2100.0,629,11778.362014
2100.0,552,11828.161565
2530.0,710,11899.520143
2810.0,720,11962.665318
2540.0,684,12024.330603
1370.0,457,12070.612719
2440.0,745,12142.654537
1640.0,480,12182.820999
2460.0,698,12252.927855
3000.0,808,12327.443337
2130.0,603,12378.483019
2290.0,582,12437.55434
2090.0,651,12498.660959
2910.0,724,12561.580743
1960.0,524,12610.23255
2160.0,693,12680.719275
2650.0,697,12742.809779
2340.0,583,12801.516983
2130.0,588,12852.48276
2070.0,594,12911.596133
2320.0,737,12974.894492
1720.0,509,13023.313372
1910.0,521,13071.95102
2880.0,911,13157.549468
2440.0,730,13229.108808
2430.0,643,13289.651643
1900.0,494,13337.4114
2730.0,836,13413.206548
2540.0,740,13485.456489
2600.0,585,13536.395205
2360.0,623,13596.636795
1860.0,492,13644.273914
2360.0,708,13707.063817
2740.0,803,13781.174328
2430.0,744,13853.387783
2430.0,740,13925.319747
2120.0,596,13976.054782
1900.0,561,14033.965332
2400.0,763,14107.147137
1580.0,465,14145.794865
1860.0,514,14194.231301
2770.0,792,14267.695379
2300.0,738,14340.008009
1820.0,537,14389.053524
1970.0,588,14439.964949
2090.0,580,14498.460331
2500.0,702,14561.440424
2110.0,584,14621.617042
2550.0,620,14681.438072
1610.0,555,14731.505131
2560.0,736,14794.749912
2480.0,696,14865.691014
2610.0,762,14938.096482
1810.0,529,14987.057169
2610.0,706,15049.984993
1700.0,499,15097.910864
1870.0,612,15157.65939
3030.0,814,15231.352088
2220.0,674,15293.059012
2140.0,603,15353.000947
2120.0,592,15403.756119
2170.0,656,15465.174253
2200.0,664,15526.443547
2200.0,636,15587.009346
2580.0,690,15657.673368
2080.0,590,15708.634844
2110.0,627,15768.405534
2440.0,586,15819.072674
2510.0,719,15890.970896
2080.0,585,15941.516982
1770.0,508,15989.986159
2090.0,527,16039.186542
2330.0,565,16097.461572
1520.0,428,16134.952952
2090.0,572,16185.23583
2910.0,796,16258.725711
2060.0,586,16317.488769
1650.0,512,16365.724113
1640.0,486,16413.668949
3570.0,826,16487.781973
2510.0,563,16537.62433
3010.0,829,16620.685018
2360.0,627,16672.85267
2430.0,719,16744.361615
3120.0,845,16819.368552
2620.0,764,16891.848465
2140.0,578,16950.579705
1870.0,575,17001.046073
2400.0,687,17064.569417
3180.0,930,17158.47843
1790.0,532,17207.589936
3160.0,821,17281.8912
2190.0,612,17341.694922
1960.0,574,17392.274097
2960.0,796,17466.390718
2570.0,740,17538.775596
2540.0,700,17601.124325
1780.0,516,17649.461531
2210.0,620,17709.866761
1750.0,503,17758.270113
2520.0,709,17821.202152
2920.0,802,17904.931835
2620.0,737,17968.71562
2580.0,681,18030.524242
2930.0,710,18101.964719
2060.0,618,18162.727405
1860.0,584,18213.015672
2630.0,716,18285.339845
2270.0,580,18335.718181
2670.0,793,18409.314279
2670.0,782,18482.626124
2600.0,793,18556.332238
2200.0,585,18615.183594
2290.0,710,18677.990483
2030.0,580,18736.70952
2170.0,682,18799.245249
2360.0,729,18870.577729
2490.0,700,18932.955151
2580.0,684,18994.84479
2490.0,703,19065.969395
2120.0,624,19117.681885
2260.0,675,19187.75044
2240.0,549,19237.633163
2200.0,672,19299.073074
2360.0,703,19361.382333
2280.0,668,19423.161484
2400.0,760,19496.081284
2480.0,735,19568.806331
2230.0,584,19619.495954
2170.0,574,19678.267312
1860.0,493,19726.041302
1940.0,591,19777.023395
2600.0,711,19848.008042
1740.0,506,19896.938205
2250.0,705,19959.439349
2330.0,610,20019.176745
2370.0,700,20081.660332
2730.0,688,20144.010171
2490.0,671,20205.501205
2410.0,591,20264.830111
2920.0,766,20337.263985
2190.0,656,20399.57503
3090.0,735,20471.542576
2020.0,664,20532.954917
1830.0,529,20581.77677
2530.0,779,20655.146681
2340.0,672,20716.739108
2510.0,742,20790.402202
2910.0,703,20853.026035
2010.0,601,20912.701678
2940.0,786,20986.420457
2290.0,640,21046.840023
2710.0,691,21109.138463
2290.0,586,21159.734325
1980.0,598,21219.594033
1710.0,539,21269.023318
2330.0,727,21340.73163
2190.0,592,21391.436219
2320.0,578,21450.401282
1630.0,481,21489.417536
1850.0,594,21549.090841
2450.0,608,21609.226833
2100.0,596,21660.067634
2030.0,539,21709.555596
2710.0,696,21780.440086
1720.0,515,21828.914919
2780.0,767,21893.478354
2860.0,772,21967.608154
2340.0,668,22037.580023
2550.0,658,22098.800442
2930.0,795,22172.399915
1690.0,482,22211.382158
1800.0,545,22269.172149
2090.0,619,22320.544308
2380.0,684,22391.089053
1940.0,598,22441.998801
1620.0,482,22489.567007
1950.0,611,22540.712089
2150.0,614,22600.828207
2290.0,624,22660.798577
2920.0,817,22735.353351
2280.0,690,22805.834955
2380.0,663,22867.391164
2010.0,564,22917.354818
2080.0,625,22977.743163
2920.0,856,23053.312402
2060.0,593,23112.65864
2060.0,592,23163.412517
2220.0,705,23235.307555
2720.0,816,23309.413201
1990.0,575,23368.092965
2730.0,682,23429.95226
2210.0,583,23480.407849
1900.0,547,23538.519137
2640.0,649,23590.868462
2880.0,843,23674.533264
2230.0,621,23734.497028
3190.0,829,23809.114298
2600.0,773,23882.692548
2170.0,620,23942.623354
1860.0,586,23993.443624
2660.0,851,24077.537843
2460.0,707,24140.462415
2730.0,673,24210.386273
2500.0,642,24262.966999
3140.0,764,24335.65797
2400.0,731,24408.242559
2030.0,626,24468.37754
2610.0,779,24541.611038
2490.0,782,24615.441898
2080.0,586,24666.091074
2190.0,683,24736.186567
2480.0,753,24800.202245
2740.0,761,24872.723829
1830.0,489,24920.495207
1960.0,572,24970.37866
1940.0,565,25028.74801
2660.0,734,25092.280041
2310.0,694,25163.051713
2720.0,834,25237.630258
1910.0,634,25298.77412
2410.0,746,25370.783757
2720.0,792,25444.302446
2490.0,731,25507.923744
2910.0,830,25590.909309
3190.0,1035,25689.19572
3080.0,981,25777.074635
2800.0,802,25859.607324
2000.0,586,25910.180191
2580.0,767,25983.359571
2260.0,648,26044.652698
2600.0,718,26107.698182
2830.0,845,26191.267702
2540.0,741,26264.027795
2150.0,578,26314.446754
2000.0,551,26364.188621
2960.0,918,26450.463642
2420.0,763,26522.860073
3040.0,915,26608.457126
2460.0,638,26669.132988
1880.0,608,26728.937569
2860.0,786,26802.538545
2870.0,881,26888.210343
2870.0,865,26963.871332
3310.0,1000,27060.391684
2540.0,796,27134.371028
2080.0,601,27193.9315
2580.0,716,27257.099205
2450.0,586,27316.365335
2130.0,680,27378.169575
2530.0,710,27449.049822
2110.0,596,27500.389168
2610.0,727,27572.480251
1950.0,559,27622.726651
1850.0,508,27671.588959
1660.0,490,27719.671525
2230.0,650,27780.980495
2110.0,655,27841.874968
2270.0,682,27903.894555
2780.0,721,27966.695599
1600.0,413,28012.435871
3060.0,797,28087.302694
2190.0,619,28139.385594
2000.0,606,28198.906837
2110.0,635,28259.426431
2210.0,762,28332.142946
2860.0,922,28417.62346
2910.0,821,28492.224268
2090.0,652,28552.872171
2450.0,729,28624.81256
2610.0,646,28685.514747
1910.0,667,28747.079848
3260.0,970,28843.065659
2510.0,813,28917.16545
2260.0,686,28979.632075
2490.0,705,29042.938826
2000.0,565,29101.633962
2620.0,886,29186.557661
2480.0,835,29261.113874
2460.0,763,29334.552439
2060.0,589,29385.423049
1600.0,575,29444.197792
1780.0,555,29493.819227
2290.0,690,29556.185337
2620.0,793,29638.313795
2320.0,740,29702.630897
2290.0,723,29774.523047
1690.0,498,29822.758882
2420.0,755,29886.817682
2290.0,556,29945.057551
2040.0,567,29995.411757
2530.0,800,30069.031492
2560.0,795,30142.767699
2320.0,604,30201.964137
2430.0,686,30263.809341
1790.0,535,30312.999556
2490.0,712,30384.775652
2060.0,591,30435.395751
2120.0,652,30496.545937
2050.0,660,30558.590262
2030.0,602,30617.929489
2060.0,593,30677.148365
2040.0,608,30728.477557
1570.0,522,30777.71653
1920.0,594,30836.832137
2200.0,701,30899.364295
2510.0,847,30983.017298
1810.0,570,31033.09831
2380.0,698,31095.473907
3000.0,849,31179.48953
2280.0,718,31242.418626
2520.0,698,31313.153191
1810.0,676,31375.054258
2900.0,795,31448.863557
2290.0,699,31519.474359
2290.0,721,31582.521261
2530.0,731,31654.255227
2380.0,677,31716.358326
2230.0,719,31780.451043
2540.0,744,31852.501724
3090.0,860,31936.504942
2340.0,702,31999.092788
2410.0,734,32070.624788
2790.0,911,32155.932895
1970.0,613,32216.229307
1750.0,503,32256.0987
2290.0,768,32328.686393
2600.0,713,32400.281887
2200.0,697,32462.300736
2130.0,669,32523.530026
2290.0,714,32594.489487
2080.0,583,32645.259467
2170.0,690,32715.571122
2640.0,738,32779.539446
2510.0,793,32853.045691
2200.0,702,32923.645416
2600.0,851,33000.303897
2160.0,736,33072.395704
1690.0,525,33121.426705
2610.0,719,33192.716664
2520.0,763,33256.881963
2150.0,847,33340.417852
2450.0,792,33414.060842
2170.0,630,33474.333306
2350.0,698,33536.654921
1690.0,586,33595.47328
1750.0,517,33643.984774
1940.0,754,33716.516717
2670.0,651,33777.605426
2250.0,707,33840.483924
3170.0,999,33936.994709
1960.0,564,33987.050473
2140.0,671,34048.943511
2110.0,713,34120.668792
2400.0,864,34197.605471
2640.0,766,34270.258621
2790.0,880,34355.051712
2280.0,744,34427.099012
2310.0,775,34500.171856
2470.0,759,34572.674516
3220.0,939,34659.528461
2710.0,931,34746.087975
2890.0,929,34832.856588
2620.0,784,34905.966129
2270.0,666,34967.69527
2140.0,703,35038.534871
2140.0,816,35113.210138
2910.0,820,35187.295621
1820.0,497,35235.231754
3020.0,885,35320.354902
2160.0,716,35383.494182
2220.0,756,35456.69842
2210.0,738,35528.92273
2540.0,812,35603.815123
2620.0,818,35687.687796
2310.0,651,35749.344386
2120.0,605,35800.903827
2580.0,721,35872.506753
2220.0,751,35936.698823
2030.0,628,35997.05312
2630.0,815,36080.436576
1820.0,482,36119.947134
1900.0,516,36168.843879
2140.0,677,36230.528635
2850.0,936,36325.572934
1630.0,484,36365.083307
2850.0,932,36460.166841
1840.0,591,36510.984602
1640.0,485,36558.926976
2540.0,726,36623.773662
2730.0,598,36683.094003
2000.0,569,36733.434936
1830.0,484,36781.631834
2050.0,501,36830.346578
3030.0,828,36905.722524
2200.0,584,36965.381747
1800.0,560,37015.317468
2720.0,848,37099.137772
2030.0,608,37151.470384
3270.0,793,37225.534669
2540.0,910,37310.8737
2260.0,637,37371.830526
2160.0,673,37433.547204
1670.0,471,37480.950736
1670.0,512,37529.366786
2030.0,701,37591.865983
2320.0,677,37654.062027
2280.0,748,37726.258278
3230.0,994,37822.736378
2310.0,601,37883.747303
1980.0,589,37934.704204
2240.0,738,38007.036269
2200.0,698,38069.196801
3060.0,842,38152.705906
2580.0,825,38227.081151
2130.0,595,38277.977563
2280.0,703,38349.249047
2270.0,571,38399.656131
2510.0,720,38471.035594
2440.0,702,38533.554227
2810.0,896,38618.84673
2350.0,634,38679.930201
1880.0,575,38730.526271
2160.0,724,38802.134917
2480.0,738,38874.525636
1580.0,496,38913.967782
3060.0,1026,39011.396898
2990.0,829,39096.187062
2150.0,590,39146.774614
2480.0,785,39219.877427
2770.0,909,39305.186725
1830.0,565,39363.842501
2060.0,658,39425.078264
1960.0,566,39475.063155
2280.0,701,39537.618913
1720.0,484,39585.617597
3110.0,906,39671.194814
2250.0,697,39742.661184
1540.0,486,39781.8445
2250.0,671,39843.440621
2990.0,735,39915.853711
1790.0,487,39963.156043
2310.0,684,40025.421419
2520.0,767,40098.119861
2310.0,706,40160.755325
2430.0,736,40232.579637
1810.0,523,40281.579777
2140.0,639,40342.659689
2390.0,784,40416.285374
2180.0,682,40478.231002
1800.0,638,40538.885208
2260.0,683,40601.321476
2320.0,726,40672.754756
2760.0,723,40735.623027
2250.0,695,40806.839425
2940.0,867,40891.520021
1970.0,589,40942.163978
3060.0,970,41037.602193
2570.0,717,41100.828688
2550.0,769,41174.125432
2930.0,928,41260.298327
2700.0,745,41332.28571
2390.0,709,41394.972669
2340.0,710,41466.093861
2490.0,704,41530.287686
2720.0,802,41604.36057
1940.0,593,41663.632322
1750.0,600,41723.388263
2700.0,844,41798.376065
2980.0,1005,41894.821413
2680.0,883,41980.520227
2180.0,678,42042.355119
1810.0,565,42092.469425
2080.0,624,42152.727118
2720.0,955,42240.047563
3270.0,1004,42336.956553
2120.0,607,42396.530372
2810.0,855,42472.689152
2150.0,635,42533.184036
2640.0,898,42618.406381
2610.0,751,42690.914047
2570.0,736,42764.068177
2420.0,835,42839.503391
2650.0,790,42913.222578
3210.0,1004,43010.270676
2660.0,711,43073.528708
2910.0,977,43169.612655
2660.0,992,43266.240855
2550.0,681,43328.096777
2600.0,703,43390.662154
2460.0,651,43451.887702
2150.0,580,43511.502495
2240.0,852,43587.183293
2170.0,610,43646.907547
2600.0,700,43709.326377
2330.0,764,43782.373951
2240.0,762,43855.046661
1610.0,498,43903.237248
2710.0,765,43976.956037
1920.0,483,44016.018571
2280.0,763,44088.966821
2330.0,710,44160.197001
2390.0,793,44233.832506
2870.0,872,44318.970222
1970.0,591,44369.747438
2050.0,584,44428.796211
2210.0,551,44478.216262
2470.0,771,44551.453711
1970.0,573,44601.714389
1550.0,428,44639.570661
2380.0,702,44710.58949
2460.0,656,44771.475529
2400.0,816,44845.719528
1810.0,586,44904.631977
2610.0,754,44969.016074
2310.0,659,45030.611787
3190.0,1031,45128.225384
2660.0,934,45223.743159
2850.0,811,45297.875773
2260.0,683,45359.53895
1940.0,589,45418.76786
2080.0,706,45481.327779
2490.0,816,45555.974218
2360.0,768,45628.826236
1990.0,677,45690.602608
3420.0,1202,45809.797136
1890.0,583,45860.22243
1850.0,588,45919.933661
2660.0,875,46004.199796
2390.0,774,46068.755171
2100.0,736,46140.688925
2090.0,618,46200.493881
2990.0,991,46296.455713
1690.0,575,46346.799452
2580.0,712,46410.943689
2520.0,836,46493.920499
2930.0,1035,46591.272419
2480.0,839,46666.283386
3320.0,1088,46773.929774
2640.0,1022,46871.04175
2910.0,880,46947.31485
1970.0,588,47006.050203
2710.0,756,47078.845485
1910.0,555,47128.75918
3100.0,850,47213.057966
2510.0,786,47286.235251
2280.0,680,47347.972155
3000.0,830,47422.875749
2880.0,661,47483.873784
2540.0,742,47555.769905
2320.0,631,47616.029044
2230.0,654,47677.837373
1740.0,492,47725.195168
2080.0,667,47786.426239
1950.0,666,47847.721557
2470.0,861,47931.643642
2190.0,693,47993.576888
2440.0,692,48055.360611
2990.0,888,48139.328484
2320.0,534,48188.537129
2760.0,604,48248.101133
2360.0,763,48320.738698
2270.0,636,48381.217605
2850.0,877,48457.197966
2550.0,827,48540.020788
2240.0,589,48591.040234
2610.0,845,48674.796979
2410.0,748,48738.62401
1970.0,589,48797.778066
2340.0,766,48871.827528
2380.0,635,48932.25028
2530.0,805,49006.849236
2510.0,744,49078.867277
2620.0,890,49163.698153
1840.0,572,49213.767929
2300.0,778,49286.765006
1800.0,617,49346.770986
2740.0,820,49420.960776
2310.0,613,49480.603272
1860.0,620,49531.882357
1600.0,496,49579.863855
3270.0,873,49663.999929
2000.0,605,49723.67361
2620.0,793,49797.101154
1760.0,577,49847.723908
2170.0,565,49897.259347
2610.0,803,49979.228662
2230.0,804,50053.111684
2350.0,724,50117.881948
3230.0,877,50201.930009
1970.0,532,50251.035267
2010.0,644,50311.893741
3370.0,1212,50431.79485
2500.0,623,50483.590216
2430.0,710,50554.6212
2390.0,842,50629.431845
2990.0,866,50713.773579
2350.0,644,50775.045489
2260.0,680,50836.826882
2710.0,879,50921.27048
2860.0,895,51006.150151
2490.0,747,51078.033866
1920.0,588,51128.483917
2280.0,631,51188.977727
2840.0,871,51272.954952
2560.0,911,51359.268843
2680.0,761,51431.898506
3070.0,926,51518.705393
2380.0,750,51582.802092
2450.0,814,51665.128563
2150.0,576,51715.336717
1970.0,588,51774.421251
2640.0,902,51859.744739
2640.0,757,51923.722754
2570.0,731,51995.38571
2730.0,737,52067.934933
2840.0,693,52130.343374
2030.0,619,52189.881217
2150.0,487,52237.659151
2630.0,741,52300.812581
2840.0,714,52372.209779
2550.0,669,52433.985158
2140.0,569,52484.26376
2530.0,753,52557.427804
2710.0,867,52641.404602
2090.0,575,52691.721299
2400.0,611,52751.766179
2230.0,660,52813.074441
2630.0,798,52886.251096
2860.0,693,52948.629702
1460.0,379,52984.593264
1980.0,510,53033.089444
1810.0,484,53080.539411
2980.0,892,53165.582011
2090.0,536,53214.51789
2120.0,519,53263.243572
2350.0,625,53323.545933
2580.0,759,53387.920321
2370.0,662,53457.782041
2480.0,679,53519.419176
2190.0,666,53580.954558
2640.0,784,53653.84837
2050.0,607,53713.836189
2240.0,552,53764.203754
1550.0,443,53802.504794
2250.0,652,53863.654852
2940.0,830,53947.193148
2140.0,627,53999.052385
2430.0,735,54071.014515
2770.0,815,54145.453227
360.0,227,54168.541451
1300.0,398,54205.489099
1950.0,528,54254.342827
2680.0,709,54325.001149
2000.0,517,54365.047969
2030.0,536,54423.060604
1610.0,469,54461.872701
2890.0,802,54536.26023
2340.0,646,54597.423276
2470.0,825,54680.702269
2380.0,639,54740.9864
2850.0,797,54815.091056
2560.0,717,54878.509544
2520.0,794,54953.874986
1700.0,448,55000.175362
2730.0,838,55074.914352
2620.0,729,55146.784639
2790.0,780,55220.133146
2720.0,752,55292.658788
2470.0,594,55343.804501
2410.0,551,55393.928834
2240.0,737,55466.751418
2790.0,720,55538.11574
1720.0,484,55578.164944
2370.0,642,55638.789793
2290.0,662,55700.370315
3170.0,918,55786.675135
1380.0,418,55832.267862
2730.0,833,55907.463451
2730.0,829,55982.417829
2090.0,570,56041.64352
2680.0,892,56127.207748
2340.0,683,56190.711057
1960.0,555,56240.338039
2160.0,684,56303.351774
2680.0,739,56376.002888
2940.0,816,56450.538816
2580.0,663,56511.957953
3180.0,958,56607.486528
2670.0,627,56667.934748
2700.0,750,56732.3321
2170.0,584,56791.592641
2300.0,740,56864.368862
2120.0,578,56914.949941
2340.0,626,56975.76521
2250.0,636,57036.798834
2370.0,645,57097.850588
2020.0,621,57149.869249
2840.0,826,57233.414396
2280.0,629,57294.129731
2440.0,746,57358.652217
2340.0,631,57420.621407
2560.0,630,57480.621085
2490.0,683,57542.965912
1920.0,534,57592.620749
2340.0,631,57654.031874
2210.0,628,57714.476429
2080.0,593,57774.423315
2420.0,701,57836.903372
1920.0,516,57885.873995
1980.0,486,57933.941352
1870.0,526,57983.014318
2220.0,610,58034.646782
2200.0,584,58094.041862
3710.0,1117,58194.465119
2250.0,655,58265.101565
2610.0,760,58329.590033
2240.0,552,58387.703126
2290.0,541,58437.548108
2130.0,568,58488.140589
2370.0,663,58549.486819
1990.0,565,58607.716352
2120.0,626,58660.767219
2270.0,543,58710.711462
2800.0,733,58782.716206
2840.0,864,58867.790019
2430.0,658,58929.145066
2810.0,630,58989.604308
2480.0,765,59062.536019
1990.0,597,59113.712075
2500.0,836,59197.397645
2170.0,626,59249.500778
2950.0,710,59320.790657
2160.0,589,59371.715706
2540.0,675,59442.320666
1810.0,486,59482.06953
2300.0,614,59542.319451
2620.0,754,59615.241519
2790.0,722,59678.71386
2280.0,708,59749.977301
2600.0,745,59822.121784
2120.0,627,59874.978435
2880.0,827,59958.261256
2230.0,639,60019.782536
2120.0,625,60072.125249
2140.0,512,60121.023786
3140.0,809,60203.952978
2860.0,747,60268.046849
2340.0,622,60328.262797
2910.0,805,60402.415279
2330.0,652,60463.827388
2050.0,649,60524.889471
2080.0,578,60583.908046
2250.0,634,60645.213219
2430.0,609,60696.701017
2320.0,696,60767.486158
2560.0,719,60830.726083
2670.0,683,60893.21797
2550.0,630,60954.281356
2700.0,669,61016.109848
2410.0,625,61077.154752
2400.0,604,61138.152684
2390.0,709,61201.095135
2270.0,698,61272.243469
2670.0,725,61335.555566
2360.0,713,61407.037794
2580.0,685,61469.352496
2880.0,807,61543.803486
2140.0,665,61605.300217
3110.0,792,61679.174515
2490.0,794,61753.051138
3120.0,757,61825.97782
2360.0,721,61897.940326
2560.0,749,61971.086071
2750.0,736,62035.02701
2290.0,610,62095.000724
2690.0,730,62167.137275
2200.0,621,62219.168585
2680.0,744,62291.892564
2980.0,847,62376.854669
2170.0,585,62427.643607
2910.0,656,62488.757391
2770.0,751,62561.425632
2760.0,796,62635.763542
3140.0,829,62711.048929
2310.0,676,62782.231762
2690.0,780,62855.703054
2400.0,610,62907.327515
3050.0,796,62981.28457
2400.0,737,63053.719904
2590.0,683,63115.931319
2700.0,701,63187.400056
2910.0,677,63249.270761
2810.0,906,63335.486146
2330.0,609,63395.598593
2550.0,724,63459.205573
2860.0,724,63531.207171
2840.0,853,63608.050725
2990.0,739,63680.311267
2380.0,630,63740.939143
2900.0,883,63826.161471
1010.0,361,63853.445405
3030.0,817,63937.072889
2940.0,879,64013.957619
2080.0,535,64071.589923
2180.0,600,64123.000371
2200.0,680,64185.304861
2400.0,684,64256.136221
2620.0,707,64318.982045
2320.0,614,64379.448079
1890.0,564,64429.7946
2370.0,631,64490.534255
2450.0,686,64553.412003
2650.0,683,64616.213294
2590.0,661,64686.005269
2680.0,702,64748.777806
1890.0,530,64799.105527
2400.0,624,64860.051629
2590.0,732,64923.922199
2870.0,744,64996.802946
2200.0,647,65058.15202
2340.0,653,65119.791255
2930.0,793,65194.012306
2480.0,592,65253.724138
2380.0,605,65305.182965
2520.0,619,65365.960998
2880.0,806,65440.412068
2240.0,644,65501.842128
2760.0,828,65585.187905
1670.0,496,65633.284698
2690.0,670,65695.23212
2740.0,695,65758.011008
2240.0,628,65818.923917
2560.0,677,65881.177418
2830.0,686,65943.415684
2350.0,664,66006.447681
1790.0,543,66064.216771
2160.0,564,66114.438547
2530.0,642,66175.361778
2710.0,785,66249.405396
1950.0,550,66299.513585
2250.0,713,66371.501541
2590.0,777,66444.811987
2350.0,782,66518.835837
2280.0,669,66581.079096
2550.0,789,66654.998864
3160.0,849,66730.339156
3130.0,959,66826.485102
2470.0,625,66887.036757
3280.0,825,66962.523721
2350.0,650,67023.554993
1970.0,570,67073.926059
1720.0,552,67123.785913
1650.0,506,67172.310686
2210.0,583,67232.574071
2870.0,813,67307.161037
2380.0,616,67367.315492
1660.0,497,67415.956499
2470.0,641,67476.976636
2670.0,725,67540.494761
2140.0,667,67602.594382
1920.0,529,67651.56708
2040.0,526,67700.680604
2020.0,557,67759.575944
2610.0,701,67822.374056
3040.0,799,67896.682767
1930.0,667,67958.402295
2220.0,622,68018.737663
2360.0,782,68092.528378
1460.0,502,68140.990564
2570.0,596,68192.838447
2680.0,783,68266.303763
2130.0,575,68325.162905
2200.0,546,68374.983898
2560.0,711,68446.616197
2560.0,775,68520.877303
2510.0,742,68585.738867
2540.0,690,68656.539228
2600.0,729,68720.279128
2570.0,700,68791.658008
2680.0,675,68853.719712
2650.0,732,68917.837775
2620.0,731,68990.290096
2170.0,687,69052.699057
2660.0,742,69124.960024
2310.0,712,69188.80228
2710.0,758,69262.137876
2110.0,580,69321.248369
2140.0,600,69373.007547
3320.0,888,69458.412603
2440.0,700,69529.348767
3000.0,786,69603.555225
2330.0,696,69666.598498
3260.0,889,69752.574492
3050.0,811,69827.391881
2040.0,508,69875.982448
2510.0,652,69937.133054
2780.0,704,70000.264782
2870.0,851,70084.272646
2710.0,830,70159.852087
2530.0,682,70230.098224
2030.0,570,70280.177557
2170.0,625,70341.063149
2790.0,764,70414.184063
2360.0,712,70477.210386
2400.0,711,70549.138409
2060.0,562,70599.788446
1750.0,515,70648.534673
2790.0,826,70723.682534
2320.0,670,70785.682079
2900.0,857,70870.346045
2730.0,710,70934.633555
2620.0,779,71007.883401
3300.0,931,71102.612258
2320.0,644,71164.103126
3550.0,980,71252.10554
2590.0,738,71324.700839
2320.0,674,71386.717733
2340.0,620,71447.226295
2260.0,627,71508.024036
2820.0,797,71582.224365
1920.0,538,71631.362916
2010.0,547,71681.087676
2370.0,684,71743.146497
2160.0,623,71803.822249
2430.0,675,71865.747248
2090.0,699,71936.728704
2010.0,574,71987.179205
2060.0,602,72047.265228
3450.0,904,72133.291746
2980.0,816,72208.513066
3040.0,855,72284.329511
2690.0,776,72357.691683
2560.0,708,72429.344525
2340.0,700,72492.266433
2910.0,709,72563.876285
1920.0,502,72611.812483
2620.0,776,72685.690757
1970.0,550,72735.759657
2830.0,853,72811.758989
3210.0,963,72907.761555
2610.0,695,72969.801425
2420.0,725,73041.65888
2760.0,760,73114.722292
2160.0,617,73166.892974
3180.0,889,73251.920707
2020.0,609,73311.975038
2760.0,721,73376.601588
2350.0,572,73435.348376
3360.0,792,73509.614279
2290.0,592,73560.517036
2730.0,822,73644.167629
2310.0,593,73695.499991
2380.0,630,73755.869654
2340.0,624,73816.208242
2900.0,748,73888.809119
2760.0,794,73963.32454
2370.0,698,74026.005267
2230.0,620,74086.363585
2520.0,672,74148.558899
2110.0,580,74199.078882
3210.0,882,74284.569409
2270.0,550,74334.468404
3470.0,929,74429.132254
2280.0,664,74490.504298
2420.0,715,74553.872901
2230.0,525,74604.410002
2470.0,602,74663.964716
2310.0,741,74736.358063
2520.0,702,74798.98599
2160.0,632,74859.487096
2340.0,632,74919.641673
2170.0,614,74971.48959
2660.0,731,75043.813658
2700.0,722,75115.551649
2140.0,646,75176.908957
2850.0,670,75238.62413
2250.0,609,75290.172225
2080.0,624,75350.566583
1960.0,593,75410.078192
1720.0,506,75458.396152
2330.0,660,75519.883483
2000.0,629,75572.708749
2360.0,684,75643.239997
2330.0,567,75693.546942
2550.0,715,75765.258318
2110.0,608,75816.29272
2900.0,846,75901.159456
2910.0,652,75962.280027
2420.0,618,76022.75423
2450.0,674,76084.333516
2230.0,607,76135.830067
2170.0,600,76195.59357
2460.0,620,76255.868835
2530.0,717,76319.173161
2670.0,754,76391.802756
2630.0,715,76463.177299
1820.0,450,76501.890172
2230.0,618,76561.714827
2260.0,567,76611.923026
2140.0,577,76662.683034
2010.0,547,76720.604253
2640.0,746,76784.475077
2410.0,641,76845.4127
2600.0,712,76916.656337
2530.0,655,76977.618933
2360.0,685,77039.409541
2390.0,690,77102.952981
2370.0,604,77162.557516
2020.0,627,77222.945848
2460.0,672,77284.769115
2100.0,590,77344.159591
2960.0,809,77418.561278
2160.0,521,77467.483567
2470.0,687,77529.482944
2340.0,608,77589.179521
2070.0,555,77639.228901
2420.0,630,77700.388434
2430.0,683,77762.243378
2870.0,776,77835.671986
1830.0,536,77884.932922
2460.0,749,77956.590182
2380.0,620,78016.470964
1950.0,563,78066.494327
2440.0,578,78117.032272
1940.0,524,78165.560946
2700.0,710,78236.426822
2470.0,639,78297.862803
2460.0,699,78360.063887
2200.0,642,78420.859533
2500.0,707,78483.6681
2380.0,577,78542.468031
1890.0,547,78592.306956
1490.0,448,78638.703114
2370.0,660,78699.698819
2180.0,692,78761.982243
2280.0,629,78821.871872
2650.0,720,78884.784335
2120.0,574,78943.540584
2510.0,672,79005.159678
1630.0,429,79042.990969
2290.0,697,79105.198179
2340.0,628,79165.583401
2740.0,732,79237.435576
3170.0,789,79311.213503
2230.0,507,79359.246065
2640.0,694,79421.366953
2540.0,713,79493.785566
2190.0,646,79554.233222
2230.0,600,79604.9954
2000.0,607,79665.220364
2210.0,592,79716.087591
2490.0,653,79777.172763
2330.0,730,79848.952253
2630.0,616,79909.166918
2260.0,595,79959.964594
2540.0,698,80030.720362
2360.0,662,80092.40122
1920.0,568,80142.57244
2200.0,528,80191.467112
1980.0,585,80250.649604
2460.0,639,80311.277801
2580.0,759,80375.448385
2620.0,693,80446.243834
1760.0,500,80494.345624
2480.0,602,80545.423586
2680.0,715,80616.780732
2510.0,691,80679.40172
2170.0,619,80740.734825
2380.0,567,80790.834495
2450.0,717,80862.379365
2630.0,797,80935.595327
2780.0,776,81009.065353
2370.0,730,81073.028828
2600.0,737,81145.176648
2110.0,705,81207.715336
2700.0,797,81289.548474
3130.0,805,81363.670889
2770.0,773,81436.726525
2650.0,729,81500.122523
2700.0,692,81570.863762
2310.0,747,81634.875556
2280.0,788,81708.158726
1880.0,576,81767.128555
2570.0,726,81830.816242
2410.0,647,81891.661246
2650.0,692,81962.962018
2730.0,680,82024.47853
2510.0,659,82085.710248
2430.0,720,82156.896198
2360.0,648,82217.756922
2710.0,761,82281.723935
2360.0,697,82352.032627
2480.0,652,82413.372147
2030.0,655,82474.546484
2530.0,743,82546.363467
2250.0,664,82607.512182
2160.0,569,82657.966091
3070.0,926,82743.963248
1880.0,581,82802.767054
2280.0,662,82863.945509
2350.0,596,82914.839653
2140.0,645,82975.617337
2330.0,715,83046.55045
2530.0,580,83097.065413
2110.0,662,83159.119151
2230.0,663,83220.1752
2390.0,709,83291.107513
2420.0,658,83352.548678
2340.0,710,83414.747905
2470.0,706,83485.503662
2630.0,743,83549.154364
2580.0,715,83620.283081
2160.0,632,83680.628437
2050.0,530,83729.850112
3110.0,868,83813.922411
2030.0,589,83864.325795
2590.0,739,83936.481871
1810.0,563,83986.282737
2890.0,852,84069.835304
2450.0,712,84132.846148
2750.0,793,84206.513888
2390.0,682,84268.481121
2900.0,819,84351.183868
2120.0,620,84412.328927
2280.0,633,84464.462619
2210.0,626,84525.056505
2890.0,783,84598.496967
2980.0,936,84684.747956
2100.0,703,84756.173041
3010.0,886,84840.61311
2100.0,633,84901.10218
2340.0,821,84975.113235
2240.0,606,85034.4318
1920.0,691,85096.735246
2730.0,710,85159.42729
2800.0,817,85242.164718
2370.0,694,85304.151856
2670.0,845,85379.454394
2620.0,763,85452.059349
2380.0,673,85521.849015
2860.0,739,85585.494997
2160.0,632,85646.536296
2730.0,815,85720.846576
3170.0,852,85804.85332
2090.0,561,85854.523071
2680.0,668,85916.226462
2470.0,735,85987.99792
2280.0,665,86049.527225
2210.0,651,86110.551975
2440.0,680,86172.29716
2420.0,643,86233.171858
2810.0,787,86306.461216
1720.0,496,86354.726739
2440.0,734,86426.090542
2370.0,588,86477.156186
2700.0,820,86560.687253
2780.0,721,86623.582612
2620.0,822,86697.949616
2450.0,745,86770.56866
2360.0,625,86831.709962
1920.0,555,86881.323044
3050.0,918,86966.776725
1800.0,549,87024.831874
2340.0,626,87076.547484
1750.0,483,87124.213467
2810.0,855,87207.793792
2380.0,621,87260.287967
2280.0,653,87321.970389
2690.0,703,87393.05372
2280.0,653,87453.584732
1890.0,559,87503.13736
3110.0,762,87575.824232
2370.0,695,87638.894226
2810.0,724,87709.9656
2350.0,722,87773.204226
2150.0,589,87832.399273
2530.0,763,87904.690573
2390.0,726,87967.975497
2620.0,739,88040.926982
3190.0,913,88126.171925
2310.0,692,88196.794098
2260.0,592,88247.491283
2960.0,800,88321.18451
3070.0,886,88406.189557
2110.0,611,88466.295604
2970.0,868,88541.973025
1980.0,574,88600.682517
2170.0,685,88662.846145
3050.0,932,88748.684692
2000.0,647,88809.688177
2480.0,679,88871.075217
2260.0,636,88931.427434
2320.0,625,88991.888829
2150.0,607,89051.403009
2200.0,682,89113.32118
2040.0,636,89173.977845
2420.0,687,89235.76995
2340.0,760,89309.219158
3140.0,802,89383.034504
2070.0,573,89441.872901
2200.0,651,89503.063306
2450.0,766,89575.713821
2000.0,629,89627.743528
2290.0,682,89697.667094
2540.0,734,89760.936448
1970.0,610,89820.405446
2900.0,813,89894.160692
2460.0,777,89966.944725
2630.0,788,90040.331908
1950.0,566,90098.422408
2730.0,808,90172.120988
2600.0,685,90234.012291
2280.0,700,90296.487531
2080.0,559,90354.562088
2620.0,789,90428.150036
2490.0,761,90501.459738
2720.0,861,90576.607998
3110.0,788,90650.143035
1840.0,558,90708.204099
2110.0,672,90769.765406
2080.0,624,90829.577091
2380.0,755,90893.628047
2500.0,812,90975.665189
2920.0,764,91048.252084
1770.0,528,91097.395061
2590.0,775,91170.313323
2220.0,624,91222.381018
2310.0,650,91283.021823
2490.0,685,91352.945409
2260.0,707,91415.326225
2420.0,744,91487.146763
2430.0,737,91550.881564
2730.0,788,91632.435457
2260.0,681,91695.45127
1970.0,613,91746.495217
2170.0,685,91816.772654
2700.0,750,91888.830794
3150.0,808,91962.888392
2120.0,649,92023.839441
1940.0,633,92084.38833
1860.0,564,92134.048779
2960.0,1009,92230.569868
2370.0,781,92303.27522
2130.0,620,92354.793817
2240.0,636,92415.088133
2340.0,739,92487.054085
2190.0,597,92546.137813
2210.0,781,92618.911814
2560.0,790,92692.289201
2360.0,675,92754.024375
2160.0,680,92815.941007
2680.0,819,92889.551841
2470.0,856,92974.136634
2460.0,732,93045.531746
2610.0,759,93117.97652
2350.0,707,93180.2323
2690.0,821,93254.794713
3140.0,911,93340.010681
2370.0,832,93422.876826
2230.0,740,93486.375306
2560.0,886,93570.717188
2510.0,812,93653.191041
2310.0,787,93726.055765
2150.0,686,93787.597983
1910.0,640,93847.781992
2780.0,829,93921.942196
1860.0,663,93982.941443
2260.0,697,94053.08575
2630.0,806,94128.046567
2930.0,860,94202.97073
1890.0,573,94261.562957
2890.0,803,94334.919023
2690.0,723,94406.428941
2620.0,849,94481.289906
1610.0,518,94529.418698
2470.0,706,94600.139266
3280.0,813,94674.07377
2340.0,760,94746.683189
2900.0,1040,94844.483137
3190.0,1050,94942.053832
3100.0,836,95017.299403
2480.0,828,95100.354888
2250.0,790,95173.937175
2260.0,586,95224.45382
2570.0,794,95297.890162
2970.0,811,95381.129206
1940.0,579,95431.545189
3140.0,844,95514.878212
2820.0,747,95578.248592
2930.0,791,95651.200596
2540.0,770,95724.408898
2460.0,757,95796.704391
2880.0,817,95870.729873
2820.0,905,95955.815245
2920.0,848,96039.618825
2870.0,994,96135.428869
2560.0,682,96197.576056
2390.0,828,96271.665997
2640.0,758,96343.848451
2310.0,766,96416.466917
2180.0,649,96477.437442
2120.0,764,96550.244918
2210.0,686,96612.773901
2730.0,808,96686.49593
3160.0,926,96780.776515
2810.0,770,96844.821534
2440.0,667,96914.276674
2580.0,847,96989.392463
1810.0,563,97039.695411
2410.0,659,97100.175637
2730.0,919,97193.515111
1940.0,641,97245.746308
2880.0,927,97339.425897
2060.0,575,97389.616106
2780.0,976,97484.595153
2570.0,820,97559.349758
2200.0,630,97619.197089
2790.0,809,97693.489288
2410.0,733,97764.942046
2400.0,687,97827.671582
2240.0,692,97889.652347
2600.0,762,97962.181002
2350.0,706,98033.261129
2070.0,572,98083.231862
2980.0,873,98167.797404
3330.0,955,98254.105785
2110.0,663,98315.255512
2630.0,682,98376.647212
2200.0,603,98436.359193
3130.0,740,98508.125923
2040.0,660,98569.19335
2780.0,840,98644.615658
2150.0,721,98715.524842
2800.0,850,98790.290504
2080.0,619,98849.858661
2930.0,795,98923.005261
2810.0,789,98997.205686
3240.0,857,99080.44181
2580.0,677,99141.693867
2410.0,674,99203.239746
2380.0,687,99273.714775
2690.0,761,99337.716901
2750.0,783,99410.425004
1800.0,569,99468.703965
2710.0,755,99540.928091
2590.0,762,99605.463143
2940.0,817,99688.135682
2430.0,624,99748.302197
1780.0,544,99797.447193
2950.0,889,99881.747932
2870.0,814,99955.852194
2080.0,637,100016.400685
2130.0,650,100076.767121
2430.0,715,100139.065705
2160.0,749,100212.392108
1800.0,511,100260.512993
2880.0,850,100335.331163
2570.0,677,100405.438335
3030.0,923,100492.110962
2670.0,850,100567.615043
1900.0,563,100625.652844
2760.0,836,100700.448636
2890.0,815,100774.4524
2570.0,736,100846.416253
2220.0,694,100908.515962
2530.0,814,100990.31828
2510.0,742,101053.979272
3020.0,855,101137.443336
3080.0,950,101223.603925
2680.0,874,101307.986574
2070.0,552,101357.537752
1920.0,614,101416.944
2670.0,883,101502.047545
2760.0,746,101573.789188
2510.0,738,101636.734427
3160.0,938,101722.763679
2540.0,775,101795.398143
2320.0,698,101866.092759
2730.0,797,101939.797042
2960.0,897,102024.317756
2450.0,763,102097.27159
2000.0,703,102159.354136
2420.0,790,102232.850816
2750.0,761,102305.454545
2710.0,783,102378.124709
2650.0,821,102452.262295
2060.0,652,102512.688218
3210.0,984,102608.114289
3160.0,940,102695.235734
2740.0,825,102778.084893
2420.0,742,102841.265924
2520.0,683,102910.951936
3190.0,952,102997.833094
2540.0,779,103070.667335
2310.0,727,103142.006252
2410.0,750,103205.952265
2600.0,758,103278.585881
3080.0,897,103363.362663
2910.0,701,103425.664746
3030.0,964,103520.476603
2420.0,745,103592.387113
2510.0,785,103665.409053
3260.0,939,103750.906733
3070.0,985,103846.841405
2510.0,733,103910.536163
2690.0,786,103983.616873
3710.0,978,104079.414502
2480.0,796,104152.646124
2590.0,629,104212.879861
2430.0,749,104284.964001
2850.0,797,104358.508539
2620.0,810,104432.380926
3380.0,1006,104528.948336
2620.0,757,104601.059616
2150.0,600,104651.986878
2510.0,790,104725.167541
2500.0,739,104796.988285
2090.0,641,104857.891202
2500.0,659,104918.899343
2830.0,858,105002.547852
2770.0,914,105088.702227
2250.0,741,105152.065762
2630.0,830,105234.892639
3110.0,951,105320.987919
3300.0,930,105406.741424
2400.0,763,105478.949017
2740.0,959,105565.28448
2110.0,629,105625.004881
2540.0,819,105705.726628
2890.0,851,105777.135082
2600.0,829,105854.931488
3410.0,932,105935.112246
2090.0,574,105982.046287
2570.0,762,106049.419838
3010.0,817,106118.271385
2770.0,906,106197.45612
2070.0,677,106263.523225
2120.0,694,106320.960331
2150.0,688,106378.56222
2780.0,893,106457.184833
2410.0,721,106523.109281
2360.0,712,106581.057539
2820.0,775,106648.800195
2250.0,573,106695.449219
2120.0,560,106749.023885
3410.0,968,106829.736887
2290.0,681,106886.826362
2650.0,811,106963.229789
2590.0,744,107022.127441
2680.0,723,107088.141733
2860.0,791,107156.120174
2680.0,725,107222.088335
2170.0,631,107270.131964
3040.0,825,107346.659115
1580.0,510,107392.63682
3020.0,911,107471.445381
2460.0,737,107530.192029
2590.0,779,107597.770029
2360.0,709,107663.186016
2280.0,673,107720.178108
2830.0,853,107797.348254
2840.0,945,107877.282673
2510.0,815,107945.843685
2450.0,781,108013.497407
2140.0,691,108078.553642
2470.0,642,108127.088572
2340.0,698,108192.382217
2670.0,833,108261.323423
3060.0,930,108340.841418
2060.0,652,108397.203395
2970.0,861,108474.527742
2440.0,681,108532.695712
3080.0,953,108620.331203
2670.0,800,108688.312418
2130.0,549,108734.106797
2580.0,694,108791.466671
2660.0,732,108857.69809
3040.0,881,108935.759007
2540.0,781,109003.224549
2040.0,633,109059.053441
2670.0,813,109127.462512
2680.0,883,109205.667927
2240.0,739,109264.245945
3290.0,889,109342.594373
3250.0,953,109430.330542
2710.0,769,109497.493081
2580.0,729,109555.986967
3170.0,902,109635.910261
2740.0,874,109713.548124
1880.0,569,109759.892848
2450.0,699,109825.017241
2540.0,710,109883.044765
3000.0,818,109951.702495
2810.0,824,110027.961403
1880.0,517,110072.943822
3090.0,830,110141.940698
3230.0,1000,110230.87518
2710.0,871,110308.491356
2700.0,802,110376.775116
2160.0,628,110432.362199
3300.0,1034,110522.147289
2880.0,795,110590.060122
2880.0,877,110660.338535
2920.0,807,110736.201375
2400.0,684,110794.423285
2250.0,711,110852.307801
2530.0,789,110919.991874
2470.0,645,110976.383499
2920.0,805,111052.151908
2230.0,710,111109.917134
2560.0,757,111176.847403
2530.0,786,111244.539582
2450.0,739,111310.73727
2400.0,672,111367.726717
2960.0,857,111437.223049
2280.0,712,111502.77518
2530.0,723,111561.097774
2470.0,633,111616.965739
2220.0,654,111673.13771
2750.0,714,111738.71015
2310.0,625,111794.211215
2110.0,625,111842.036403
3280.0,857,111920.55828
2680.0,777,111987.947648
3190.0,810,112056.180962
2690.0,762,112123.151166
2960.0,861,112200.707879
3380.0,963,112280.944802
2390.0,747,112347.551237
2800.0,757,112414.473867
2260.0,698,112472.194054
2960.0,715,112537.675314
1920.0,594,112584.607355
2320.0,648,112640.941216
2870.0,852,112718.209225
2260.0,623,112773.65975
3120.0,967,112854.162954
2400.0,724,112919.974044
2230.0,646,112976.028601
2540.0,740,113035.846077
2430.0,741,113102.034754
2610.0,799,113170.170987
2470.0,778,113237.431985
1800.0,515,113282.033649
2520.0,770,113349.209839
2300.0,745,113415.710338
2190.0,717,113473.679941
2540.0,718,113539.345769
3090.0,817,113607.873361
2970.0,814,113676.386357
2220.0,695,113741.380939
2160.0,581,113787.896169
2520.0,743,113854.364147
1960.0,576,113900.590866
2200.0,584,113954.988636
2290.0,681,114012.004956
1860.0,554,114057.799254
2560.0,813,114126.233461
2160.0,674,114191.836874
3560.0,1011,114273.202942
2820.0,806,114348.997609
3140.0,874,114419.00868
2420.0,736,114485.169058
2240.0,662,114541.666433
2630.0,854,114618.779682
2280.0,667,114675.345959
2720.0,779,114742.698757
2230.0,655,114798.965344
3140.0,861,114876.174811
2970.0,786,114943.803976
2140.0,667,115000.326713
2260.0,626,115055.820431
2820.0,822,115124.341704
2550.0,675,115181.190461
2600.0,736,115247.384916
2450.0,704,115306.169238
2480.0,760,115372.884487
2120.0,623,115428.282382
3430.0,890,115506.272916
2940.0,887,115576.771063
3320.0,959,115664.353116
2780.0,758,115731.15618
2910.0,849,115800.522139
3330.0,1004,115889.421687
3070.0,936,115968.81561
2460.0,723,116034.400789
3070.0,794,116102.110124
2150.0,656,116158.349878
2610.0,831,116227.17602
1500.0,447,116270.032721
2770.0,763,116336.78669
2450.0,712,116395.762839
2540.0,764,116462.537915
3270.0,1009,116551.521198
2900.0,898,116629.763776
2680.0,845,116699.148724
2890.0,896,116777.222495
2750.0,758,116843.990358
2570.0,742,116910.183323
2700.0,857,116979.659589
2880.0,848,117056.344014
2730.0,771,117123.41429
2140.0,700,117180.673581
2810.0,817,117249.198695
2790.0,817,117325.248834
2400.0,708,117382.776079
3020.0,766,117449.703379
3050.0,871,117528.320068
2780.0,782,117595.675325
2570.0,758,117662.41217
2700.0,823,117730.837555
1970.0,593,117785.226629
2310.0,695,117842.474921
2810.0,898,117920.72769
2820.0,812,117989.033014
2410.0,631,118044.609878
2780.0,782,118112.056357
2090.0,658,118168.333173
