#{"t_start": 1680424589.8979075, "env_id": "AssaultNoFrameskip-v4"}
r,l,t
168.0,411,43.838413
126.0,338,68.518693
252.0,557,114.95825
252.0,510,160.394629
378.0,790,229.338565
357.0,669,294.653046
189.0,646,351.634092
210.0,730,410.813943
231.0,575,465.931029
294.0,850,536.539142
315.0,637,593.111824
189.0,578,640.197255
210.0,576,694.871897
420.0,821,764.269637
399.0,704,830.43806
189.0,369,855.939477
231.0,558,909.939621
189.0,501,947.117479
378.0,751,1014.739249
357.0,681,1072.874199
315.0,519,1118.256058
315.0,615,1175.948174
315.0,639,1232.628966
420.0,820,1302.67843
399.0,735,1369.972022
399.0,766,1438.535807
189.0,406,1473.181444
420.0,833,1543.417553
336.0,626,1599.9841
336.0,475,1644.445749
483.0,916,1724.643838
378.0,579,1772.109397
378.0,569,1826.638184
399.0,688,1884.82933
357.0,571,1931.872862
378.0,753,1999.371408
420.0,843,2077.402689
441.0,889,2156.171878
336.0,678,2213.81832
378.0,707,2272.463432
441.0,954,2363.050848
336.0,644,2420.19991
189.0,533,2466.103661
420.0,785,2535.18023
420.0,795,2604.480813
420.0,723,2663.738283
441.0,746,2731.36555
420.0,778,2799.843743
546.0,739,2867.238113
252.0,445,2903.175799
399.0,694,2969.266517
273.0,452,3005.475656
189.0,480,3050.232821
378.0,608,3098.785829
147.0,338,3131.663162
420.0,631,3188.626114
483.0,578,3236.537141
336.0,571,3284.03676
441.0,732,3351.470971
609.0,835,3429.880605
420.0,696,3490.335825
441.0,701,3549.126504
420.0,668,3607.461283
525.0,892,3687.451253
231.0,557,3742.198356
399.0,690,3800.850719
399.0,635,3857.953765
273.0,578,3905.346487
420.0,573,3960.33549
525.0,732,4020.10746
210.0,369,4053.612016
420.0,744,4121.355289
420.0,760,4189.712791
399.0,614,4238.29005
315.0,681,4304.459979
588.0,843,4375.557458
273.0,505,4420.96306
168.0,381,4455.248151
378.0,694,4514.186701
462.0,718,4581.44538
420.0,681,4641.637252
378.0,793,4710.686632
210.0,428,4745.925143
525.0,768,4814.4234
252.0,453,4858.029231
294.0,492,4895.465308
147.0,314,4927.607777
399.0,607,4975.796084
399.0,694,5042.269925
126.0,222,5056.225235
273.0,510,5101.531359
294.0,395,5135.728863
399.0,575,5190.856511
273.0,445,5226.669386
315.0,512,5272.247138
378.0,498,5317.388626
378.0,597,5365.26628
294.0,499,5410.357521
273.0,550,5456.48365
525.0,836,5534.17735
378.0,496,5578.998186
315.0,473,5615.398097
420.0,523,5660.872517
399.0,609,5716.878403
441.0,637,5775.156002
399.0,642,5832.005956
294.0,510,5877.487058
378.0,630,5926.523412
441.0,649,5983.629677
504.0,729,6050.993084
315.0,542,6097.52035
294.0,602,6153.504825
420.0,482,6198.332009
189.0,476,6235.099411
378.0,616,6291.409233
399.0,532,6337.912157
483.0,622,6394.364057
273.0,395,6428.953502
336.0,496,6466.313539
252.0,440,6509.847803
483.0,617,6566.471409
546.0,689,6624.912334
420.0,751,6692.59367
252.0,386,6726.980921
504.0,618,6775.600647
504.0,734,6843.152323
378.0,544,6889.411782
273.0,628,6947.844701
336.0,637,7004.885609
420.0,677,7062.708905
231.0,446,7098.821268
483.0,705,7165.435806
336.0,529,7211.386573
630.0,813,7280.906625
546.0,667,7338.621829
399.0,643,7395.524841
378.0,443,7439.001096
294.0,478,7475.763363
378.0,561,7530.626975
399.0,605,7578.68881
315.0,550,7625.029728
420.0,682,7690.796381
231.0,472,7727.444486
399.0,639,7784.639218
378.0,614,7841.128009
378.0,551,7887.856234
294.0,541,7933.950731
420.0,838,8012.148372
420.0,807,8088.37101
336.0,610,8144.55555
378.0,509,8182.117446
336.0,635,8238.549761
420.0,623,8295.005623
462.0,587,8350.266214
336.0,584,8397.800605
315.0,634,8454.737192
546.0,925,8535.23231
441.0,764,8603.485138
168.0,378,8637.498132
399.0,639,8694.598989
378.0,576,8741.879998
336.0,740,8809.182462
336.0,656,8866.553695
504.0,1018,8957.791114
525.0,1049,9050.513528
483.0,923,9131.152441
273.0,628,9187.998133
462.0,672,9247.407279
525.0,762,9315.507976
399.0,717,9374.816963
483.0,746,9442.54325
315.0,435,9478.139098
483.0,732,9545.523199
462.0,593,9601.244282
378.0,715,9660.217843
441.0,676,9718.118204
294.0,577,9773.374514
231.0,455,9809.356716
210.0,335,9841.920792
462.0,837,9912.324509
399.0,671,9970.250825
588.0,1089,10070.496679
546.0,936,10151.485898
483.0,1077,10243.9431
588.0,766,10312.092247
399.0,621,10369.639823
399.0,636,10426.597008
441.0,689,10484.862248
504.0,1024,10576.407951
399.0,768,10644.688671
273.0,668,10702.187477
336.0,533,10748.172567
378.0,804,10817.354788
609.0,1025,10908.30461
378.0,469,10952.523333
399.0,710,11011.251565
378.0,730,11078.540724
546.0,951,11160.141315
441.0,864,11239.143362
420.0,638,11296.37226
273.0,650,11353.670177
357.0,781,11422.753728
441.0,702,11481.439091
504.0,732,11549.961015
315.0,566,11596.916246
567.0,781,11665.76173
252.0,500,11710.897184
336.0,572,11765.946817
483.0,691,11823.986058
399.0,528,11869.735206
420.0,625,11926.248698
315.0,423,11961.245789
357.0,561,12008.161902
378.0,541,12054.46667
294.0,532,12100.320651
378.0,565,12155.021128
399.0,588,12202.870279
462.0,660,12260.267303
336.0,539,12306.778034
546.0,759,12375.476679
483.0,700,12441.998663
231.0,575,12489.521434
630.0,705,12548.66131
315.0,437,12591.909061
420.0,668,12652.071978
399.0,530,12698.272072
336.0,561,12745.53646
231.0,523,12791.566812
483.0,606,12847.397721
252.0,404,12881.923241
378.0,565,12929.109313
504.0,655,12986.441988
462.0,668,13043.8431
294.0,470,13087.856173
630.0,714,13154.229476
441.0,658,13211.520221
399.0,661,13268.951085
504.0,711,13327.65103
189.0,487,13372.481816
462.0,654,13429.586239
294.0,474,13473.986422
525.0,769,13534.965397
399.0,507,13580.545143
399.0,595,13636.047413
441.0,581,13683.873852
378.0,477,13728.455344
462.0,566,13775.545465
294.0,453,13820.622123
336.0,661,13878.1636
441.0,640,13934.952581
399.0,466,13971.858509
441.0,601,14027.658702
252.0,484,14072.392398
336.0,635,14121.787055
189.0,486,14166.814099
525.0,737,14234.29249
483.0,696,14293.171554
273.0,503,14338.69794
420.0,608,14394.824349
399.0,616,14443.31918
462.0,747,14511.161926
336.0,592,14566.733262
462.0,673,14624.754727
294.0,484,14669.167152
483.0,694,14727.727263
273.0,456,14764.01196
336.0,625,14819.997541
546.0,625,14876.234949
420.0,659,14934.855097
357.0,534,14980.614387
273.0,512,15025.927322
462.0,634,15082.720763
357.0,612,15138.452391
525.0,753,15198.669378
294.0,638,15255.579994
441.0,642,15312.437349
210.0,603,15368.516139
336.0,603,15424.363348
273.0,578,15471.976022
399.0,624,15528.724978
483.0,674,15586.495337
336.0,483,15631.324962
399.0,533,15677.457502
273.0,373,15711.255685
441.0,661,15768.604203
336.0,561,15815.501991
462.0,671,15873.049367
441.0,531,15918.718491
378.0,614,15974.440907
504.0,726,16033.583443
336.0,562,16089.144189
441.0,656,16146.440792
504.0,680,16204.6216
420.0,604,16260.460572
420.0,603,16308.732522
378.0,638,16365.558834
252.0,482,16410.225887
273.0,532,16456.395434
252.0,325,16480.983357
378.0,506,16526.293306
357.0,542,16572.817874
357.0,487,16617.75586
336.0,486,16662.431013
378.0,592,16710.086194
273.0,596,16765.706583
294.0,499,16810.945401
378.0,576,16858.520013
399.0,615,16914.967983
462.0,674,16972.848953
378.0,650,17030.175222
483.0,669,17088.077804
336.0,503,17133.253561
336.0,511,17178.949492
189.0,411,17213.887057
420.0,643,17271.857459
483.0,674,17329.924782
315.0,461,17373.847472
483.0,674,17432.014848
420.0,613,17488.457766
378.0,543,17535.219399
546.0,705,17594.155522
378.0,612,17650.300015
483.0,763,17718.628905
399.0,575,17766.11219
399.0,580,17821.136322
336.0,446,17856.779831
378.0,626,17913.44328
483.0,573,17960.62132
210.0,438,17995.961581
294.0,516,18041.494363
231.0,381,18075.460673
168.0,320,18107.614882
336.0,518,18153.003494
357.0,584,18200.278284
399.0,519,18246.007651
546.0,702,18312.186125
315.0,578,18359.648292
273.0,367,18394.438415
420.0,593,18442.018742
525.0,673,18499.664826
336.0,515,18545.116032
273.0,515,18590.816479
273.0,473,18635.227861
294.0,648,18692.370631
315.0,403,18727.235051
399.0,578,18774.601397
525.0,695,18841.067229
441.0,536,18887.171922
357.0,488,18931.909559
441.0,679,18990.059074
315.0,442,19025.746511
462.0,650,19082.992322
378.0,516,19128.970486
420.0,526,19174.831273
420.0,613,19230.800087
420.0,660,19288.091816
399.0,602,19344.073134
504.0,726,19403.29823
420.0,664,19460.77102
231.0,423,19496.004442
357.0,611,19553.569819
357.0,609,19609.294704
378.0,502,19654.263241
378.0,627,19702.980017
441.0,579,19758.154847
504.0,721,19817.337592
399.0,562,19871.969705
357.0,447,19907.71537
336.0,484,19952.478874
462.0,619,20008.740277
420.0,637,20057.796538
546.0,646,20114.993709
504.0,767,20183.277403
420.0,504,20228.564369
567.0,689,20286.697
546.0,691,20352.847188
546.0,669,20410.727322
336.0,474,20454.827364
378.0,570,20502.03894
294.0,486,20547.000719
525.0,842,20617.770554
294.0,538,20665.340244
441.0,511,20711.07743
336.0,597,20767.01941
399.0,632,20823.657249
210.0,465,20860.350071
420.0,705,20926.751367
315.0,499,20963.986505
273.0,449,21007.501742
315.0,516,21053.051195
378.0,474,21089.619942
441.0,648,21146.610737
252.0,448,21189.94824
273.0,386,21224.133394
504.0,680,21282.023949
483.0,674,21339.797284
462.0,618,21396.132226
231.0,505,21441.269277
210.0,305,21465.601961
294.0,480,21510.008964
441.0,615,21558.46885
420.0,674,21623.955006
189.0,319,21648.495459
420.0,648,21705.571617
210.0,374,21739.32655
420.0,628,21796.034795
525.0,736,21857.511545
189.0,317,21889.625354
483.0,680,21947.668926
462.0,663,22005.146299
231.0,536,22051.053618
399.0,566,22098.014537
588.0,642,22154.95001
189.0,450,22198.605885
252.0,348,22223.829951
504.0,718,22290.648811
420.0,547,22337.374358
336.0,477,22381.944667
357.0,615,22430.170598
399.0,644,22487.215461
294.0,483,22531.882789
273.0,354,22565.123637
483.0,692,22623.717838
420.0,643,22681.046987
210.0,349,22714.165301
336.0,562,22761.452482
378.0,505,22806.934724
567.0,881,22886.877867
399.0,626,22935.937877
525.0,723,23005.014957
441.0,725,23072.398844
399.0,613,23121.318067
189.0,332,23153.854979
336.0,449,23189.997927
399.0,512,23235.396127
189.0,317,23259.953368
210.0,465,23304.314277
231.0,466,23348.262129
357.0,465,23384.568161
189.0,355,23417.606435
483.0,655,23474.704754
378.0,469,23510.916037
189.0,348,23543.614756
378.0,582,23598.885196
420.0,642,23648.271135
357.0,612,23704.340612
462.0,643,23761.39329
357.0,595,23817.258937
399.0,563,23864.391278
441.0,663,23922.13348
210.0,472,23966.820143
294.0,411,24001.895787
399.0,500,24047.200273
399.0,660,24106.525205
399.0,605,24155.121355
441.0,647,24212.208471
546.0,675,24270.335416
462.0,606,24326.109542
483.0,670,24383.834577
231.0,472,24427.881834
189.0,452,24463.781265
462.0,652,24520.840551
483.0,577,24575.695679
336.0,541,24621.898678
441.0,706,24680.827883
588.0,739,24748.313001
210.0,341,24781.442986
189.0,351,24806.964802
441.0,606,24863.007141
315.0,454,24899.307573
189.0,390,24933.580897
399.0,484,24978.371877
420.0,621,25035.060024
336.0,442,25071.084073
357.0,542,25117.721174
504.0,755,25185.833474
357.0,471,25230.202136
357.0,506,25277.038846
462.0,594,25325.21339
378.0,536,25371.29896
609.0,778,25440.060389
483.0,633,25496.694207
378.0,497,25541.822894
546.0,721,25600.923826
273.0,520,25646.49003
294.0,513,25691.975503
294.0,369,25725.419621
357.0,497,25770.290066
378.0,516,25815.852925
420.0,686,25874.117789
315.0,484,25918.720529
357.0,570,25965.930789
420.0,662,26023.686279
609.0,772,26092.203115
378.0,547,26138.982538
546.0,648,26196.1905
546.0,674,26262.06913
378.0,539,26308.343282
483.0,689,26366.491992
441.0,466,26411.979948
273.0,387,26438.560701
252.0,468,26482.437756
399.0,602,26538.156917
210.0,436,26573.743849
441.0,657,26631.224989
168.0,286,26654.592964
315.0,482,26699.208628
252.0,485,26743.875745
399.0,646,26801.025428
441.0,574,26848.106543
399.0,680,26906.363766
378.0,543,26952.66662
399.0,631,27009.591399
357.0,562,27057.004709
462.0,658,27122.383801
252.0,610,27171.084114
336.0,414,27206.126963
357.0,518,27252.133781
420.0,552,27306.49196
336.0,565,27353.862266
336.0,530,27399.961512
189.0,416,27434.906172
420.0,515,27480.824589
252.0,468,27525.298755
210.0,358,27552.003402
399.0,498,27596.912714
357.0,480,27641.437078
378.0,616,27690.037865
147.0,252,27712.425672
189.0,357,27745.815944
504.0,563,27792.846991
273.0,515,27838.566418
252.0,476,27882.871175
294.0,354,27916.051269
504.0,645,27973.485683
336.0,488,28010.489975
483.0,627,28067.02074
294.0,481,28111.794913
441.0,644,28168.987645
504.0,680,28227.575361
210.0,343,28260.355461
420.0,483,28297.565385
441.0,702,28364.324903
399.0,616,28413.212093
378.0,539,28467.205802
336.0,529,28513.412188
252.0,474,28550.382065
336.0,625,28607.010634
189.0,427,28642.34397
420.0,676,28701.812572
420.0,535,28755.817996
357.0,532,28801.786848
462.0,664,28859.360428
441.0,680,28917.560139
378.0,481,28962.066997
399.0,532,29007.929051
399.0,539,29054.142713
189.0,466,29090.639082
504.0,648,29147.516082
399.0,545,29193.90221
399.0,615,29250.009427
378.0,423,29285.270238
210.0,440,29328.930961
378.0,648,29386.071362
189.0,450,29422.174547
420.0,530,29468.495165
378.0,551,29515.109123
378.0,624,29571.701378
441.0,571,29626.649933
210.0,337,29651.929993
483.0,658,29709.319202
378.0,642,29766.42219
399.0,532,29812.602014
420.0,514,29859.349547
273.0,409,29894.255551
210.0,374,29928.306639
504.0,811,29998.075672
441.0,583,30053.390674
462.0,627,30110.373266
441.0,675,30168.07672
483.0,642,30225.313406
336.0,539,30272.966118
399.0,551,30321.184703
483.0,690,30380.922121
336.0,504,30427.09555
441.0,625,30484.730471
462.0,552,30532.343958
483.0,659,30591.056071
252.0,469,30636.167899
315.0,381,30670.865886
462.0,696,30730.631751
336.0,662,30789.413871
378.0,518,30835.152608
462.0,657,30892.043974
483.0,705,30958.290056
357.0,565,31006.079173
399.0,485,31050.498076
357.0,498,31087.382147
231.0,437,31130.24744
483.0,737,31189.352285
294.0,567,31243.821123
189.0,337,31268.517418
462.0,660,31325.679318
273.0,418,31368.265586
399.0,593,31415.77049
315.0,469,31459.853774
399.0,616,31508.028484
294.0,500,31552.973213
315.0,456,31596.66188
231.0,410,31631.150048
357.0,644,31687.967811
462.0,642,31744.501344
378.0,630,31800.736863
525.0,628,31849.079123
420.0,561,31903.262493
357.0,508,31948.334472
252.0,548,31994.324666
357.0,593,32041.465425
378.0,488,32085.773743
399.0,613,32142.63344
399.0,538,32188.156002
483.0,777,32256.090533
420.0,567,32302.737539
336.0,519,32348.18366
420.0,638,32404.955463
504.0,657,32462.260873
336.0,521,32508.145699
189.0,351,32541.169815
273.0,611,32589.418328
336.0,466,32633.446338
357.0,498,32678.531502
420.0,528,32724.16887
273.0,530,32770.009513
189.0,411,32804.522932
399.0,632,32860.705807
525.0,752,32928.154956
294.0,500,32972.879946
441.0,566,33019.18955
189.0,433,33054.402445
525.0,612,33110.058634
378.0,595,33157.337443
504.0,679,33222.684709
525.0,636,33271.399089
399.0,552,33326.458804
294.0,529,33372.16626
504.0,747,33439.676467
546.0,783,33508.246667
462.0,625,33557.000738
420.0,648,33613.946855
378.0,613,33669.841907
189.0,383,33703.560237
609.0,790,33772.399729
378.0,636,33828.72121
336.0,646,33885.479854
357.0,479,33929.611404
462.0,689,33987.464491
441.0,674,34044.951794
399.0,598,34100.278776
357.0,531,34146.041592
189.0,437,34181.333273
315.0,565,34228.047082
357.0,594,34283.595102
168.0,349,34308.741103
420.0,643,34365.410813
273.0,423,34408.156595
294.0,453,34445.33975
483.0,627,34501.477319
294.0,548,34547.756297
252.0,327,34580.296919
441.0,610,34628.561266
420.0,497,34673.626673
420.0,659,34730.896638
462.0,619,34787.03164
420.0,637,34843.355566
420.0,588,34890.820591
273.0,475,34935.105485
378.0,549,34981.321559
399.0,610,35036.941743
462.0,571,35083.933088
357.0,500,35128.455219
210.0,328,35152.810096
252.0,349,35185.689857
357.0,484,35229.84059
399.0,643,35286.390558
462.0,646,35342.936865
210.0,437,35378.422639
315.0,629,35434.8529
378.0,593,35482.530334
273.0,480,35526.848387
315.0,552,35574.599117
315.0,411,35609.195124
567.0,631,35665.678131
315.0,539,35711.793598
336.0,444,35755.046569
336.0,506,35800.134593
357.0,613,35848.117271
462.0,662,35905.29972
441.0,628,35961.285027
462.0,611,36017.080296
210.0,372,36050.294505
378.0,593,36097.626235
441.0,660,36154.563795
420.0,616,36210.319229
315.0,580,36265.145953
252.0,420,36300.087728
399.0,550,36346.168555
399.0,572,36393.209717
420.0,609,36449.115262
420.0,678,36507.304481
357.0,483,36551.751949
441.0,499,36596.793283
525.0,682,36655.05804
525.0,680,36714.401783
399.0,597,36769.889998
399.0,511,36815.55725
399.0,517,36861.22156
189.0,326,36885.737268
231.0,467,36930.027698
252.0,484,36966.840372
252.0,513,37011.866593
231.0,359,37044.764194
147.0,326,37069.099579
399.0,533,37122.318285
399.0,531,37167.973835
357.0,474,37204.213478
252.0,581,37258.968906
189.0,409,37293.342857
630.0,658,37350.443359
231.0,411,37385.057416
210.0,340,37409.950004
189.0,315,37441.748173
336.0,579,37488.902401
210.0,545,37535.452206
357.0,469,37579.65813
294.0,411,37614.218888
231.0,485,37658.772587
483.0,611,37714.873074
504.0,750,37774.635208
399.0,599,37830.247132
399.0,638,37888.135332
252.0,518,37933.550649
252.0,507,37978.717258
273.0,432,38014.1426
525.0,615,38070.35935
525.0,609,38118.424736
462.0,794,38187.116626
357.0,540,38240.759032
315.0,458,38276.658124
441.0,594,38331.836662
315.0,580,38378.919648
189.0,284,38402.171636
420.0,669,38459.266766
189.0,289,38490.372407
189.0,311,38514.553487
378.0,483,38558.866475
672.0,896,38630.405025
273.0,471,38674.473304
357.0,574,38721.626354
231.0,595,38776.906455
399.0,482,38821.41657
504.0,815,38890.829317
504.0,627,38947.092923
210.0,347,38972.07859
399.0,655,39030.473649
441.0,658,39095.227149
420.0,593,39142.641892
525.0,635,39199.177549
504.0,698,39257.419487
504.0,680,39322.743465
504.0,680,39380.655345
567.0,750,39448.177194
420.0,626,39496.801366
483.0,627,39553.075924
399.0,568,39607.744181
483.0,562,39654.403354
420.0,630,39710.813148
315.0,565,39757.678323
315.0,355,39790.870551
420.0,632,39847.267074
273.0,433,39882.656339
525.0,542,39929.066455
420.0,646,39986.031631
189.0,324,40010.345788
189.0,356,40043.479155
504.0,675,40101.044653
336.0,645,40159.095748
441.0,529,40204.827432
189.0,328,40237.38827
357.0,527,40283.138044
357.0,478,40319.625055
273.0,412,40361.950427
336.0,532,40407.754454
336.0,466,40443.773332
399.0,563,40490.581454
273.0,482,40535.210505
567.0,690,40593.404219
273.0,498,40638.124829
399.0,539,40684.008733
336.0,509,40729.170139
378.0,517,40774.550522
399.0,485,40818.815151
441.0,526,40864.442933
441.0,623,40920.512688
483.0,648,40977.384068
315.0,518,41022.706679
525.0,846,41092.813404
504.0,684,41150.660665
399.0,635,41207.105546
399.0,454,41250.685372
273.0,533,41298.260986
462.0,573,41345.174608
189.0,512,41390.539637
420.0,538,41436.723128
462.0,642,41493.614308
462.0,544,41539.791153
441.0,561,41594.458697
504.0,678,41652.495022
441.0,576,41699.851085
441.0,673,41757.765594
336.0,596,41813.268295
399.0,613,41869.304879
294.0,451,41905.241301
357.0,487,41950.105881
273.0,598,42005.820018
525.0,746,42065.669093
378.0,548,42112.065585
441.0,574,42167.101416
357.0,500,42212.096545
378.0,469,42248.540983
252.0,378,42282.344146
441.0,519,42327.876283
252.0,476,42372.233181
273.0,469,42409.649148
525.0,675,42467.666351
399.0,582,42522.64512
378.0,483,42567.074066
357.0,456,42602.981482
336.0,468,42646.881634
294.0,565,42693.339559
525.0,699,42751.420399
399.0,545,42805.224385
294.0,371,42830.838495
420.0,530,42876.547145
357.0,579,42931.470364
399.0,550,42977.903312
273.0,451,43013.548004
189.0,338,43046.263985
231.0,582,43101.327791
399.0,593,43149.089725
462.0,666,43206.496634
399.0,614,43262.60899
462.0,779,43331.162089
399.0,600,43378.873433
378.0,631,43435.266133
378.0,532,43481.000544
399.0,467,43524.941248
399.0,637,43583.058244
420.0,562,43629.77479
189.0,565,43676.775806
336.0,593,43732.287282
357.0,497,43776.984755
462.0,610,43832.880191
378.0,499,43870.156262
378.0,580,43924.952122
189.0,437,43960.431461
546.0,842,44038.456797
399.0,642,44095.019707
105.0,224,44108.944733
420.0,628,44165.414752
231.0,338,44197.80665
189.0,421,44232.843925
525.0,779,44301.144219
462.0,530,44347.192418
399.0,628,44403.472172
357.0,503,44440.711129
399.0,628,44497.463235
462.0,649,44554.582084
294.0,484,44599.083791
399.0,579,44646.495942
252.0,440,44691.039505
567.0,658,44748.160997
462.0,645,44805.174237
504.0,658,44862.305183
420.0,657,44919.437416
483.0,629,44975.718749
525.0,779,45043.986325
462.0,646,45100.737885
378.0,562,45147.370958
420.0,618,45203.441292
336.0,616,45251.86758
483.0,667,45317.246095
294.0,469,45353.701893
588.0,690,45411.83031
441.0,705,45478.382028
231.0,467,45514.719677
231.0,449,45558.353741
315.0,599,45606.387803
378.0,484,45651.268699
399.0,565,45698.344908
399.0,506,45743.567101
189.0,346,45776.449068
378.0,585,45824.066231
420.0,630,45882.158677
399.0,632,45938.634041
462.0,665,45996.303408
399.0,518,46041.390119
378.0,583,46096.312507
399.0,716,46154.98575
315.0,498,46199.75626
252.0,498,46244.765236
525.0,673,46302.42418
441.0,608,46358.062973
357.0,593,46405.653914
441.0,644,46462.286421
462.0,709,46528.557992
273.0,474,46564.941641
420.0,613,46620.816256
315.0,564,46667.538004
357.0,472,46711.549501
378.0,488,46755.782842
231.0,342,46780.681763
273.0,470,46824.747066
252.0,503,46869.603082
210.0,344,46894.560575
546.0,610,46950.376393
336.0,626,47008.013899
420.0,593,47055.53426
315.0,480,47100.000952
84.0,186,47112.840326
462.0,632,47169.58001
231.0,495,47214.471349
294.0,595,47261.90072
462.0,641,47319.04021
252.0,474,47363.591533
294.0,452,47399.490283
252.0,478,47444.141199
504.0,617,47500.90296
420.0,596,47548.709853
399.0,629,47605.590915
483.0,609,47661.674505
273.0,344,47686.619246
399.0,625,47743.139464
441.0,629,47799.890196
189.0,357,47832.880307
231.0,470,47869.237473
399.0,532,47915.133207
210.0,356,47948.176871
252.0,453,47991.723203
147.0,222,48005.496273
336.0,580,48060.385151
483.0,573,48107.45033
336.0,563,48155.588765
441.0,571,48210.173072
273.0,450,48245.608078
336.0,453,48289.178195
273.0,314,48313.09075
420.0,709,48371.455619
315.0,386,48405.489042
462.0,674,48470.657081
378.0,476,48507.422834
273.0,452,48550.987838
210.0,408,48585.755837
399.0,598,48633.730566
441.0,655,48690.917244
273.0,443,48734.290022
231.0,411,48769.298202
336.0,451,48804.9952
441.0,545,48851.280669
252.0,467,48895.418135
315.0,424,48930.449656
357.0,610,48986.336571
609.0,696,49044.335386
462.0,689,49110.129007
357.0,499,49147.271214
378.0,513,49192.47295
420.0,549,49246.208259
273.0,470,49283.549721
294.0,482,49328.013524
336.0,610,49375.673603
210.0,373,49409.03957
504.0,673,49466.286447
378.0,575,49521.032106
525.0,639,49577.848984
420.0,625,49634.300519
294.0,414,49668.991614
378.0,632,49725.678886
399.0,631,49774.579126
462.0,643,49831.321442
357.0,610,49887.263013
420.0,609,49943.278341
231.0,460,49979.246943
399.0,626,50035.697216
399.0,616,50091.717184
399.0,626,50148.10522
210.0,485,50185.129543
252.0,422,50220.039258
462.0,612,50275.711295
462.0,572,50330.355638
399.0,628,50378.935186
399.0,600,50435.844082
378.0,445,50471.415278
399.0,615,50527.407903
399.0,661,50584.355127
441.0,533,50630.310285
378.0,464,50674.18744
210.0,451,50709.795644
378.0,472,50754.03873
357.0,614,50809.921868
441.0,642,50859.068772
546.0,744,50926.445433
315.0,469,50970.488451
378.0,562,51017.220517
462.0,647,51074.192137
399.0,596,51129.831103
588.0,662,51187.073226
336.0,548,51233.47041
525.0,692,51291.295826
420.0,677,51349.002632
210.0,355,51381.895545
483.0,583,51436.795364
399.0,645,51493.167649
315.0,583,51541.93625
462.0,662,51599.019718
126.0,190,51611.707969
378.0,503,51656.877748
399.0,545,51703.059089
189.0,453,51746.549231
399.0,520,51792.270645
588.0,746,51860.043411
273.0,447,51895.885552
273.0,481,51940.318583
210.0,439,51976.029131
273.0,474,52020.471538
399.0,641,52077.26064
252.0,434,52112.668713
210.0,485,52157.521954
294.0,485,52194.459325
462.0,543,52240.658786
315.0,467,52284.707324
252.0,450,52320.785328
399.0,658,52385.783657
210.0,449,52421.534504
294.0,451,52457.38853
420.0,593,52512.534815
336.0,495,52557.261114
399.0,537,52603.40203
231.0,464,52639.748166
399.0,501,52685.772321
252.0,485,52730.362834
252.0,481,52774.670979
273.0,444,52810.137616
378.0,567,52856.85221
252.0,518,52902.415983
252.0,437,52945.687104
462.0,626,52994.022744
231.0,377,53027.68131
357.0,598,53083.106324
462.0,613,53139.130963
315.0,552,53185.353588
315.0,512,53230.453358
231.0,499,53267.743963
231.0,370,53300.924667
588.0,625,53357.375775
462.0,625,53413.666893
399.0,539,53460.155825
399.0,538,53506.30688
546.0,658,53563.743943
252.0,356,53596.651039
462.0,648,53653.57593
441.0,677,53711.404822
462.0,606,53767.569193
210.0,362,53793.077247
378.0,640,53850.95424
273.0,485,53895.578952
462.0,544,53941.985411
294.0,455,53985.631644
588.0,731,54044.952024
273.0,442,54088.274861
525.0,658,54145.623845
336.0,617,54193.790514
462.0,562,54248.442303
504.0,754,54316.141676
378.0,442,54351.874137
420.0,641,54408.467242
504.0,638,54465.279914
399.0,513,54510.866151
336.0,615,54559.083032
189.0,339,54591.921768
399.0,568,54638.826431
462.0,551,54693.096052
189.0,282,54716.343176
378.0,595,54763.77011
420.0,627,54819.851102
441.0,666,54877.137743
462.0,664,54934.317611
588.0,688,55001.344371
273.0,467,55037.587523
462.0,661,55094.672614
441.0,597,55149.938784
378.0,615,55197.963063
252.0,466,55242.237435
462.0,645,55299.265796
336.0,552,55345.962458
231.0,452,55389.770464
420.0,767,55457.936257
378.0,418,55492.914769
399.0,486,55529.976537
231.0,392,55564.324869
252.0,468,55608.696097
357.0,627,55665.317406
378.0,542,55711.704861
189.0,357,55744.946657
210.0,419,55780.10873
189.0,338,55804.890183
462.0,629,55861.375515
441.0,675,55919.423254
483.0,658,55976.656175
399.0,520,56022.208474
483.0,656,56086.925212
357.0,659,56145.448448
273.0,497,56182.591084
189.0,384,56216.525511
357.0,525,56262.097066
378.0,597,56317.702729
336.0,466,56353.848408
567.0,647,56410.768582
420.0,540,56464.750488
441.0,659,56522.035691
420.0,529,56567.979191
378.0,485,56604.872754
252.0,340,56637.786227
357.0,561,56684.812368
357.0,544,56731.178916
399.0,622,56787.811378
336.0,451,56831.55535
525.0,660,56889.13582
336.0,498,56926.175219
357.0,483,56970.452765
252.0,402,57005.052654
441.0,605,57060.903993
126.0,341,57085.517076
399.0,667,57150.728371
378.0,467,57187.03826
441.0,629,57243.484216
462.0,655,57301.855623
420.0,645,57358.674442
462.0,609,57414.559363
231.0,445,57450.266037
357.0,596,57505.888529
273.0,536,57552.017664
231.0,466,57588.110635
189.0,219,57609.767882
525.0,634,57666.557521
315.0,567,57713.556947
462.0,667,57771.356524
483.0,674,57829.15424
357.0,626,57885.862911
189.0,470,57930.180327
504.0,713,57989.365335
441.0,663,58047.205875
189.0,372,58080.853326
231.0,383,58115.195203
357.0,545,58161.638386
462.0,674,58219.567756
273.0,596,58275.277311
357.0,636,58332.105119
336.0,563,58379.420927
210.0,341,58413.929527
273.0,501,58458.884097
420.0,603,58507.135159
252.0,482,58551.659334
315.0,381,58585.74094
441.0,625,58642.264829
210.0,420,58677.479936
546.0,797,58746.22402
336.0,499,58791.571249
504.0,688,58849.695859
231.0,351,58882.542327
294.0,567,58929.425594
378.0,593,58984.792967
462.0,595,59032.285075
273.0,580,59087.071502
273.0,569,59134.035959
357.0,464,59170.357069
357.0,584,59225.794607
399.0,645,59282.890264
231.0,457,59319.110565
357.0,483,59363.666712
399.0,561,59410.778368
399.0,562,59465.593214
336.0,448,59501.589701
357.0,565,59550.272001
420.0,643,59607.524742
210.0,376,59641.573654
399.0,625,59698.248134
420.0,600,59754.211962
357.0,513,59800.030486
168.0,350,59825.569042
462.0,698,59892.371188
357.0,530,59938.961011
630.0,800,60008.91108
567.0,616,60057.506843
189.0,322,60089.970051
378.0,545,60136.514212
294.0,449,60172.379781
504.0,623,60228.988892
420.0,623,60285.604126
441.0,657,60343.048219
252.0,506,60388.434645
294.0,478,60432.694035
378.0,603,60481.112369
336.0,599,60537.016159
420.0,545,60583.52428
399.0,518,60629.21996
441.0,508,60674.590184
189.0,456,60712.15903
462.0,484,60756.967972
378.0,599,60812.641084
294.0,581,60860.305139
294.0,476,60904.807129
189.0,479,60941.975071
399.0,573,60996.981858
231.0,438,61032.708905
168.0,287,61056.430672
420.0,625,61112.910714
336.0,662,61170.708142
315.0,561,61217.476741
294.0,595,61273.129692
210.0,565,61320.426521
231.0,483,61365.256022
357.0,529,61411.310891
294.0,465,61455.629019
399.0,549,61502.426661
273.0,518,61548.125745
357.0,583,61595.813118
441.0,660,61653.519881
441.0,583,61708.965508
441.0,708,61768.083757
378.0,515,61813.791006
231.0,561,61862.342272
294.0,435,61905.503867
420.0,675,61963.472297
315.0,599,62019.109867
420.0,626,62067.783854
147.0,327,62100.33593
546.0,669,62158.122351
294.0,420,62192.971661
210.0,549,62239.536878
462.0,629,62296.04471
273.0,416,62331.011333
420.0,675,62396.532143
273.0,465,62433.067466
252.0,488,62477.892403
399.0,614,62534.191794
420.0,658,62591.810584
378.0,466,62628.457816
357.0,582,62684.335627
357.0,504,62722.139171
378.0,562,62777.075599
420.0,503,62822.408508
315.0,507,62860.445691
336.0,581,62915.461579
336.0,585,62963.083711
252.0,450,63008.020755
420.0,683,63066.041953
315.0,620,63122.262847
315.0,498,63167.296719
462.0,690,63225.913532
294.0,568,63272.855877
294.0,536,63318.788203
399.0,665,63384.229935
420.0,632,63432.83555
420.0,632,63489.605537
231.0,437,63532.874948
462.0,679,63591.077971
693.0,891,63671.566552
399.0,531,63717.815482
189.0,321,63742.305269
357.0,482,63787.261457
273.0,620,63843.991416
483.0,513,63882.11067
378.0,561,63937.020712
462.0,643,63994.216798
420.0,652,64051.936416
336.0,597,64099.929076
441.0,647,64158.521723
420.0,661,64216.16994
189.0,351,64249.425141
357.0,612,64305.699826
399.0,644,64362.54137
378.0,541,64409.058275
231.0,497,64454.301792
231.0,600,64502.197464
462.0,657,64559.536873
273.0,471,64603.807733
378.0,632,64660.37357
525.0,641,64717.376014
336.0,482,64754.449936
189.0,309,64786.130177
378.0,485,64823.308089
399.0,611,64879.801055
378.0,545,64926.289573
357.0,482,64970.904749
441.0,632,65027.901342
525.0,652,65085.262334
399.0,594,65133.29787
399.0,584,65189.134485
462.0,649,65246.609177
189.0,389,65281.029269
378.0,467,65319.504702
336.0,484,65364.538111
252.0,512,65410.334422
357.0,531,65456.616417
378.0,485,65501.465423
420.0,411,65536.315558
441.0,648,65593.811108
420.0,465,65630.239805
294.0,475,65674.929549
252.0,467,65711.377957
252.0,467,65755.712478
336.0,533,65802.148035
336.0,509,65847.72338
399.0,517,65893.592756
336.0,596,65949.599962
483.0,628,65998.835329
189.0,553,66053.534098
336.0,486,66090.585756
420.0,613,66147.003082
420.0,610,66203.365429
504.0,651,66260.7823
378.0,516,66306.490829
294.0,480,66343.466851
378.0,579,66398.821508
273.0,511,66445.695856
420.0,593,66493.633103
210.0,437,66529.356336
252.0,456,66573.264792
462.0,765,66641.705273
399.0,663,66699.39647
420.0,627,66755.940839
315.0,567,66802.945437
273.0,452,66846.762033
273.0,487,66883.677471
462.0,600,66939.482811
420.0,540,66985.943057
399.0,561,67032.924349
273.0,360,67066.41023
378.0,513,67112.053053
588.0,682,67170.420666
357.0,579,67225.598731
441.0,630,67274.999995
189.0,420,67317.877793
231.0,379,67351.632386
357.0,609,67400.083714
420.0,619,67456.684526
336.0,587,67504.448023
420.0,610,67560.177546
189.0,321,67593.878076
483.0,643,67642.92826
420.0,597,67698.436419
210.0,341,67731.050996
651.0,717,67790.124377
441.0,646,67847.000521
357.0,466,67890.9728
252.0,410,67925.800728
294.0,579,67972.991638
567.0,823,68050.367909
336.0,610,68098.812997
399.0,567,68153.524852
189.0,326,68178.331633
294.0,490,68223.165366
399.0,488,68268.511795
357.0,441,68304.491519
252.0,437,68340.096109
546.0,695,68406.681735
420.0,658,68464.319818
315.0,448,68500.296819
399.0,566,68547.393848
273.0,467,68591.594084
399.0,607,68647.619071
315.0,466,68684.191686
420.0,600,68741.249461
210.0,449,68777.05906
273.0,408,68811.82692
273.0,501,68857.248675
504.0,692,68915.605336
378.0,466,68959.927268
231.0,436,68995.598079
483.0,678,69053.603111
231.0,355,69086.683781
189.0,549,69133.252864
378.0,545,69187.330367
336.0,635,69236.30197
399.0,581,69291.775699
231.0,325,69316.48845
336.0,584,69372.026412
252.0,479,69409.141376
126.0,253,69431.759147
189.0,356,69465.180262
399.0,551,69511.949032
252.0,497,69556.992756
231.0,545,69603.871602
399.0,563,69658.847215
525.0,751,69719.426028
357.0,594,69775.053478
336.0,550,69821.84768
420.0,636,69878.759726
399.0,586,69927.669196
441.0,649,69984.908725
210.0,447,70028.394946
357.0,610,70084.208042
168.0,294,70108.028436
399.0,565,70154.967283
357.0,577,70209.814803
273.0,508,70247.320724
315.0,593,70302.830417
315.0,568,70349.556807
252.0,498,70394.542731
420.0,580,70449.902519
357.0,452,70485.879355
294.0,629,70542.504107
210.0,573,70589.910173
357.0,568,70644.599451
462.0,638,70693.834785
315.0,565,70748.388243
294.0,477,70785.250457
273.0,563,70839.986489
294.0,570,70887.305713
168.0,284,70910.738966
399.0,546,70957.529699
336.0,657,71015.169866
336.0,645,71073.648845
273.0,447,71117.193071
189.0,550,71163.810251
273.0,510,71209.200755
294.0,450,71245.245293
378.0,563,71300.351045
189.0,321,71324.943054
315.0,539,71371.207531
378.0,509,71416.672039
336.0,581,71471.59552
399.0,600,71519.804576
189.0,378,71553.55264
399.0,586,71608.728487
378.0,614,71657.194452
336.0,575,71712.129283
210.0,342,71737.362568
315.0,488,71781.966641
399.0,595,71837.242234
420.0,612,71885.864423
315.0,564,71940.623178
315.0,597,71988.506529
315.0,456,72032.501371
336.0,567,72079.282
315.0,568,72126.83385
294.0,471,72171.29677
420.0,580,72220.066434
378.0,542,72266.547938
315.0,497,72311.615704
189.0,545,72358.245967
231.0,435,72401.320451
336.0,543,72447.650748
252.0,456,72483.852045
315.0,615,72540.370871
273.0,475,72584.712554
273.0,434,72620.269222
378.0,547,72666.713079
147.0,341,72699.338697
294.0,436,72735.008071
231.0,340,72767.780952
378.0,595,72815.715562
252.0,514,72861.267463
336.0,541,72907.528602
315.0,510,72952.998595
315.0,451,72996.696904
189.0,434,73032.007359
210.0,442,73067.824282
294.0,475,73112.431041
273.0,413,73147.220104
315.0,584,73202.56267
189.0,492,73239.980391
231.0,438,73283.483795
357.0,627,73333.715537
504.0,730,73401.217489
399.0,571,73448.535115
168.0,310,73480.633191
357.0,572,73528.091049
567.0,760,73596.75614
210.0,600,73652.696158
315.0,622,73701.648417
336.0,551,73756.018989
420.0,549,73802.474232
336.0,486,73847.454087
252.0,454,73883.417842
189.0,288,73906.971505
336.0,568,73961.707142
462.0,606,74010.163339
483.0,594,74065.512961
399.0,671,74123.196376
273.0,475,74167.593728
294.0,483,74204.518776
441.0,641,74261.397599
294.0,609,74317.769141
315.0,562,74364.925451
168.0,338,74397.88969
189.0,455,74434.06867
252.0,468,74479.863281
336.0,548,74526.173212
357.0,622,74582.836027
252.0,579,74630.307223
420.0,657,74687.678827
273.0,590,74743.202105
252.0,438,74778.927889
294.0,561,74825.882662
231.0,544,74872.438277
252.0,586,74927.625081
273.0,576,74974.773601
252.0,582,75029.714402
273.0,484,75074.727376
252.0,497,75111.940213
399.0,518,75157.298244
231.0,567,75212.098235
378.0,536,75258.269521
294.0,500,75303.242489
378.0,595,75351.088428
273.0,566,75398.188035
210.0,481,75442.878781
315.0,584,75498.276361
210.0,446,75534.169621
210.0,468,75578.510708
210.0,338,75603.608045
252.0,481,75649.579053
357.0,454,75685.78742
420.0,683,75751.876441
252.0,413,75786.881823
441.0,643,75843.904404
399.0,584,75891.649773
357.0,603,75947.576466
315.0,601,75995.962703
336.0,612,76052.286412
273.0,566,76099.32367
168.0,471,76143.828315
294.0,596,76191.949583
210.0,477,76236.592936
210.0,452,76280.522016
336.0,573,76327.745911
168.0,423,76362.811157
189.0,419,76397.807874
252.0,475,76442.303565
210.0,478,76486.928031
294.0,498,76524.2571
189.0,414,76567.032581
231.0,538,76613.463733
273.0,670,76671.240409
273.0,580,76718.957072
273.0,472,76762.969944
294.0,540,76810.639393
147.0,325,76835.13231
189.0,582,76890.878636
273.0,479,76935.516548
315.0,654,76992.929544
378.0,460,77029.266585
84.0,356,77062.423262
168.0,346,77087.734832
252.0,552,77142.158803
273.0,435,77177.760111
273.0,609,77233.838654
315.0,471,77270.507107
399.0,766,77339.254309
231.0,593,77395.284596
315.0,586,77442.926642
210.0,338,77475.617145
399.0,643,77533.023683
399.0,563,77580.494261
399.0,627,77637.474322
189.0,322,77662.353538
315.0,564,77717.751426
231.0,433,77753.516948
252.0,545,77800.379028
231.0,461,77844.289342
210.0,269,77867.397268
189.0,422,77902.653821
168.0,472,77940.802032
399.0,560,77995.605228
252.0,484,78033.160609
378.0,570,78088.412143
378.0,610,78137.002705
294.0,539,78191.278483
420.0,715,78250.624744
336.0,628,78307.634822
336.0,643,78364.953478
231.0,484,78402.391563
336.0,550,78457.041458
336.0,468,78494.029429
294.0,566,78549.276251
399.0,547,78595.858184
420.0,593,78644.239399
378.0,434,78687.646774
399.0,598,78736.165099
189.0,361,78769.664936
252.0,341,78802.608115
294.0,549,78849.396808
336.0,572,78897.040003
336.0,546,78943.957177
357.0,602,79000.372706
210.0,437,79035.935084
315.0,609,79093.731796
315.0,611,79150.223979
483.0,660,79207.983525
357.0,492,79245.483538
189.0,306,79277.438949
336.0,563,79324.790553
378.0,574,79372.548315
231.0,576,79427.642467
294.0,489,79472.748875
420.0,548,79519.613875
336.0,578,79567.425499
315.0,562,79622.55275
294.0,412,79657.407536
378.0,606,79706.053175
378.0,572,79761.276809
357.0,589,79809.664657
336.0,540,79856.428397
378.0,616,79913.045699
231.0,487,79957.90375
399.0,614,80014.25055
378.0,644,80063.858441
399.0,593,80119.900546
252.0,579,80167.739134
441.0,580,80223.129152
336.0,532,80270.805852
378.0,612,80327.343667
231.0,454,80363.596107
231.0,412,80398.58136
105.0,223,80420.414662
336.0,611,80476.814873
378.0,465,80513.437775
315.0,593,80569.007673
399.0,611,80617.408465
378.0,599,80673.197209
336.0,595,80728.807676
399.0,627,80777.868393
378.0,571,80833.04246
336.0,563,80880.220692
315.0,446,80916.050498
315.0,499,80961.508525
189.0,454,81005.597594
189.0,437,81041.444065
252.0,466,81086.016569
420.0,595,81134.434035
294.0,584,81190.201519
273.0,582,81237.935436
315.0,633,81294.974448
189.0,648,81352.441138
231.0,456,81390.176741
189.0,316,81422.495946
399.0,657,81480.422886
231.0,442,81516.618228
231.0,539,81563.102823
294.0,597,81619.25813
441.0,641,81676.901847
336.0,611,81725.983731
378.0,451,81769.810708
399.0,609,81826.10719
147.0,319,81850.69458
294.0,585,81898.656331
420.0,625,81955.593293
252.0,472,82000.253272
273.0,508,82046.052247
252.0,593,82094.119603
273.0,584,82149.848769
189.0,349,82175.228595
252.0,486,82220.057183
357.0,597,82275.867906
336.0,617,82324.778224
189.0,447,82368.469083
378.0,593,82416.662098
294.0,540,82470.847279
231.0,589,82518.833123
315.0,537,82566.541667
252.0,611,82622.782111
399.0,657,82680.142152
336.0,605,82736.921748
315.0,595,82786.353132
399.0,632,82844.745979
147.0,345,82878.605653
231.0,506,82917.180789
252.0,509,82963.457702
273.0,498,83009.220441
210.0,465,83054.279317
168.0,413,83089.82493
294.0,636,83147.76418
315.0,545,83195.175694
273.0,509,83241.447555
252.0,467,83278.677064
336.0,542,83325.538713
315.0,541,83379.391256
231.0,461,83415.278178
189.0,536,83461.15392
189.0,534,83507.173445
210.0,593,83562.549008
273.0,593,83610.171746
189.0,551,83664.537579
273.0,597,83713.340339
252.0,587,83768.4333
378.0,612,83816.721318
315.0,612,83872.513867
273.0,576,83927.435603
399.0,468,83963.879974
189.0,462,84007.795731
378.0,603,84055.731165
210.0,564,84110.481794
231.0,547,84156.854784
399.0,667,84214.273103
252.0,448,84250.072875
315.0,594,84305.726496
483.0,784,84374.503502
336.0,600,84422.371365
231.0,468,84466.300344
420.0,627,84522.663257
357.0,584,84569.905732
189.0,412,84604.454431
336.0,568,84658.838006
294.0,584,84706.007502
210.0,490,84750.545651
273.0,453,84786.370239
231.0,566,84842.025503
315.0,489,84886.405216
273.0,500,84923.47736
294.0,609,84979.167497
252.0,413,85013.982397
399.0,595,85069.22102
294.0,541,85115.680171
231.0,467,85152.002627
357.0,648,85209.1186
147.0,337,85241.922598
273.0,589,85297.391026
420.0,613,85345.910658
189.0,454,85389.814659
504.0,664,85447.229012
336.0,600,85495.029673
273.0,475,85539.219626
252.0,676,85596.763818
231.0,498,85641.312979
273.0,555,85687.585534
189.0,503,85732.522642
294.0,613,85788.141099
252.0,484,85824.813377
315.0,593,85880.184323
273.0,562,85926.828612
315.0,562,85982.659539
189.0,549,86029.168145
315.0,485,86073.590132
210.0,444,86109.226122
210.0,478,86153.608962
399.0,606,86201.743213
273.0,654,86259.108351
378.0,623,86315.191578
210.0,483,86359.901117
252.0,477,86396.733094
315.0,618,86452.708497
399.0,627,86509.159354
294.0,450,86545.104175
231.0,563,86599.449793
294.0,574,86646.399189
189.0,494,86691.009892
357.0,584,86738.504377
294.0,475,86782.731111
273.0,506,86827.848418
189.0,538,86873.919564
294.0,599,86929.424199
294.0,560,86976.120634
378.0,508,87021.429164
357.0,615,87069.629487
315.0,497,87114.549574
168.0,436,87159.211263
336.0,618,87207.583823
189.0,448,87251.115564
294.0,603,87299.235714
315.0,584,87354.533571
294.0,592,87402.204762
273.0,477,87446.392787
273.0,451,87482.338191
189.0,343,87514.933417
420.0,663,87572.088536
210.0,486,87616.67802
210.0,445,87652.25882
231.0,602,87707.817198
315.0,633,87764.067023
378.0,577,87811.46658
273.0,550,87857.7331
210.0,598,87913.259602
378.0,616,87969.59381
231.0,423,88004.704247
273.0,493,88049.35691
294.0,689,88107.603452
189.0,340,88132.7138
231.0,614,88188.644845
357.0,574,88243.638625
336.0,594,88292.491348
357.0,613,88348.341425
315.0,580,88395.723419
294.0,466,88439.81407
336.0,600,88487.710557
252.0,545,88541.698697
336.0,453,88577.673633
294.0,567,88624.574048
399.0,664,88682.267703
189.0,437,88725.239337
315.0,588,88772.878389
231.0,349,88805.985076
231.0,550,88852.654237
441.0,611,88908.452928
294.0,545,88954.659632
252.0,482,88999.1873
294.0,436,89034.747813
315.0,580,89082.037365
210.0,549,89136.230904
336.0,452,89172.469885
252.0,473,89216.858864
189.0,598,89264.93168
189.0,481,89309.619248
336.0,535,89356.138877
231.0,474,89400.447692
252.0,579,89449.114963
315.0,597,89504.913979
504.0,594,89553.125338
420.0,646,89610.645669
357.0,594,89666.595212
294.0,565,89713.831811
294.0,567,89760.900013
294.0,565,89815.535888
504.0,641,89872.458348
273.0,568,89919.642753
210.0,548,89966.023392
336.0,456,90009.39004
252.0,532,90055.119036
462.0,650,90111.994885
231.0,564,90158.672062
189.0,535,90204.678806
210.0,453,90248.232507
231.0,508,90293.511098
252.0,596,90341.569376
189.0,584,90396.689937
357.0,611,90444.992557
252.0,500,90490.029163
231.0,551,90536.673295
315.0,498,90582.877968
462.0,686,90641.197984
189.0,539,90695.146208
168.0,381,90721.326693
462.0,578,90776.520914
210.0,453,90812.426772
462.0,631,90868.964571
399.0,650,90925.977893
189.0,473,90970.367889
336.0,565,91017.255233
336.0,616,91073.70677
462.0,639,91130.661307
168.0,348,91155.762425
336.0,627,91212.216583
357.0,509,91257.453448
336.0,591,91312.605774
189.0,383,91338.748977
231.0,456,91382.473488
336.0,462,91418.482581
210.0,455,91462.225374
189.0,411,91497.045755
378.0,588,91552.336933
273.0,576,91599.247874
315.0,515,91644.640268
189.0,482,91689.023665
294.0,465,91726.524447
252.0,598,91782.147437
231.0,579,91829.68504
252.0,434,91865.288408
357.0,615,91921.333674
147.0,408,91956.001291
168.0,325,91988.498569
252.0,550,92034.996663
294.0,473,92079.331038
315.0,571,92126.725326
336.0,604,92182.746403
315.0,540,92229.048015
357.0,573,92276.151965
357.0,542,92322.293726
357.0,567,92376.916859
252.0,435,92412.28387
378.0,604,92467.821549
336.0,598,92515.61846
315.0,531,92561.615654
231.0,483,92605.985265
483.0,635,92662.371325
399.0,581,92709.546485
420.0,595,92764.869111
168.0,257,92787.527971
336.0,584,92835.016213
294.0,475,92880.518384
399.0,678,92938.471342
294.0,618,92994.723904
294.0,511,93040.217039
462.0,661,93097.794358
273.0,581,93145.201244
294.0,512,93190.779846
273.0,561,93237.762924
336.0,549,93291.99745
231.0,416,93326.833268
252.0,585,93374.644242
357.0,599,93430.07018
420.0,757,93497.788287
252.0,567,93544.862149
168.0,412,93579.389607
273.0,410,93614.066947
336.0,572,93668.835
231.0,497,93705.813673
189.0,350,93738.535041
231.0,476,93783.004225
231.0,448,93818.647091
336.0,454,93862.225869
378.0,612,93910.57869
252.0,480,93955.262017
294.0,541,94002.857687
252.0,446,94046.368634
462.0,681,94104.602833
315.0,734,94164.417409
420.0,610,94220.609524
126.0,415,94255.66672
252.0,582,94311.171825
336.0,547,94357.844638
315.0,543,94404.535856
294.0,546,94451.230284
294.0,601,94507.007591
420.0,594,94554.982605
315.0,501,94599.984803
336.0,595,94655.363439
315.0,615,94703.742796
399.0,594,94758.987418
399.0,628,94815.231482
336.0,570,94862.012428
189.0,600,94917.401387
399.0,594,94965.077294
357.0,563,95019.57323
294.0,474,95056.069566
210.0,508,95101.17202
273.0,597,95158.101322
378.0,583,95205.658766
357.0,595,95261.19073
315.0,477,95298.074402
273.0,466,95342.237102
315.0,630,95398.850976
462.0,674,95456.796678
315.0,475,95501.327658
399.0,484,95538.194371
336.0,501,95583.320381
273.0,418,95618.346504
273.0,479,95662.643965
378.0,619,95718.607752
336.0,514,95763.871922
252.0,475,95800.158431
294.0,454,95843.617334
189.0,351,95868.975699
210.0,362,95902.157758
189.0,421,95937.197898
336.0,616,95993.33305
210.0,436,96028.734896
231.0,515,96074.28457
294.0,549,96128.464403
336.0,444,96164.417338
315.0,604,96220.554365
357.0,597,96268.50469
315.0,481,96314.57525
189.0,288,96338.23339
273.0,567,96385.439497
462.0,733,96452.988082
357.0,610,96509.094311
294.0,598,96557.559695
336.0,575,96612.762635
231.0,502,96650.455634
273.0,468,96694.786114
378.0,616,96751.325773
336.0,600,96799.65872
210.0,543,96854.004106
84.0,256,96868.706569
273.0,579,96923.954836
378.0,571,96971.371688
315.0,577,97026.645598
231.0,594,97074.793488
294.0,678,97132.955929
168.0,325,97165.552824
315.0,531,97211.595222
399.0,597,97267.303846
210.0,469,97303.824034
189.0,420,97339.006514
273.0,599,97394.852017
189.0,548,97442.709419
273.0,579,97498.030633
357.0,616,97546.697526
336.0,584,97602.153624
336.0,529,97648.116035
462.0,608,97696.432786
399.0,602,97752.036788
231.0,475,97796.192173
315.0,451,97832.23452
399.0,652,97889.342623
357.0,723,97956.218508
336.0,562,98002.682217
168.0,339,98035.389091
189.0,323,98059.777465
336.0,593,98115.195409
273.0,478,98152.138731
336.0,604,98207.821218
273.0,551,98254.492269
399.0,548,98301.057788
315.0,470,98345.368367
273.0,416,98380.49757
357.0,567,98427.509363
273.0,590,98482.99909
189.0,355,98516.201607
189.0,434,98551.681049
294.0,450,98588.962409
336.0,598,98644.535813
336.0,598,98692.461965
315.0,509,98737.714164
189.0,438,98780.849098
189.0,428,98816.170551
336.0,530,98862.090346
378.0,567,98909.016452
378.0,586,98964.611476
294.0,593,99012.650966
399.0,609,99068.868574
189.0,468,99113.135695
273.0,470,99149.513409
252.0,454,99193.456297
357.0,578,99240.795321
252.0,351,99273.948752
189.0,454,99309.933215
315.0,610,99366.057662
294.0,571,99413.176733
357.0,596,99468.628708
231.0,479,99513.44893
378.0,561,99560.124338
294.0,609,99608.255124
273.0,481,99652.782541
210.0,584,99707.8888
294.0,467,99745.432216
294.0,467,99789.361338
336.0,597,99837.021541
315.0,559,99891.424767
399.0,568,99938.134146
399.0,627,99994.552711
252.0,538,100040.662527
84.0,324,100064.996349
189.0,596,100120.577695
189.0,382,100154.568509
210.0,419,100189.404285
315.0,632,100246.178571
189.0,379,100279.940369
357.0,520,100325.270376
315.0,417,100360.413938
420.0,619,100416.757346
462.0,584,100464.449737
378.0,565,100511.035852
378.0,547,100565.378803
294.0,493,100602.92214
189.0,510,100648.253309
231.0,443,100691.573153
357.0,499,100729.1415
336.0,703,100795.803922
231.0,473,100832.406549
399.0,564,100888.32651
189.0,423,100923.541067
189.0,568,100970.971395
294.0,567,101025.764194
252.0,567,101072.740738
420.0,659,101130.173095
357.0,584,101185.434675
336.0,659,101242.762898
84.0,220,101256.665929
294.0,592,101312.074543
378.0,675,101369.487299
294.0,578,101416.721089
315.0,613,101472.521801
441.0,629,101529.093948
357.0,507,101574.471188
231.0,380,101608.330635
273.0,478,101645.185041
252.0,580,101700.695704
399.0,548,101747.286126
294.0,419,101782.329075
189.0,342,101815.200824
105.0,325,101839.629155
210.0,463,101883.753763
273.0,501,101928.979923
273.0,452,101965.046432
252.0,562,102013.314608
231.0,593,102068.999005
399.0,616,102125.230607
294.0,508,102170.546115
210.0,482,102207.412851
294.0,596,102263.228203
210.0,549,102309.883675
420.0,540,102355.947516
189.0,293,102379.798528
378.0,587,102435.035817
399.0,555,102481.410761
252.0,581,102536.313024
315.0,449,102572.433372
231.0,476,102616.864133
252.0,578,102664.077042
189.0,283,102687.637651
399.0,625,102744.273107
315.0,597,102792.154917
231.0,519,102838.056167
441.0,659,102903.361971
357.0,457,102939.681197
357.0,715,103006.762998
231.0,549,103053.5151
210.0,442,103089.158886
315.0,517,103134.791584
378.0,689,103194.713491
420.0,646,103251.544463
336.0,561,103306.014972
168.0,419,103340.919211
252.0,433,103376.426774
294.0,594,103431.791508
294.0,583,103479.469494
357.0,611,103535.350116
399.0,616,103591.392443
189.0,453,103627.442616
315.0,633,103684.007509
294.0,472,103720.7287
399.0,597,103776.45832
273.0,469,103820.789918
273.0,595,103868.713786
399.0,566,103915.987612
294.0,568,103970.70459
399.0,621,104026.980793
294.0,552,104073.337175
210.0,452,104109.336663
189.0,479,104153.743659
357.0,536,104199.819705
294.0,583,104247.224804
189.0,508,104292.199827
462.0,660,104350.977776
378.0,625,104407.220769
210.0,475,104451.19866
378.0,497,104496.264448
378.0,583,104543.926198
189.0,342,104576.772473
378.0,499,104622.176143
210.0,435,104658.043495
336.0,571,104705.428312
336.0,632,104762.569159
189.0,383,104796.561249
189.0,464,104840.832458
399.0,608,104889.132771
315.0,570,104944.2264
189.0,357,104969.657624
336.0,580,105025.11696
189.0,420,105059.822793
336.0,542,105105.913478
336.0,577,105153.004951
294.0,474,105197.181079
189.0,418,105231.937402
231.0,417,105267.142998
273.0,433,105310.374972
63.0,332,105335.286834
336.0,482,105380.092983
231.0,482,105424.600715
315.0,573,105473.440046
252.0,541,105519.937063
273.0,610,105576.232949
210.0,337,105601.180782
294.0,611,105657.693682
504.0,616,105714.360084
252.0,437,105750.146094
168.0,282,105773.516685
189.0,336,105806.194237
231.0,438,105841.785393
336.0,616,105898.181893
399.0,594,105946.044321
441.0,627,106002.538549
252.0,507,106048.009332
357.0,572,106095.104053
231.0,465,106139.397365
231.0,482,106184.016727
378.0,552,106230.494775
273.0,497,106275.606492
294.0,581,106323.150486
315.0,504,106368.391075
231.0,360,106401.855723
273.0,561,106449.081495
315.0,573,106496.649258
210.0,468,106540.820189
273.0,438,106576.600627
273.0,561,106632.711416
168.0,438,106668.335698
336.0,561,106715.268134
315.0,632,106772.392209
357.0,504,106817.940839
378.0,714,106876.988558
210.0,468,106921.359381
210.0,471,106965.667018
315.0,544,107012.128821
147.0,408,107046.923598
441.0,645,107104.039944
294.0,467,107140.458968
378.0,568,107195.394236
357.0,606,107243.545604
189.0,454,107287.481877
294.0,481,107332.005213
252.0,487,107369.230904
189.0,349,107402.43708
294.0,511,107448.028734
336.0,628,107504.581604
336.0,599,107552.78257
210.0,477,107597.31128
252.0,577,107644.852245
399.0,622,107701.279836
168.0,453,107737.355209
378.0,571,107793.842165
273.0,520,107839.456832
420.0,609,107895.454054
231.0,448,107931.305184
231.0,346,107964.24886
252.0,515,108002.242182
483.0,664,108067.710808
105.0,221,108081.681377
273.0,506,108126.99958
273.0,509,108172.555142
441.0,648,108229.860555
399.0,632,108286.950783
378.0,552,108333.563813
189.0,517,108379.319759
315.0,632,108435.697571
189.0,340,108460.908991
462.0,641,108517.451188
189.0,451,108560.945198
357.0,555,108607.52303
294.0,561,108654.708989
336.0,480,108698.851807
378.0,614,108755.187624
273.0,579,108802.922545
378.0,644,108860.09621
231.0,505,108907.354253
315.0,456,108943.623762
315.0,578,108998.725195
231.0,550,109045.543981
273.0,546,109092.7093
273.0,570,109147.936175
336.0,584,109195.727318
273.0,520,109241.731943
252.0,532,109288.242392
231.0,443,109324.332458
357.0,581,109379.676975
399.0,609,109436.13729
441.0,577,109484.048852
294.0,467,109528.428344
168.0,485,109565.853136
294.0,512,109611.282061
315.0,482,109655.898473
315.0,569,109703.433091
273.0,592,109759.070591
273.0,508,109804.577393
231.0,536,109850.864964
231.0,464,109887.264207
231.0,468,109931.47357
294.0,586,109979.349135
336.0,594,110035.280133
210.0,420,110071.977003
378.0,566,110119.157356
252.0,484,110164.1556
168.0,445,110207.654158
231.0,538,110254.413442
357.0,515,110300.176682
231.0,435,110335.791254
294.0,469,110372.32597
399.0,577,110427.802031
210.0,372,110461.567743
273.0,470,110498.160025
252.0,502,110543.682015
210.0,341,110576.401968
294.0,443,110612.200005
105.0,289,110635.505418
210.0,505,110680.737702
252.0,449,110724.42379
378.0,581,110771.788448
378.0,545,110818.052085
378.0,583,110873.593721
525.0,627,110922.721243
189.0,432,110965.86161
378.0,581,111013.76125
399.0,562,111068.363587
462.0,627,111117.468201
189.0,457,111161.429188
189.0,435,111198.481596
399.0,610,111254.581281
399.0,603,111303.05948
273.0,546,111357.50139
105.0,439,111393.293756
315.0,584,111440.957438
399.0,564,111495.849794
441.0,677,111553.77673
231.0,442,111589.672982
294.0,514,111635.19875
168.0,325,111667.432986
357.0,509,111712.52904
189.0,382,111738.590607
273.0,604,111794.405993
189.0,348,111827.19054
189.0,537,111872.875539
336.0,507,111918.104852
