#{"t_start": 1680587899.1000884, "env_id": "AssaultNoFrameskip-v4"}
r,l,t
210.0,602,50.374718
147.0,491,94.802023
231.0,864,175.195778
336.0,901,249.653143
294.0,926,341.99309
504.0,1108,440.261954
672.0,1229,558.294144
231.0,928,642.679906
588.0,1472,771.276791
483.0,1329,897.032599
441.0,1286,1017.168425
525.0,1180,1125.873539
504.0,962,1212.757591
588.0,1049,1309.40677
315.0,625,1368.209545
315.0,731,1435.571892
504.0,672,1491.640105
420.0,777,1557.921504
336.0,657,1613.331234
420.0,941,1691.615877
546.0,1024,1780.028592
399.0,785,1846.636568
504.0,942,1925.057108
483.0,900,2002.682317
504.0,931,2080.933896
672.0,1029,2169.33479
462.0,841,2245.234434
651.0,822,2312.919197
441.0,662,2369.921616
420.0,596,2423.833484
420.0,724,2481.112643
441.0,735,2546.466869
462.0,701,2610.935798
399.0,743,2668.743016
420.0,681,2724.956762
399.0,676,2788.725793
420.0,666,2844.642081
231.0,511,2888.570065
378.0,730,2945.962008
315.0,619,3000.585637
420.0,633,3055.608073
378.0,633,3110.738449
441.0,674,3166.805939
252.0,581,3212.575889
252.0,566,3265.8562
294.0,616,3312.682332
294.0,547,3365.625731
336.0,476,3400.898113
315.0,578,3455.801342
315.0,578,3501.713969
231.0,440,3544.03609
273.0,622,3591.009703
399.0,569,3644.391002
294.0,554,3689.558916
315.0,570,3735.111676
273.0,455,3777.786799
231.0,564,3823.18665
189.0,409,3857.038462
336.0,621,3911.843937
336.0,548,3956.828585
315.0,580,4010.553035
357.0,529,4055.04408
336.0,547,4100.079649
336.0,572,4145.784048
252.0,542,4190.720551
210.0,418,4224.554279
273.0,570,4277.983869
294.0,468,4313.081331
336.0,589,4367.025622
378.0,538,4411.860802
315.0,533,4456.474634
357.0,547,4501.455001
567.0,743,4568.580179
399.0,589,4622.493775
378.0,546,4667.597493
294.0,575,4713.505877
336.0,545,4758.540667
294.0,575,4812.270761
294.0,530,4857.273036
231.0,547,4902.325732
252.0,454,4937.359015
357.0,538,4990.056283
420.0,721,5047.424104
231.0,447,5089.95095
315.0,565,5135.568154
483.0,585,5181.7226
441.0,562,5235.167554
336.0,622,5282.160036
294.0,573,5335.596051
336.0,582,5381.510454
189.0,443,5423.996251
315.0,435,5458.270356
294.0,482,5501.47696
315.0,610,5548.160489
462.0,577,5601.84758
231.0,417,5635.848968
420.0,602,5691.058295
315.0,575,5736.756536
357.0,564,5782.248694
210.0,580,5836.060772
273.0,574,5881.712154
399.0,546,5926.917333
189.0,343,5958.881896
420.0,699,6015.490694
441.0,595,6069.411332
399.0,579,6115.073961
231.0,577,6168.659256
189.0,447,6203.193583
210.0,431,6237.381445
378.0,597,6291.492089
357.0,598,6337.70969
273.0,624,6392.283208
378.0,568,6445.603075
252.0,552,6490.708137
294.0,564,6536.065736
336.0,582,6589.784833
294.0,603,6636.235027
294.0,490,6679.755061
210.0,573,6725.242926
189.0,588,6780.262487
336.0,576,6825.913229
252.0,473,6868.917225
420.0,610,6923.287572
336.0,657,6978.849153
231.0,537,7023.577104
399.0,573,7069.140099
378.0,542,7114.105561
252.0,596,7168.252795
357.0,537,7213.060731
399.0,683,7269.33685
315.0,597,7323.458282
483.0,871,7399.915208
189.0,327,7423.640619
357.0,579,7469.392217
315.0,612,7524.016127
399.0,617,7578.531952
231.0,494,7622.23963
399.0,588,7668.241833
357.0,602,7722.537585
378.0,670,7778.486624
378.0,604,7832.680091
483.0,779,7900.315421
189.0,349,7924.600976
315.0,579,7978.14203
315.0,598,8024.354694
315.0,608,8078.893848
189.0,443,8113.444526
252.0,529,8157.915951
462.0,713,8222.86031
399.0,616,8277.287077
420.0,619,8324.167943
357.0,627,8379.042626
210.0,479,8422.152185
399.0,615,8469.037878
294.0,626,8523.850067
210.0,593,8577.831115
378.0,603,8624.435212
420.0,659,8680.445692
252.0,564,8733.893358
420.0,605,8780.575084
189.0,407,8822.023472
315.0,537,8866.956812
441.0,714,8924.243873
315.0,478,8967.588971
315.0,568,9014.337571
378.0,610,9068.834195
357.0,568,9114.42167
357.0,620,9169.407676
315.0,510,9213.646146
273.0,589,9259.819804
336.0,570,9313.338226
336.0,624,9368.413402
336.0,474,9403.743356
315.0,551,9448.976317
210.0,312,9480.18724
420.0,577,9526.124191
378.0,556,9571.347026
336.0,552,9624.373297
357.0,541,9669.347706
378.0,585,9715.338947
231.0,557,9760.701816
378.0,554,9813.804399
294.0,543,9858.705357
525.0,762,9924.822766
420.0,612,9971.531886
399.0,595,10025.425158
273.0,529,10069.840209
252.0,534,10115.450763
273.0,474,10158.425156
231.0,547,10203.164554
357.0,582,10249.07631
252.0,577,10302.630551
189.0,453,10337.305728
315.0,590,10391.225851
294.0,562,10436.454931
273.0,584,10490.197565
189.0,532,10534.962907
315.0,556,10580.090878
294.0,455,10614.89769
315.0,540,10667.372365
315.0,529,10711.914284
399.0,622,10758.663862
252.0,475,10801.896461
336.0,565,10847.23403
336.0,569,10900.639749
294.0,564,10945.985004
294.0,500,10989.704432
315.0,571,11035.229426
210.0,541,11080.025835
273.0,596,11133.967958
210.0,496,11177.555256
336.0,593,11224.854333
357.0,550,11269.854539
231.0,556,11323.038083
252.0,597,11369.332718
252.0,449,11411.905416
273.0,483,11447.46116
315.0,598,11501.72947
294.0,550,11546.885842
399.0,607,11601.143978
357.0,541,11645.99607
357.0,587,11691.911689
189.0,434,11733.896486
210.0,473,11769.369515
252.0,487,11812.732209
441.0,611,11867.29651
336.0,554,11912.433002
189.0,571,11958.15214
357.0,584,12011.905339
357.0,606,12066.201682
441.0,766,12124.693549
399.0,554,12177.675783
231.0,482,12213.17148
336.0,592,12267.190273
336.0,544,12312.16121
378.0,573,12358.895992
441.0,589,12412.838315
231.0,556,12458.054599
231.0,440,12500.422588
357.0,564,12545.855382
294.0,576,12591.734853
294.0,597,12646.112129
189.0,571,12691.930317
399.0,595,12746.287335
336.0,655,12802.207001
294.0,475,12837.661723
336.0,546,12890.622241
189.0,408,12924.367369
294.0,586,12970.360817
294.0,590,13024.447216
315.0,578,13070.320772
231.0,541,13115.237187
315.0,415,13149.20028
399.0,599,13203.487198
210.0,468,13246.619617
294.0,509,13290.640014
315.0,586,13336.863289
231.0,476,13380.200988
210.0,540,13425.256349
168.0,404,13459.829344
336.0,564,13505.266738
462.0,755,13571.350054
231.0,421,13605.38766
399.0,593,13659.448196
357.0,454,13694.287682
189.0,408,13727.959524
315.0,554,13780.889726
357.0,579,13826.752956
189.0,479,13869.926546
336.0,569,13915.294844
294.0,579,13961.074897
252.0,459,14003.733176
273.0,452,14038.385814
399.0,610,14092.568502
231.0,457,14135.087233
357.0,562,14180.313298
399.0,633,14235.269747
357.0,629,14290.060171
378.0,636,14337.093186
357.0,702,14401.416348
315.0,620,14456.002711
210.0,572,14501.689189
252.0,608,14557.192538
399.0,721,14614.655505
420.0,578,14668.299001
231.0,538,14713.187143
273.0,570,14758.877979
315.0,586,14812.754331
336.0,579,14858.589825
399.0,645,14913.923689
357.0,601,14968.037465
357.0,615,15014.919215
210.0,504,15058.824693
294.0,677,15115.597268
210.0,472,15159.46399
378.0,693,15217.249246
231.0,449,15260.006898
336.0,544,15304.94312
294.0,568,15350.461721
357.0,606,15404.778867
441.0,674,15461.054256
441.0,635,15516.154902
294.0,468,15559.235141
399.0,546,15604.276376
420.0,725,15663.007748
168.0,305,15693.915672
189.0,383,15719.089421
273.0,586,15772.899498
336.0,541,15817.989949
399.0,598,15872.161623
294.0,433,15906.502742
378.0,606,15960.849871
336.0,567,16006.462005
378.0,530,16051.03583
189.0,436,16085.369325
441.0,581,16139.046457
336.0,604,16185.43272
378.0,593,16239.484861
273.0,532,16284.007099
210.0,492,16327.574727
231.0,449,16362.155104
315.0,507,16406.056181
294.0,557,16451.081379
357.0,614,16505.351765
336.0,530,16549.70608
357.0,563,16594.964529
294.0,592,16648.950102
399.0,684,16705.045507
357.0,597,16758.923449
441.0,616,16814.35644
462.0,675,16870.249919
294.0,604,16916.54314
336.0,463,16959.305438
336.0,614,17013.80698
399.0,625,17060.609391
168.0,440,17102.930178
399.0,593,17149.048512
273.0,578,17202.533308
189.0,549,17247.681196
336.0,599,17301.689532
357.0,555,17346.797477
357.0,577,17392.369963
336.0,510,17436.371521
378.0,577,17489.961243
231.0,450,17524.883728
231.0,608,17579.095989
378.0,503,17615.05969
273.0,489,17658.511179
189.0,379,17691.447051
273.0,593,17745.356474
336.0,720,17802.594403
420.0,695,17866.800437
273.0,606,17914.492473
315.0,476,17957.842847
378.0,723,18015.005255
252.0,442,18057.214608
315.0,577,18103.133435
399.0,572,18156.486338
336.0,612,18203.149911
546.0,741,18268.906148
252.0,574,18314.45334
378.0,585,18368.233232
420.0,658,18423.949593
399.0,660,18479.63865
378.0,660,18535.491649
504.0,676,18591.524065
399.0,594,18645.682441
210.0,542,18690.474875
399.0,598,18736.762569
357.0,653,18800.133273
378.0,477,18835.580551
294.0,486,18878.890585
441.0,593,18925.178452
210.0,469,18968.138299
378.0,588,19015.259494
420.0,643,19070.415808
378.0,511,19114.557205
399.0,634,19169.859911
273.0,444,19212.393794
189.0,419,19246.452136
252.0,598,19292.809201
378.0,622,19347.613659
336.0,620,19402.571396
378.0,611,19457.226711
462.0,706,19514.185164
336.0,683,19570.620891
378.0,642,19626.005711
399.0,543,19670.989306
399.0,642,19726.386463
315.0,471,19769.497304
315.0,493,19813.187743
483.0,765,19879.588383
315.0,580,19925.555984
399.0,628,19980.529575
378.0,617,20035.34216
483.0,770,20094.091172
441.0,681,20159.147563
357.0,594,20205.44184
336.0,637,20260.472081
483.0,755,20326.337518
315.0,684,20382.495946
525.0,859,20458.98088
294.0,517,20503.066472
378.0,570,20548.468354
420.0,697,20612.827549
357.0,600,20659.177097
315.0,630,20713.96402
504.0,714,20771.120044
399.0,610,20825.213367
315.0,528,20869.747189
378.0,584,20923.448683
420.0,666,20979.249388
210.0,435,21013.467368
357.0,602,21067.517027
420.0,682,21123.571496
420.0,545,21168.436687
294.0,586,21223.259103
441.0,689,21279.569108
357.0,708,21336.42209
420.0,559,21389.557498
336.0,575,21435.170446
294.0,645,21490.372434
525.0,811,21557.705478
336.0,546,21602.727248
252.0,506,21646.451023
210.0,609,21700.72664
378.0,693,21757.257245
609.0,666,21812.940358
357.0,643,21868.055606
399.0,632,21923.079842
357.0,575,21976.41617
273.0,624,22023.36271
315.0,537,22068.052256
189.0,385,22101.000024
336.0,577,22154.659314
189.0,422,22188.707826
378.0,632,22243.923474
210.0,555,22289.009698
441.0,664,22345.859828
315.0,563,22398.977111
462.0,648,22454.440094
399.0,648,22502.064884
357.0,445,22544.449646
441.0,660,22600.255553
525.0,749,22666.056945
273.0,564,22711.357519
399.0,508,22755.436401
357.0,497,22799.169422
399.0,628,22854.060406
336.0,445,22888.517649
231.0,544,22933.534398
357.0,510,22977.590071
252.0,453,23012.383643
336.0,555,23065.765789
315.0,610,23112.68051
357.0,607,23167.275113
294.0,579,23213.24366
378.0,613,23267.930973
525.0,789,23334.98493
336.0,584,23388.95324
252.0,602,23436.721693
336.0,543,23489.392646
294.0,501,23525.353414
315.0,613,23579.819962
210.0,570,23625.341805
399.0,612,23679.868903
378.0,666,23735.875623
399.0,594,23789.889513
210.0,487,23825.478182
525.0,639,23880.69458
441.0,650,23936.204557
399.0,616,23990.812893
168.0,352,24022.897474
441.0,635,24077.968007
504.0,769,24144.268079
357.0,660,24199.952822
315.0,414,24233.593694
441.0,667,24289.508178
462.0,700,24345.995259
504.0,733,24411.148458
399.0,657,24466.61373
378.0,610,24520.812418
315.0,616,24568.728195
378.0,607,24622.982826
399.0,664,24678.514172
294.0,487,24721.808351
357.0,613,24776.081882
252.0,581,24821.760128
336.0,631,24876.639079
399.0,515,24920.728267
357.0,570,24966.263403
378.0,589,25020.058396
378.0,614,25066.639354
336.0,629,25121.558214
252.0,391,25154.713672
420.0,551,25199.730625
294.0,653,25255.222315
504.0,632,25310.327102
231.0,453,25352.874993
231.0,508,25396.758313
399.0,558,25441.83759
336.0,411,25475.44469
399.0,601,25529.471767
294.0,581,25575.106708
462.0,741,25640.55153
420.0,622,25696.351336
252.0,378,25721.333651
441.0,674,25785.118802
399.0,650,25840.527864
378.0,639,25895.7173
252.0,380,25920.647875
294.0,480,25963.87351
504.0,541,26008.650304
336.0,544,26053.545838
189.0,355,26085.743065
567.0,650,26141.277977
399.0,472,26184.274069
420.0,529,26228.932802
504.0,637,26284.015573
441.0,645,26339.337902
231.0,614,26385.947098
504.0,641,26441.074334
525.0,697,26505.473949
210.0,386,26530.677425
315.0,627,26585.573513
273.0,632,26640.513401
315.0,482,26683.933255
378.0,660,26739.522164
378.0,501,26784.456757
294.0,501,26828.359401
231.0,469,26863.618391
336.0,445,26898.311629
294.0,481,26941.791338
252.0,519,26986.17148
357.0,452,27028.877362
294.0,564,27074.453586
462.0,626,27129.479038
399.0,612,27176.406851
462.0,613,27231.126259
252.0,462,27274.064943
336.0,579,27319.946256
357.0,577,27365.765764
273.0,476,27409.116627
315.0,591,27463.235016
420.0,621,27510.21623
399.0,641,27565.595278
336.0,472,27608.653099
273.0,337,27632.772012
378.0,593,27686.848979
399.0,613,27741.572808
273.0,472,27776.797698
252.0,385,27809.889607
357.0,614,27864.58388
294.0,485,27909.00502
399.0,602,27955.537576
294.0,614,28010.084683
483.0,722,28075.25812
420.0,642,28122.622922
441.0,599,28176.632176
210.0,497,28220.289023
399.0,630,28274.989544
189.0,563,28320.365425
399.0,633,28375.224097
504.0,832,28443.061671
357.0,644,28498.211094
462.0,647,28553.445034
336.0,617,28607.818632
399.0,612,28662.277465
420.0,572,28707.965104
378.0,596,28762.042283
273.0,466,28797.161938
315.0,482,28840.298459
315.0,589,28886.385946
441.0,653,28941.880666
399.0,628,28997.716528
483.0,703,29062.2702
420.0,595,29108.416023
315.0,442,29150.525339
294.0,371,29175.51389
294.0,500,29219.265014
441.0,587,29273.08392
420.0,616,29319.798723
252.0,371,29352.491748
315.0,441,29394.866425
483.0,660,29450.554948
441.0,629,29497.490868
168.0,327,29529.022958
420.0,600,29583.164361
315.0,614,29629.789588
315.0,377,29662.727741
336.0,485,29705.936206
189.0,480,29741.526564
378.0,757,29807.360345
357.0,608,29861.785712
399.0,685,29917.980876
399.0,660,29973.64899
462.0,680,30037.442971
357.0,543,30082.49594
378.0,631,30138.232445
357.0,481,30173.806691
357.0,488,30217.40437
315.0,561,30262.773768
462.0,647,30318.149848
483.0,691,30374.503269
399.0,628,30429.36106
210.0,452,30471.880688
315.0,486,30507.433059
420.0,600,30561.533433
273.0,482,30604.722921
420.0,613,30651.495445
399.0,541,30704.198746
462.0,710,30761.211061
357.0,582,30815.232518
357.0,549,30860.450621
336.0,504,30904.536294
399.0,595,30951.005948
504.0,805,31018.429302
399.0,615,31073.116941
294.0,477,31116.409124
420.0,585,31162.598742
189.0,440,31206.168366
315.0,546,31251.054039
294.0,447,31285.897023
399.0,599,31340.197538
378.0,614,31387.039095
294.0,529,31431.586635
315.0,536,31484.33374
273.0,541,31529.153757
483.0,561,31574.872393
294.0,548,31619.979769
399.0,594,31674.141942
357.0,563,31719.662543
315.0,600,31773.893338
378.0,629,31820.875824
336.0,562,31874.100089
420.0,473,31909.609226
336.0,636,31964.83417
420.0,570,32018.196513
420.0,670,32074.030517
399.0,506,32118.033944
357.0,578,32163.758667
357.0,575,32217.133363
252.0,481,32252.585078
252.0,543,32297.418915
357.0,465,32341.38113
315.0,484,32384.704877
420.0,501,32420.535389
336.0,574,32473.749972
336.0,587,32519.772089
231.0,419,32553.536956
483.0,644,32608.710988
357.0,465,32651.409083
273.0,492,32694.865202
462.0,650,32750.135248
336.0,550,32795.026062
189.0,342,32826.920246
210.0,374,32851.91595
273.0,498,32895.584857
189.0,344,32927.489741
315.0,471,32962.65935
357.0,548,33015.354316
483.0,626,33062.329936
273.0,444,33104.566032
441.0,626,33159.235829
357.0,522,33203.505693
294.0,473,33238.813628
315.0,546,33283.892017
273.0,500,33327.676443
357.0,500,33371.33022
336.0,481,33414.873618
357.0,586,33461.861672
357.0,485,33505.253064
378.0,497,33549.050292
315.0,568,33594.51729
336.0,540,33639.303502
315.0,599,33693.422929
357.0,583,33739.288785
462.0,643,33794.745787
462.0,648,33850.185086
420.0,415,33883.988985
336.0,587,33937.862025
441.0,628,33992.817065
231.0,339,34016.9086
231.0,420,34050.880436
294.0,456,34093.608782
441.0,683,34150.111278
462.0,609,34204.563721
273.0,451,34239.320652
336.0,451,34281.861678
357.0,564,34327.343703
504.0,674,34383.524395
441.0,641,34438.745203
378.0,562,34484.187233
378.0,573,34538.823458
588.0,768,34604.981584
378.0,476,34640.46165
462.0,647,34696.070825
294.0,498,34740.029911
336.0,509,34784.210275
399.0,606,34838.668343
441.0,595,34885.139793
420.0,587,34939.153559
378.0,603,34985.640671
462.0,684,35050.129281
231.0,470,35085.370497
378.0,609,35139.855742
210.0,469,35175.29465
315.0,488,35219.013219
399.0,584,35272.886818
336.0,628,35320.094292
273.0,517,35364.41484
357.0,565,35417.81098
231.0,424,35452.053295
315.0,582,35497.858533
399.0,611,35552.39484
252.0,578,35598.210471
336.0,507,35642.237497
420.0,595,35697.557353
189.0,340,35721.689618
462.0,657,35785.175835
462.0,636,35832.563841
525.0,689,35896.826154
210.0,453,35931.442525
315.0,622,35986.149626
462.0,595,36032.196995
210.0,454,36074.895926
399.0,512,36118.876718
399.0,645,36174.034599
315.0,449,36208.74038
252.0,466,36251.495342
357.0,562,36296.88419
441.0,597,36350.857708
399.0,616,36397.543441
378.0,629,36452.374753
399.0,607,36506.697353
399.0,586,36552.497352
441.0,645,36607.848338
378.0,598,36662.133444
399.0,624,36716.852267
462.0,635,36772.903405
420.0,594,36818.862119
336.0,377,36851.611235
231.0,416,36885.395375
336.0,654,36940.838219
420.0,524,36985.258645
189.0,562,37038.500755
441.0,634,37085.753967
462.0,627,37140.718359
399.0,498,37184.533346
483.0,641,37239.916599
252.0,544,37284.866387
315.0,571,37330.530621
420.0,538,37383.197047
357.0,514,37419.532434
378.0,562,37472.780678
357.0,542,37517.640884
315.0,571,37563.206983
357.0,588,37617.133802
357.0,578,37662.813813
420.0,635,37717.975861
483.0,691,37774.495625
399.0,631,37829.535074
441.0,658,37886.234179
504.0,765,37952.433132
399.0,619,38007.013879
357.0,604,38061.421557
420.0,688,38117.806267
231.0,448,38152.449249
399.0,612,38206.990751
273.0,479,38250.316259
273.0,455,38285.248337
399.0,512,38329.294412
399.0,544,38374.422245
441.0,702,38438.898885
336.0,596,38485.141221
399.0,610,38539.540297
483.0,730,38597.318111
441.0,581,38651.082042
357.0,514,38695.42886
294.0,523,38739.908275
378.0,596,38786.3465
462.0,590,38840.421199
315.0,564,38885.98347
525.0,721,38951.341503
399.0,551,38997.555314
189.0,600,39051.749696
441.0,607,39098.321357
252.0,390,39131.554311
294.0,597,39185.986397
231.0,520,39230.331945
441.0,507,39274.29884
441.0,594,39320.548443
231.0,584,39374.380744
420.0,616,39421.335928
378.0,568,39474.831254
399.0,613,39529.575469
273.0,593,39575.858017
336.0,501,39619.650849
336.0,597,39666.196042
420.0,657,39729.60091
378.0,518,39766.120799
378.0,630,39820.892135
567.0,647,39876.036828
504.0,659,39931.593924
399.0,570,39984.936602
294.0,484,40020.484919
399.0,700,40084.798541
420.0,533,40130.388911
357.0,506,40174.321213
399.0,686,40230.448912
441.0,610,40284.917175
231.0,360,40309.450341
378.0,529,40354.09217
336.0,601,40408.136872
336.0,565,40453.481771
231.0,453,40496.042951
420.0,587,40541.950466
315.0,562,40595.094492
420.0,570,40640.648169
504.0,709,40697.550863
315.0,506,40741.53122
273.0,550,40794.371868
399.0,610,40840.90551
357.0,501,40884.648818
420.0,639,40939.646684
441.0,540,40984.630654
357.0,476,41027.719751
336.0,500,41071.415298
189.0,327,41095.09782
294.0,497,41138.770144
294.0,476,41174.122838
357.0,598,41229.261307
378.0,613,41283.693882
399.0,612,41330.429699
420.0,614,41384.911417
336.0,468,41427.879565
336.0,509,41471.984475
399.0,662,41527.704948
399.0,513,41571.870209
399.0,491,41607.548418
273.0,501,41651.429352
399.0,543,41696.430797
399.0,642,41751.717439
336.0,579,41805.386449
399.0,576,41851.221233
378.0,561,41896.531193
168.0,326,41928.011612
294.0,565,41973.433368
399.0,658,42029.067618
483.0,658,42084.779546
378.0,657,42140.324141
336.0,593,42194.400205
294.0,581,42240.348686
420.0,609,42294.73524
420.0,624,42350.474751
294.0,482,42393.992166
504.0,625,42441.118896
441.0,711,42506.182922
420.0,597,42552.623638
273.0,566,42606.07255
273.0,593,42652.301204
378.0,454,42695.218116
399.0,628,42750.224899
357.0,486,42785.920555
420.0,547,42830.985052
231.0,596,42885.121676
294.0,501,42929.112949
231.0,484,42972.526668
357.0,561,43018.166569
336.0,547,43063.222847
273.0,613,43117.93206
210.0,436,43152.409336
273.0,549,43197.757632
252.0,446,43240.21199
357.0,499,43276.18039
231.0,469,43319.441585
231.0,507,43363.509377
315.0,520,43407.958611
294.0,475,43444.522529
168.0,424,43486.25009
378.0,506,43530.410096
273.0,565,43575.954869
441.0,627,43630.943295
294.0,579,43676.855268
336.0,562,43722.241065
336.0,564,43775.481755
189.0,525,43819.760983
315.0,561,43865.037883
210.0,453,43907.582
315.0,478,43942.955291
231.0,548,43987.797986
252.0,466,44030.637008
546.0,767,44096.996526
315.0,545,44141.694894
273.0,452,44176.324385
378.0,515,44220.733294
273.0,473,44263.791019
252.0,583,44309.712872
210.0,567,44362.877689
399.0,563,44408.244534
252.0,543,44453.054775
210.0,465,44496.032677
252.0,451,44530.623688
294.0,451,44574.309792
420.0,641,44629.422212
252.0,456,44664.234218
231.0,594,44718.329972
315.0,565,44763.670319
315.0,453,44798.487651
378.0,645,44853.782592
315.0,562,44906.998985
273.0,508,44951.036279
147.0,287,44973.659639
273.0,557,45018.884752
315.0,596,45072.930165
273.0,558,45118.348317
294.0,456,45153.257883
273.0,610,45207.657573
399.0,594,45261.708877
420.0,600,45307.991038
357.0,593,45362.060417
525.0,746,45419.987644
315.0,626,45474.774851
357.0,548,45519.888451
462.0,612,45574.273719
357.0,605,45628.674104
441.0,610,45676.229787
189.0,444,45718.566113
420.0,646,45773.87451
336.0,487,45817.241777
252.0,469,45852.348844
504.0,627,45907.2995
357.0,549,45952.298425
378.0,577,46005.891528
357.0,539,46050.598699
210.0,456,46085.379969
399.0,614,46140.016606
315.0,611,46194.56544
294.0,380,46219.678108
210.0,466,46262.719347
399.0,631,46317.540819
462.0,625,46372.562018
336.0,593,46418.929053
378.0,583,46472.796881
147.0,407,46506.585647
273.0,342,46530.772904
378.0,466,46573.838912
315.0,598,46620.549985
252.0,486,46664.050666
588.0,768,46730.575942
273.0,505,46775.760082
399.0,629,46830.753605
357.0,602,46877.30032
378.0,565,46930.748425
399.0,580,46976.597439
378.0,642,47032.031501
315.0,598,47086.365224
399.0,608,47133.006836
399.0,577,47186.62158
483.0,655,47242.450875
315.0,490,47285.939873
273.0,480,47321.414914
252.0,544,47366.468915
252.0,506,47410.440806
567.0,735,47475.917681
399.0,562,47521.272098
336.0,612,47575.800522
357.0,584,47621.597194
336.0,584,47675.234539
399.0,572,47720.75141
420.0,661,47776.273394
420.0,598,47830.51252
399.0,610,47886.130853
252.0,439,47920.327863
252.0,439,47954.635794
441.0,625,48009.468791
462.0,686,48065.707119
378.0,594,48119.538066
315.0,581,48165.542593
294.0,482,48208.745197
231.0,628,48263.645827
399.0,557,48308.807287
336.0,517,48353.009743
399.0,638,48408.177909
420.0,562,48453.42161
315.0,592,48507.389478
441.0,641,48562.686382
399.0,688,48618.954236
504.0,771,48685.205028
273.0,546,48730.327013
462.0,609,48784.694838
273.0,485,48828.125767
441.0,610,48874.633205
399.0,504,48918.471621
189.0,421,48952.489752
336.0,627,49008.571394
357.0,613,49062.98753
336.0,631,49118.089153
378.0,614,49164.862393
231.0,605,49219.122272
294.0,577,49265.06189
189.0,321,49296.438571
378.0,551,49341.642707
420.0,571,49387.424192
441.0,677,49451.339361
420.0,577,49497.090297
420.0,616,49551.573157
231.0,563,49596.903103
315.0,545,49641.93355
273.0,416,49675.707157
525.0,714,49740.580437
357.0,600,49787.006058
315.0,552,49839.901685
273.0,536,49884.616943
336.0,583,49930.532491
546.0,643,49985.756969
399.0,650,50041.394912
315.0,451,50083.998384
357.0,565,50130.500505
420.0,622,50185.305013
357.0,593,50231.685614
357.0,600,50285.963173
399.0,621,50340.797001
315.0,479,50376.4945
420.0,644,50431.926909
378.0,596,50486.25703
336.0,604,50532.981462
399.0,579,50586.825613
357.0,596,50633.122516
441.0,578,50686.933302
252.0,378,50719.815046
420.0,626,50774.829897
399.0,579,50820.897571
231.0,452,50855.672728
189.0,447,50898.237998
357.0,475,50933.553541
336.0,512,50977.851206
420.0,645,51033.108509
273.0,626,51088.200152
273.0,466,51131.356663
315.0,390,51164.536233
462.0,621,51212.749806
399.0,612,51267.235552
273.0,421,51301.164762
441.0,660,51357.039628
315.0,413,51398.574363
357.0,564,51444.123371
378.0,583,51490.005229
294.0,594,51543.901754
273.0,574,51589.482612
420.0,732,51654.739691
357.0,614,51709.096843
420.0,546,51753.956449
420.0,628,51808.772113
273.0,566,51854.192499
273.0,582,51899.99778
357.0,597,51953.925886
189.0,467,51996.85224
273.0,467,52032.171644
315.0,448,52074.626686
315.0,488,52110.325498
420.0,531,52154.92834
378.0,512,52199.059341
378.0,580,52252.694402
441.0,576,52298.591169
210.0,582,52353.339689
357.0,538,52397.952909
483.0,645,52453.186267
336.0,556,52498.483759
378.0,479,52541.700625
210.0,439,52576.252224
399.0,564,52621.672413
588.0,705,52686.379826
294.0,443,52720.823544
315.0,450,52755.655383
378.0,614,52810.327217
420.0,572,52863.867377
231.0,365,52888.542863
420.0,577,52942.22724
420.0,646,52997.498764
441.0,664,53053.281048
315.0,534,53098.017348
336.0,435,53132.390311
252.0,416,53166.34859
273.0,472,53209.583678
420.0,380,53242.429341
336.0,572,53288.047035
357.0,600,53342.281164
399.0,574,53387.941109
252.0,455,53431.844241
294.0,454,53466.477566
189.0,419,53500.671986
231.0,435,53542.840097
315.0,572,53588.497699
420.0,586,53642.379455
315.0,484,53678.110664
273.0,551,53723.375082
210.0,356,53755.698501
378.0,572,53809.257406
273.0,453,53844.125323
315.0,542,53888.960953
273.0,516,53933.185105
567.0,768,53999.460353
378.0,563,54045.048189
315.0,449,54087.48039
378.0,594,54133.706042
210.0,531,54178.446198
315.0,580,54232.161432
294.0,510,54276.343508
336.0,563,54321.999091
420.0,698,54378.847722
252.0,450,54421.532443
336.0,478,54457.080495
420.0,600,54511.395068
441.0,628,54567.632182
231.0,444,54602.294037
252.0,382,54635.372736
273.0,541,54680.10823
399.0,561,54733.332178
483.0,841,54801.668485
378.0,552,54846.905099
399.0,629,54901.932863
315.0,597,54956.201285
189.0,420,54990.232714
252.0,590,55036.513937
210.0,439,55078.849858
399.0,600,55125.197617
231.0,377,55158.136471
315.0,425,55192.265276
357.0,566,55245.628016
315.0,560,55290.968315
252.0,553,55336.170492
294.0,479,55379.397575
357.0,596,55433.402022
399.0,569,55478.882286
126.0,341,55502.966077
357.0,552,55555.75239
357.0,571,55601.123918
294.0,381,55634.062953
336.0,552,55680.110659
378.0,547,55725.013084
441.0,629,55779.846961
483.0,610,55834.137897
378.0,612,55888.59713
231.0,575,55934.166943
231.0,479,55977.440289
378.0,589,56023.658106
294.0,440,56066.014386
420.0,623,56112.979049
462.0,632,56167.925087
336.0,584,56221.833492
462.0,638,56276.806586
399.0,593,56322.984673
462.0,576,56368.825171
399.0,618,56423.331557
378.0,578,56477.055022
378.0,614,56523.79979
420.0,629,56578.798415
399.0,581,56632.40053
357.0,616,56679.226415
483.0,705,56743.756154
252.0,533,56789.514078
315.0,478,56832.700256
189.0,328,56856.501273
420.0,627,56911.382709
441.0,613,56965.916537
294.0,450,57000.83034
357.0,580,57046.746755
252.0,374,57079.477842
378.0,541,57124.551086
399.0,600,57178.735452
336.0,584,57224.720927
399.0,599,57278.944682
420.0,642,57334.289575
483.0,800,57401.276493
273.0,613,57455.760097
210.0,468,57490.963674
273.0,600,57545.29801
357.0,562,57590.585541
378.0,570,57644.096459
210.0,467,57679.176948
483.0,660,57734.952495
420.0,597,57789.041032
273.0,600,57835.459724
147.0,438,57878.899278
294.0,456,57913.67013
378.0,579,57967.22642
294.0,475,58002.720185
252.0,545,58055.776276
462.0,627,58102.911243
420.0,612,58157.851439
399.0,506,58201.917161
273.0,452,58236.862895
294.0,545,58289.714491
273.0,455,58324.827715
273.0,451,58359.712036
336.0,581,58413.558631
420.0,578,58459.575704
273.0,503,58503.806659
357.0,634,58559.125938
399.0,617,58613.911754
231.0,573,58659.740626
168.0,421,58693.710394
420.0,640,58749.289643
399.0,596,58803.47714
378.0,587,58849.756576
210.0,582,58903.508476
336.0,466,58938.707044
231.0,423,58980.797878
210.0,451,59016.783568
399.0,552,59061.962355
315.0,498,59105.751057
336.0,472,59149.078447
315.0,486,59184.858649
504.0,780,59251.536091
357.0,657,59307.16205
294.0,382,59340.158542
378.0,561,59393.128417
252.0,552,59438.234277
399.0,450,59472.901193
441.0,561,59525.993417
189.0,452,59560.675697
378.0,598,59614.690745
420.0,581,59660.973593
210.0,452,59696.041524
315.0,577,59750.515719
315.0,442,59785.485778
399.0,584,59839.283808
189.0,446,59873.844162
231.0,444,59916.040976
294.0,507,59952.18491
378.0,582,60005.706465
294.0,476,60048.812699
483.0,612,60095.328061
189.0,324,60127.909951
315.0,568,60173.541695
441.0,627,60228.618107
189.0,298,60251.917324
210.0,435,60286.95156
420.0,572,60341.240684
294.0,484,60376.927754
483.0,671,60440.646631
357.0,531,60485.064837
294.0,579,60530.834726
336.0,545,60575.627296
357.0,479,60618.809073
441.0,627,60673.701228
399.0,627,60728.519977
336.0,567,60774.334097
294.0,628,60829.530115
399.0,477,60865.053514
399.0,562,60918.363671
210.0,418,60952.305633
189.0,545,60997.28574
357.0,614,61051.754181
378.0,543,61096.610115
168.0,439,61130.908952
420.0,450,61173.334128
588.0,732,61231.902161
378.0,564,61284.879849
399.0,628,61331.956416
357.0,598,61386.251996
294.0,578,61431.910347
357.0,483,61475.289696
420.0,589,61529.013574
315.0,596,61575.403254
399.0,507,61619.348962
294.0,514,61663.517359
273.0,618,61718.004155
399.0,615,61764.707951
399.0,609,61818.949628
420.0,651,61874.392628
378.0,505,61918.150947
189.0,312,61941.556141
399.0,502,61985.328507
399.0,630,62040.204699
462.0,628,62094.929451
420.0,632,62149.975533
420.0,644,62205.230916
399.0,539,62250.024305
462.0,610,62296.930554
252.0,476,62341.249459
420.0,609,62395.669958
336.0,547,62440.517049
336.0,434,62474.844836
294.0,472,62517.974371
336.0,456,62552.821204
420.0,571,62606.199656
420.0,620,62652.908303
294.0,565,62706.043074
399.0,514,62750.299051
315.0,548,62795.214656
315.0,478,62838.407605
483.0,674,62894.464025
399.0,479,62929.968385
294.0,483,62973.498101
399.0,615,63028.084549
273.0,585,63074.048797
399.0,594,63128.046961
504.0,806,63195.431884
378.0,535,63240.122779
315.0,502,63283.939023
273.0,623,63338.753696
441.0,639,63394.120178
357.0,567,63440.842211
441.0,627,63495.504798
420.0,659,63551.263109
420.0,610,63605.830015
462.0,738,63663.587651
294.0,467,63706.721904
336.0,582,63752.937078
420.0,614,63807.778643
420.0,552,63852.976532
336.0,597,63907.209401
336.0,584,63953.284031
357.0,577,64007.097624
357.0,582,64053.194088
294.0,595,64107.35774
357.0,621,64154.418935
399.0,622,64209.334961
378.0,504,64253.415051
315.0,640,64308.677951
420.0,577,64354.495102
420.0,673,64418.366174
336.0,544,64463.464271
315.0,476,64498.753185
420.0,529,64543.407069
399.0,540,64597.118174
399.0,622,64644.151062
567.0,850,64720.412467
189.0,410,64754.163807
336.0,581,64800.060285
399.0,597,64854.217301
441.0,503,64898.114766
399.0,632,64953.058259
189.0,348,64977.334029
210.0,465,65020.10836
357.0,610,65074.339607
441.0,636,65129.215728
588.0,784,65195.853733
357.0,501,65231.888576
294.0,572,65285.25696
399.0,495,65328.921144
336.0,595,65375.031237
315.0,598,65429.057556
420.0,642,65484.261915
294.0,580,65530.215863
399.0,613,65584.694811
273.0,498,65628.434648
399.0,503,65665.680642
441.0,659,65721.157187
441.0,625,65776.009916
462.0,626,65830.857053
441.0,615,65885.543999
357.0,578,65931.320905
168.0,321,65962.769634
399.0,608,66009.394596
462.0,632,66064.411067
378.0,580,66118.131112
399.0,477,66153.579054
462.0,599,66207.801344
294.0,546,66252.691682
231.0,441,66287.234936
252.0,481,66330.559913
294.0,461,66373.262105
378.0,564,66418.890501
378.0,537,66463.698563
315.0,597,66517.878578
210.0,472,66553.270995
420.0,648,66608.671805
231.0,508,66652.728878
378.0,504,66696.818662
273.0,501,66740.745201
420.0,629,66797.245663
210.0,435,66832.16959
462.0,749,66899.428496
357.0,579,66946.102071
483.0,610,67001.589792
378.0,562,67047.349834
378.0,572,67093.132114
399.0,593,67147.224924
399.0,587,67193.235238
441.0,745,67259.128181
357.0,581,67312.951299
483.0,638,67368.204528
420.0,614,67415.248306
273.0,490,67458.944903
399.0,631,67514.199902
231.0,567,67559.90802
378.0,577,67613.529252
420.0,660,67669.35301
420.0,649,67725.050367
189.0,454,67759.982176
273.0,531,67804.696001
399.0,611,67859.238767
315.0,577,67906.211076
315.0,581,67959.943892
315.0,466,67995.091928
357.0,483,68038.684359
357.0,503,68082.476784
210.0,500,68126.337173
357.0,450,68160.935894
336.0,566,68206.461035
399.0,611,68261.044118
273.0,528,68305.63945
399.0,549,68350.690313
462.0,612,68405.100291
315.0,577,68450.973142
399.0,601,68505.217072
378.0,619,68559.798954
315.0,400,68593.12293
504.0,675,68649.079885
420.0,580,68702.572917
336.0,520,68739.032306
336.0,603,68793.326644
420.0,629,68848.120871
441.0,701,68904.995363
420.0,526,68949.456276
420.0,648,69005.986298
399.0,581,69059.613654
315.0,466,69094.739338
399.0,629,69149.497444
336.0,532,69194.203908
315.0,451,69236.845026
420.0,663,69292.678543
420.0,603,69339.084366
378.0,625,69393.872573
294.0,481,69437.043605
210.0,472,69472.30011
273.0,472,69515.695436
441.0,643,69571.212673
357.0,509,69615.291255
567.0,666,69671.394419
504.0,664,69727.46571
420.0,584,69781.912619
189.0,309,69805.492772
336.0,544,69851.070586
378.0,547,69896.948603
441.0,628,69952.467262
504.0,642,70007.904896
483.0,604,70062.492143
483.0,671,70120.10122
378.0,565,70166.509875
336.0,496,70211.59343
420.0,563,70257.749583
378.0,599,70312.149702
462.0,600,70358.89232
273.0,451,70402.040179
441.0,675,70458.830204
462.0,664,70514.836944
252.0,613,70569.991262
399.0,672,70626.456839
441.0,611,70681.085492
420.0,498,70725.098553
189.0,454,70760.193523
420.0,632,70815.931649
399.0,595,70862.432331
483.0,692,70926.889936
504.0,816,70994.22282
483.0,641,71049.269258
462.0,767,71115.43018
441.0,636,71170.28904
210.0,447,71204.923774
420.0,561,71251.383027
462.0,630,71306.271936
294.0,493,71349.878813
378.0,606,71404.240845
357.0,472,71439.518787
357.0,643,71494.635942
168.0,294,71517.579703
336.0,596,71571.693655
399.0,541,71616.400863
399.0,498,71660.11985
357.0,594,71706.36443
378.0,582,71760.127267
273.0,503,71803.952608
399.0,609,71850.664714
378.0,616,71905.220705
315.0,613,71959.711751
294.0,581,72005.664487
420.0,529,72050.282278
399.0,613,72104.782943
462.0,761,72170.890951
420.0,562,72216.392744
420.0,612,72270.818004
441.0,690,72327.498246
189.0,584,72382.317101
357.0,556,72427.633613
420.0,533,72472.242021
504.0,765,72538.391366
273.0,477,72581.760338
378.0,568,72627.263324
273.0,550,72672.312906
441.0,552,72717.485397
294.0,512,72761.599566
504.0,777,72828.109349
357.0,632,72883.228935
420.0,636,72938.289315
378.0,550,72983.386708
441.0,642,73038.712704
252.0,360,73071.220945
504.0,659,73126.897714
336.0,612,73181.481872
357.0,580,73227.519374
462.0,642,73282.840353
336.0,531,73327.432455
315.0,587,73381.280472
420.0,642,73436.646205
441.0,626,73484.702294
462.0,628,73539.779464
252.0,355,73572.266145
378.0,587,73618.465048
189.0,340,73650.368772
357.0,583,73696.641743
231.0,450,73739.298421
336.0,500,73783.206803
420.0,552,73828.587959
420.0,614,73883.407986
462.0,645,73938.970227
336.0,595,73985.314068
357.0,501,74029.219278
420.0,531,74074.026962
399.0,628,74129.268295
441.0,629,74184.392017
546.0,657,74240.135924
525.0,668,74296.343366
357.0,538,74341.407089
399.0,488,74385.003205
378.0,548,74430.280501
273.0,584,74476.387428
378.0,613,74530.993312
399.0,598,74586.416543
357.0,598,74632.772575
378.0,546,74677.829147
357.0,433,74720.118426
399.0,602,74766.515897
294.0,625,74821.467667
357.0,518,74865.780934
315.0,570,74911.341674
441.0,641,74966.554158
378.0,561,75019.69067
315.0,599,75065.864701
378.0,559,75119.014154
315.0,529,75163.408757
273.0,482,75199.081619
189.0,339,75230.955519
231.0,449,75265.54678
336.0,597,75319.566842
273.0,467,75354.749274
378.0,438,75396.982323
399.0,600,75443.351313
378.0,594,75497.499392
189.0,339,75521.676179
189.0,337,75553.437535
378.0,630,75608.388813
399.0,577,75654.179451
378.0,585,75709.10047
399.0,598,75755.280801
294.0,436,75797.526628
252.0,487,75833.168083
252.0,566,75886.432288
399.0,580,75932.488692
399.0,481,75976.134699
399.0,591,76023.57522
378.0,634,76080.814984
399.0,628,76137.762083
504.0,654,76195.580522
210.0,455,76231.601526
273.0,516,76277.029513
357.0,580,76332.424081
294.0,488,76377.460144
189.0,545,76423.975415
357.0,544,76470.601763
441.0,618,76527.142581
441.0,642,76584.290507
399.0,621,76633.032856
483.0,616,76689.637155
336.0,500,76734.823879
462.0,606,76791.098331
399.0,610,76840.309475
315.0,481,76885.097594
336.0,487,76930.000338
399.0,600,76978.064629
399.0,477,77022.944381
378.0,483,77067.630169
210.0,454,77103.798251
504.0,654,77161.035903
378.0,577,77207.787105
210.0,441,77250.273598
336.0,577,77296.259501
378.0,593,77350.429439
399.0,610,77398.447039
399.0,611,77455.008953
504.0,547,77501.159838
294.0,478,77544.715154
231.0,508,77588.5794
441.0,650,77643.988034
189.0,450,77678.844117
420.0,536,77724.063152
483.0,668,77790.022568
273.0,445,77825.842083
378.0,449,77861.319382
357.0,610,77916.459314
357.0,503,77961.548935
315.0,489,78004.856598
294.0,442,78039.30503
420.0,662,78095.18959
378.0,599,78149.691473
483.0,748,78207.905056
378.0,517,78252.467536
252.0,457,78295.280261
441.0,645,78350.932441
378.0,497,78395.058456
420.0,658,78451.62168
231.0,338,78476.035594
273.0,518,78521.056988
273.0,529,78566.988914
336.0,468,78611.335039
336.0,582,78658.758383
336.0,406,78693.514723
441.0,596,78749.370018
441.0,641,78806.134767
399.0,584,78853.349682
483.0,606,78908.26237
294.0,501,78952.130047
399.0,586,78998.136115
294.0,565,79051.659404
504.0,805,79120.83356
189.0,469,79156.670786
378.0,676,79221.30593
567.0,657,79276.951727
399.0,571,79322.476193
210.0,453,79357.434776
546.0,665,79421.073304
399.0,648,79476.416645
210.0,474,79511.926616
357.0,360,79544.391954
399.0,597,79590.658931
210.0,415,79632.415334
210.0,471,79667.844771
294.0,613,79722.409428
252.0,566,79767.96818
378.0,533,79812.425859
399.0,599,79866.597141
441.0,610,79921.023762
273.0,564,79966.460711
462.0,712,80023.841066
315.0,584,80077.630807
399.0,568,80123.107641
462.0,631,80178.126288
315.0,520,80223.450377
189.0,453,80265.973776
420.0,661,80321.693847
525.0,697,80378.379406
462.0,639,80433.610306
399.0,543,80478.624136
441.0,507,80522.598011
231.0,564,80568.216852
252.0,505,80612.219893
357.0,553,80657.615473
252.0,431,80699.622247
441.0,627,80746.871285
399.0,645,80802.150575
483.0,516,80846.403428
273.0,484,80889.826246
399.0,580,80935.537683
252.0,451,80978.179254
441.0,610,81032.649469
420.0,656,81088.573542
336.0,616,81135.508645
420.0,631,81190.659521
168.0,347,81223.081293
231.0,450,81258.470765
294.0,465,81302.126785
231.0,467,81339.014965
378.0,605,81394.223092
504.0,678,81451.196272
483.0,660,81507.252452
357.0,597,81561.617924
420.0,646,81617.403558
441.0,603,81665.03917
483.0,664,81730.159392
483.0,545,81775.465223
462.0,632,81830.606963
378.0,609,81877.182868
252.0,562,81930.564926
420.0,578,81976.382481
273.0,482,82019.804711
420.0,483,82055.415919
294.0,484,82098.872542
294.0,504,82142.935411
315.0,465,82178.145659
483.0,664,82242.2924
462.0,642,82289.903901
462.0,636,82345.347929
441.0,611,82399.91369
315.0,481,82444.380315
483.0,578,82490.176072
189.0,478,82533.402032
420.0,626,82588.263452
336.0,477,82623.680469
441.0,641,82679.073963
546.0,671,82734.999566
483.0,701,82799.596913
210.0,371,82824.576385
441.0,640,82879.794858
399.0,468,82922.788854
462.0,577,82968.620433
336.0,478,83011.848772
420.0,616,83066.473044
357.0,549,83111.535748
273.0,387,83144.663363
483.0,778,83211.24192
357.0,543,83256.349028
462.0,626,83311.193087
336.0,544,83356.118007
336.0,472,83399.274503
336.0,433,83433.54002
273.0,486,83476.985921
231.0,578,83522.869953
315.0,500,83567.735504
378.0,610,83622.090377
294.0,456,83657.100437
315.0,465,83700.040406
294.0,437,83734.488375
462.0,627,83789.388359
483.0,648,83844.871413
399.0,567,83890.235765
441.0,616,83945.019155
336.0,466,83980.180455
210.0,484,84023.565955
336.0,608,84077.957761
315.0,565,84123.498382
483.0,613,84178.025918
273.0,378,84210.894938
420.0,641,84266.028127
483.0,647,84313.778774
378.0,615,84368.243224
399.0,605,84422.4998
252.0,388,84455.73393
357.0,633,84510.854769
399.0,586,84556.917471
315.0,600,84611.162778
210.0,353,84635.608309
252.0,469,84679.914994
357.0,446,84714.537779
189.0,293,84745.208403
441.0,626,84792.392187
378.0,583,84846.200795
420.0,544,84891.189088
336.0,637,84946.349558
336.0,614,85001.129114
441.0,662,85057.038709
399.0,649,85112.778693
504.0,677,85169.358247
336.0,480,85212.853641
399.0,593,85259.215464
273.0,402,85292.999166
399.0,618,85347.889023
546.0,694,85404.714838
441.0,629,85459.86343
168.0,212,85480.721676
294.0,486,85516.57211
399.0,600,85570.974256
441.0,641,85626.34738
483.0,618,85681.218555
273.0,383,85714.285564
315.0,492,85750.089261
294.0,545,85796.323338
315.0,485,85839.917215
399.0,653,85895.370244
252.0,486,85938.952679
420.0,720,85996.302725
273.0,479,86039.705221
336.0,597,86094.049857
315.0,500,86130.176482
294.0,484,86174.546451
168.0,346,86207.060606
273.0,465,86242.692132
399.0,529,86287.524019
315.0,456,86330.349697
294.0,468,86365.651279
294.0,358,86398.031292
336.0,610,86452.547107
357.0,513,86496.729499
420.0,519,86541.470802
420.0,618,86589.410855
399.0,676,86655.623784
462.0,725,86714.603064
378.0,615,86768.992029
378.0,634,86823.977267
189.0,424,86857.715801
378.0,644,86913.708858
399.0,565,86959.003486
252.0,444,87001.241314
189.0,326,87024.90149
378.0,482,87068.457042
357.0,629,87123.499191
546.0,784,87190.663136
336.0,488,87226.388043
483.0,592,87280.487889
210.0,383,87313.529756
399.0,532,87358.098398
273.0,481,87401.888488
399.0,631,87449.500966
378.0,503,87493.648795
189.0,356,87526.218765
420.0,593,87580.60772
441.0,615,87628.613362
399.0,597,87684.890002
462.0,674,87742.7351
273.0,474,87785.928289
441.0,679,87842.894964
294.0,468,87879.390849
294.0,586,87935.284145
420.0,628,87992.256927
273.0,500,88037.578256
420.0,683,88094.133354
420.0,600,88140.674217
483.0,586,88194.937932
525.0,783,88262.073423
294.0,474,88305.511702
441.0,612,88352.442721
420.0,540,88397.535368
189.0,284,88428.119222
231.0,417,88462.329867
546.0,734,88520.263177
294.0,565,88573.714172
462.0,635,88628.745912
420.0,660,88684.365073
252.0,444,88718.973885
252.0,372,88751.60999
504.0,761,88817.757607
399.0,585,88863.862817
399.0,625,88918.71506
420.0,634,88973.624393
420.0,650,89029.118497
378.0,593,89075.166148
420.0,645,89131.555387
378.0,577,89184.858695
462.0,664,89240.572087
357.0,443,89275.101012
420.0,620,89329.657787
441.0,596,89383.621911
336.0,487,89419.15984
336.0,478,89462.340145
399.0,615,89516.734878
462.0,587,89562.621006
441.0,581,89616.064028
462.0,625,89662.979065
252.0,588,89716.795957
252.0,465,89751.947057
378.0,515,89796.050013
252.0,402,89829.44953
399.0,531,89873.993007
399.0,649,89929.39382
483.0,651,89984.811994
399.0,569,90038.122847
420.0,720,90095.316189
504.0,772,90161.729143
189.0,434,90203.771018
189.0,381,90237.921191
441.0,615,90284.402538
336.0,618,90339.130586
294.0,447,90373.780383
336.0,577,90427.379944
294.0,533,90472.061005
189.0,374,90504.833729
336.0,481,90540.306745
378.0,483,90583.712273
420.0,484,90627.076062
210.0,418,90661.126398
420.0,610,90715.469087
483.0,539,90760.453516
189.0,325,90784.068211
378.0,652,90839.678108
252.0,584,90893.4343
336.0,486,90928.907313
399.0,616,90983.731912
378.0,557,91028.908264
420.0,675,91092.746391
273.0,547,91137.76389
273.0,582,91183.651035
462.0,628,91238.511708
504.0,578,91284.286978
210.0,260,91306.320302
378.0,611,91361.774348
399.0,591,91415.794106
252.0,488,91451.441645
441.0,693,91515.687529
273.0,539,91560.433059
336.0,618,91615.0711
525.0,730,91672.626585
252.0,577,91726.262047
231.0,486,91761.909357
231.0,469,91804.978748
336.0,520,91849.571424
399.0,547,91894.642081
420.0,596,91948.952024
378.0,472,91984.317158
168.0,340,92016.388917
378.0,672,92072.470394
399.0,505,92116.414176
252.0,416,92150.404459
357.0,498,92194.244378
567.0,827,92262.162554
441.0,668,92318.215766
357.0,542,92363.21973
462.0,707,92428.008922
231.0,389,92462.477895
315.0,540,92507.202832
378.0,604,92561.556854
336.0,620,92608.618322
252.0,550,92661.727348
231.0,381,92686.937222
357.0,562,92740.112219
315.0,505,92784.097915
294.0,625,92831.169251
336.0,486,92874.670065
399.0,532,92919.326992
336.0,486,92962.886751
315.0,537,93007.604284
336.0,497,93051.215671
273.0,575,93096.822016
294.0,622,93151.420733
420.0,656,93206.818044
294.0,538,93251.567784
231.0,456,93294.208203
294.0,541,93338.899205
189.0,402,93372.408015
399.0,488,93415.756064
378.0,579,93461.490806
483.0,500,93505.218465
336.0,583,93551.065748
252.0,385,93585.176395
273.0,502,93628.857908
315.0,470,93671.835753
210.0,414,93705.540011
357.0,545,93750.515911
231.0,511,93794.535927
357.0,455,93829.335849
420.0,659,93884.878409
378.0,609,93939.133328
189.0,446,93973.791723
378.0,612,94028.199442
231.0,371,94060.81608
441.0,503,94104.611666
147.0,255,94126.462703
315.0,578,94172.169307
462.0,782,94238.741259
273.0,475,94281.817869
294.0,502,94325.665316
336.0,644,94380.922632
441.0,642,94428.270218
189.0,510,94472.169283
378.0,502,94516.07434
315.0,468,94559.058459
231.0,379,94592.118374
189.0,292,94615.069494
399.0,507,94658.993888
252.0,546,94705.156266
252.0,496,94748.756899
399.0,580,94794.56219
231.0,511,94838.688642
336.0,483,94882.27117
252.0,486,94918.007339
399.0,609,94972.253694
420.0,595,95026.344249
336.0,625,95073.393922
399.0,539,95125.896905
399.0,598,95172.128424
315.0,477,95215.325862
462.0,646,95270.834343
231.0,469,95305.933955
273.0,472,95349.068942
420.0,676,95405.274736
609.0,700,95469.925209
504.0,736,95527.566007
294.0,475,95570.90211
378.0,540,95615.655845
210.0,353,95647.995247
231.0,499,95683.976298
273.0,600,95738.5234
336.0,616,95794.492788
420.0,634,95849.699663
441.0,671,95905.965391
315.0,608,95952.7048
399.0,578,96006.492935
210.0,325,96030.46085
399.0,649,96086.025396
462.0,673,96149.897491
420.0,529,96194.638794
399.0,576,96240.298346
504.0,532,96285.057058
399.0,629,96340.012314
462.0,657,96395.848632
588.0,718,96453.122651
420.0,656,96508.784336
462.0,612,96563.232372
210.0,435,96605.443753
399.0,605,96651.923787
462.0,660,96707.715922
441.0,644,96763.201579
336.0,562,96808.686099
357.0,470,96851.586879
399.0,606,96907.179366
420.0,648,96962.212574
525.0,677,97018.347303
378.0,601,97064.530933
336.0,526,97116.773518
168.0,380,97141.714325
336.0,634,97196.651032
399.0,511,97240.708073
294.0,607,97294.914278
357.0,607,97341.328285
252.0,479,97384.519435
189.0,480,97427.716058
378.0,614,97482.305676
231.0,469,97517.495306
399.0,596,97571.455301
231.0,608,97617.903847
273.0,585,97671.708472
273.0,566,97717.098477
231.0,574,97770.510702
357.0,625,97817.462681
231.0,509,97861.311479
462.0,664,97917.017209
336.0,568,97970.313959
378.0,599,98017.779446
294.0,580,98071.268883
231.0,378,98104.07446
378.0,502,98139.996834
420.0,533,98192.538115
336.0,580,98238.528726
420.0,475,98281.590897
189.0,517,98325.73847
168.0,309,98348.932389
357.0,498,98392.679605
378.0,614,98439.272604
378.0,604,98493.553843
378.0,570,98539.022101
294.0,500,98582.834562
399.0,548,98627.799093
399.0,600,98681.849825
315.0,597,98736.047322
399.0,620,98782.878427
441.0,641,98838.169981
399.0,545,98883.055594
378.0,576,98936.588764
420.0,609,98990.89503
294.0,514,99027.476115
399.0,555,99080.301214
441.0,596,99127.731207
357.0,613,99182.014929
399.0,571,99227.614817
273.0,561,99280.88805
252.0,486,99316.560278
357.0,595,99370.67403
651.0,858,99446.973724
273.0,515,99483.372826
378.0,525,99527.940195
504.0,627,99583.185243
231.0,356,99615.610065
420.0,621,99670.407913
399.0,599,99716.956569
378.0,581,99770.769794
420.0,646,99826.166672
357.0,504,99870.231171
378.0,644,99925.575889
399.0,508,99961.802456
273.0,415,100003.75195
378.0,620,100050.764245
336.0,533,100095.498849
210.0,467,100138.426661
462.0,639,100193.724347
294.0,508,100238.916779
294.0,389,100271.971892
231.0,346,100296.204907
378.0,507,100340.140087
336.0,550,100385.236873
399.0,505,100429.077201
336.0,580,100482.902902
357.0,482,100518.342333
315.0,607,100572.677611
441.0,643,100628.261906
399.0,505,100672.068886
399.0,597,100718.346019
378.0,579,100771.828858
483.0,715,100828.992721
567.0,719,100893.557639
378.0,598,100947.621822
315.0,419,100981.395175
231.0,422,101015.253161
231.0,401,101048.811112
252.0,512,101092.684555
483.0,563,101137.978575
231.0,501,101181.809296
441.0,594,101235.702009
609.0,847,101303.786315
357.0,481,101348.058108
525.0,794,101414.748601
441.0,600,101460.982587
378.0,598,101515.120306
420.0,620,101569.621431
336.0,511,101613.858165
441.0,604,101660.295009
441.0,671,101723.946416
336.0,454,101758.562628
210.0,469,101801.532936
399.0,601,101848.093371
189.0,370,101880.684868
441.0,672,101936.501532
399.0,587,101990.381589
420.0,609,102036.857376
210.0,354,102069.200212
315.0,486,102112.547045
231.0,506,102156.677204
420.0,529,102201.141666
336.0,609,102247.646138
378.0,528,102292.054347
357.0,470,102335.24567
378.0,499,102378.949343
441.0,534,102423.629802
399.0,604,102471.280101
210.0,359,102503.650529
315.0,604,102557.828802
441.0,631,102612.856898
420.0,679,102668.995472
420.0,641,102724.066394
483.0,605,102770.558126
399.0,604,102824.761849
252.0,359,102857.192499
336.0,583,102903.099911
567.0,641,102958.225021
378.0,627,103013.02334
483.0,656,103068.64765
315.0,592,103122.557716
273.0,444,103157.086274
315.0,537,103201.803103
504.0,612,103256.293908
294.0,518,103300.578804
210.0,583,103346.701034
294.0,411,103380.43467
399.0,644,103435.787453
231.0,454,103478.532882
294.0,504,103522.624876
420.0,497,103558.632258
399.0,595,103613.986145
462.0,599,103668.248736
357.0,619,103715.587498
336.0,475,103759.4045
315.0,475,103803.176454
315.0,613,103849.965162
420.0,639,103905.305542
378.0,615,103959.971581
273.0,488,104003.574014
399.0,598,104050.025815
441.0,699,104114.64977
357.0,503,104150.683504
294.0,544,104203.411355
420.0,678,104259.719485
378.0,581,104305.669175
336.0,610,104360.304283
399.0,643,104415.51189
357.0,582,104461.326761
378.0,468,104504.386262
357.0,539,104549.291241
378.0,621,104604.246038
336.0,453,104639.213326
420.0,658,104696.024249
231.0,369,104728.821538
315.0,500,104773.092621
189.0,437,104807.916398
357.0,474,104851.539733
273.0,450,104886.716477
189.0,470,104930.043198
357.0,497,104974.277262
399.0,512,105018.648402
420.0,657,105074.41363
336.0,450,105109.273048
399.0,556,105154.590094
378.0,474,105197.899738
420.0,610,105252.331259
294.0,637,105299.684716
357.0,499,105343.422423
483.0,686,105407.681045
609.0,831,105475.869753
273.0,480,105518.964813
399.0,673,105575.315428
210.0,369,105607.944643
441.0,641,105655.274911
210.0,381,105688.2823
504.0,605,105742.85375
315.0,496,105786.592527
336.0,497,105831.354795
252.0,370,105856.247551
420.0,685,105920.455446
315.0,562,105966.164297
231.0,354,105998.385258
462.0,701,106055.310195
441.0,621,106110.200905
189.0,317,106133.844813
189.0,522,106178.278205
462.0,628,106233.3031
399.0,574,106279.109836
441.0,662,106342.851268
483.0,594,106389.100149
378.0,660,106445.373055
399.0,582,106499.361158
420.0,594,106545.426798
462.0,673,106601.686445
399.0,619,106656.503491
420.0,616,106711.328668
399.0,517,106755.87024
315.0,503,106799.830482
336.0,517,106844.311178
294.0,479,106879.914665
378.0,515,106925.368476
252.0,421,106959.389608
336.0,470,107002.355652
231.0,471,107045.514284
378.0,489,107081.211792
189.0,442,107123.781974
189.0,277,107146.355946
189.0,382,107179.321231
315.0,602,107225.917245
336.0,524,107270.471556
168.0,225,107291.729215
441.0,598,107338.224147
336.0,516,107382.639311
315.0,538,107435.344986
399.0,514,107471.793583
210.0,488,107515.329029
189.0,246,107537.247341
273.0,476,107580.603609
588.0,708,107637.72035
399.0,509,107681.92397
441.0,661,107737.8328
420.0,617,107792.498044
252.0,464,107827.774617
231.0,574,107881.204684
399.0,570,107926.866727
336.0,573,107980.365064
378.0,572,108027.339416
294.0,417,108061.058867
525.0,675,108117.271256
441.0,617,108171.947006
546.0,816,108239.809702
441.0,593,108293.909653
420.0,652,108349.458029
315.0,569,108395.020821
189.0,338,108426.819969
378.0,629,108481.882928
441.0,615,108528.945062
189.0,566,108582.108864
336.0,623,108628.818427
378.0,504,108672.561435
462.0,657,108728.017604
