#{"t_start": 1680424590.696683, "env_id": "CarnivalNoFrameskip-v4"}
r,l,t
900.0,369,36.321959
480.0,400,70.475346
300.0,380,104.624326
420.0,378,138.69382
780.0,385,172.894491
580.0,447,216.881974
620.0,337,242.083949
1000.0,748,309.986413
960.0,423,353.327331
460.0,336,378.57327
1020.0,327,411.055449
1680.0,313,435.391081
1040.0,366,469.395627
540.0,467,513.883061
480.0,318,538.327427
1360.0,294,562.337706
460.0,412,604.869778
480.0,315,629.489323
620.0,355,662.928802
820.0,436,698.576808
420.0,369,732.233188
540.0,302,756.498132
420.0,324,788.732552
1720.0,440,824.710257
340.0,332,857.319669
440.0,318,881.64982
680.0,455,925.168531
200.0,481,969.928358
1040.0,370,1003.486855
440.0,306,1027.438545
1740.0,466,1071.591163
120.0,373,1097.511332
860.0,770,1167.16196
840.0,443,1210.620772
500.0,472,1255.134315
540.0,350,1280.479622
340.0,382,1314.552209
620.0,531,1360.456512
480.0,346,1393.808448
680.0,409,1428.812931
980.0,611,1485.137477
380.0,337,1517.964632
540.0,514,1563.813071
1000.0,508,1609.407568
440.0,346,1634.926003
480.0,453,1678.834303
480.0,339,1703.9931
420.0,381,1738.051724
360.0,337,1771.057927
920.0,426,1806.444518
1120.0,460,1850.59153
360.0,721,1909.978112
260.0,626,1966.494304
560.0,308,1998.544728
380.0,381,2032.509233
540.0,534,2078.635324
280.0,317,2102.889922
620.0,458,2146.729507
340.0,306,2171.061554
920.0,459,2215.003219
760.0,388,2249.188953
1400.0,781,2319.045616
540.0,389,2353.400379
900.0,480,2398.02427
680.0,339,2423.207839
400.0,288,2454.501988
140.0,447,2490.615426
1040.0,453,2534.682367
1340.0,616,2583.280734
740.0,363,2617.058959
380.0,377,2651.027437
360.0,288,2674.830509
1040.0,456,2718.712621
360.0,434,2754.389522
400.0,402,2789.255296
480.0,384,2823.221131
660.0,400,2858.060233
560.0,484,2903.165082
340.0,356,2936.425373
500.0,457,2980.789945
480.0,303,3005.08918
620.0,400,3040.122378
840.0,457,3084.421928
480.0,437,3120.589154
640.0,376,3154.706029
800.0,480,3199.712102
480.0,426,3235.620176
580.0,283,3259.292283
420.0,458,3303.724406
1180.0,446,3339.822683
480.0,368,3373.894362
1200.0,505,3419.518631
180.0,377,3455.330647
540.0,482,3500.41149
160.0,309,3524.770908
1040.0,476,3569.524382
400.0,316,3594.447321
500.0,458,3638.869392
580.0,505,3684.562061
460.0,369,3718.744667
440.0,359,3744.687631
640.0,364,3778.490819
880.0,445,3822.565757
340.0,491,3860.13004
760.0,477,3904.806615
420.0,348,3937.924679
500.0,468,3982.567225
960.0,386,4016.999271
460.0,335,4042.287803
620.0,455,4086.417584
740.0,491,4123.81828
1040.0,382,4158.15008
720.0,450,4202.139678
1100.0,579,4249.820894
780.0,426,4293.158598
1680.0,468,4330.148322
1120.0,417,4373.278252
1100.0,330,4398.519295
760.0,627,4455.740155
1780.0,471,4500.568405
660.0,410,4535.686941
980.0,442,4571.977989
640.0,471,4618.671832
620.0,390,4653.204187
660.0,490,4698.420523
800.0,455,4734.572582
640.0,483,4779.526857
480.0,392,4814.095999
1760.0,516,4859.75033
580.0,492,4905.126343
200.0,329,4938.039606
520.0,458,4974.448668
500.0,349,5007.974598
700.0,464,5052.192645
340.0,392,5086.78625
1020.0,444,5122.826944
600.0,484,5167.531975
840.0,315,5192.440419
800.0,507,5238.133344
420.0,399,5272.890072
1180.0,451,5316.948626
560.0,343,5341.983109
360.0,313,5374.383937
480.0,421,5409.670574
540.0,371,5443.382743
820.0,425,5478.679903
480.0,426,5521.785367
2240.0,449,5557.887234
700.0,388,5592.000402
540.0,476,5636.610203
600.0,467,5673.091739
500.0,363,5706.684076
540.0,420,5751.336976
580.0,429,5786.793108
540.0,300,5810.740925
340.0,294,5842.288632
480.0,350,5868.06801
480.0,343,5900.937019
540.0,442,5937.112525
440.0,339,5969.962366
540.0,452,6006.366444
480.0,456,6050.489981
520.0,380,6084.751818
460.0,434,6120.490514
480.0,408,6163.447112
420.0,389,6197.922313
400.0,294,6221.754625
460.0,497,6267.295812
400.0,378,6301.634201
440.0,363,6327.82804
640.0,337,6360.911763
400.0,386,6395.186884
520.0,407,6430.312347
500.0,492,6475.689152
580.0,410,6510.791267
580.0,291,6542.671134
580.0,482,6579.857774
320.0,409,6615.093342
800.0,410,6657.85148
580.0,424,6693.181448
520.0,377,6727.539911
480.0,382,6761.70518
580.0,282,6785.421718
720.0,495,6830.562206
1060.0,894,6912.651999
400.0,436,6948.116771
540.0,392,6982.776968
500.0,378,7016.972525
840.0,454,7060.91338
500.0,439,7097.025826
580.0,417,7132.348859
820.0,454,7176.271325
0.0,439,7212.44845
460.0,357,7245.80091
520.0,431,7281.394141
620.0,411,7323.996533
700.0,459,7360.474834
660.0,480,7405.375559
500.0,329,7437.981544
60.0,286,7461.769451
420.0,520,7507.629769
400.0,300,7531.989247
480.0,429,7567.362011
560.0,379,7601.356929
700.0,416,7644.38386
800.0,360,7670.101276
540.0,435,7713.670954
540.0,477,7758.560422
980.0,463,7795.181424
1700.0,588,7851.064238
720.0,456,7887.564191
580.0,495,7932.561764
700.0,472,7977.036031
980.0,485,8022.2264
500.0,421,8064.495674
160.0,357,8097.86925
460.0,342,8123.334666
560.0,467,8167.649357
680.0,459,8204.223429
400.0,303,8235.947623
500.0,350,8269.402641
220.0,419,8304.614415
800.0,391,8339.049625
700.0,341,8364.320883
1060.0,416,8407.081234
420.0,426,8442.772582
760.0,405,8477.641176
1820.0,492,8522.915224
380.0,302,8547.050706
580.0,520,8593.126378
640.0,513,8639.033355
680.0,355,8672.651763
0.0,452,8716.400043
420.0,439,8752.337039
80.0,421,8787.556277
420.0,348,8820.843251
900.0,487,8865.830353
500.0,344,8898.90609
140.0,397,8933.689983
520.0,426,8969.15213
1000.0,470,9013.979104
500.0,436,9050.071319
520.0,416,9085.236999
440.0,351,9118.51271
500.0,334,9151.398688
960.0,464,9188.338283
700.0,459,9234.399708
620.0,338,9259.604017
500.0,299,9291.44571
440.0,323,9316.279957
720.0,518,9362.369935
480.0,296,9386.235195
500.0,307,9418.409279
440.0,350,9451.615132
840.0,643,9509.072583
500.0,289,9532.995343
680.0,596,9581.201626
480.0,409,9624.087756
840.0,593,9671.825011
360.0,399,9706.345301
420.0,397,9741.301966
760.0,428,9784.633834
400.0,345,9809.825413
440.0,461,9854.217992
460.0,423,9889.516148
840.0,458,9933.84361
620.0,455,9970.358258
880.0,434,10013.493012
800.0,317,10038.196079
500.0,398,10072.663598
420.0,438,10116.250215
880.0,504,10161.714679
1400.0,386,10195.765568
880.0,480,10232.850773
440.0,286,10264.269581
720.0,303,10288.52021
500.0,301,10312.546024
460.0,295,10345.828799
860.0,422,10380.920237
760.0,384,10415.447727
960.0,470,10459.766798
460.0,351,10485.267194
420.0,283,10508.819787
740.0,279,10540.267907
520.0,450,10576.499053
1480.0,402,10611.072468
500.0,324,10643.852157
900.0,451,10680.110028
880.0,343,10713.264151
740.0,420,10748.490685
740.0,427,10791.84162
600.0,353,10817.335535
500.0,282,10841.00536
720.0,415,10883.800558
540.0,408,10918.661271
540.0,338,10943.966185
1040.0,530,10997.970463
580.0,424,11033.098534
480.0,364,11066.746874
560.0,464,11103.306114
740.0,459,11147.548288
700.0,504,11193.170558
480.0,345,11226.364844
520.0,417,11261.833725
460.0,286,11285.635185
520.0,431,11321.548484
540.0,433,11364.879755
520.0,423,11400.521898
480.0,434,11436.378711
500.0,344,11469.492391
500.0,349,11503.92635
740.0,292,11527.908304
840.0,394,11562.722198
680.0,439,11598.519472
940.0,459,11642.830743
120.0,430,11678.596998
820.0,500,11724.278393
460.0,375,11758.706435
1100.0,525,11804.635292
540.0,410,11839.718147
680.0,362,11873.337987
600.0,321,11905.738072
280.0,403,11940.771822
620.0,487,11985.511878
460.0,405,12020.355539
560.0,427,12056.005071
540.0,369,12089.72779
520.0,347,12122.888208
960.0,557,12169.907107
380.0,382,12204.19154
680.0,343,12237.107761
220.0,508,12282.486316
480.0,369,12316.479327
320.0,295,12340.360523
540.0,333,12365.659339
160.0,361,12399.259881
560.0,362,12433.158861
540.0,353,12466.44613
800.0,501,12512.154207
560.0,428,12547.772243
780.0,413,12583.067108
580.0,456,12627.532161
480.0,287,12652.704352
580.0,287,12676.619512
240.0,400,12711.425303
540.0,380,12745.832594
700.0,341,12778.905924
460.0,291,12803.063701
540.0,292,12826.904206
440.0,326,12859.809917
540.0,385,12893.934581
480.0,428,12929.641578
520.0,299,12961.555453
480.0,422,12997.132363
440.0,305,13021.180069
480.0,494,13066.724763
420.0,298,13090.705813
580.0,413,13133.630193
740.0,290,13157.346712
500.0,352,13190.609347
540.0,285,13214.284757
520.0,356,13247.727465
400.0,360,13273.521858
540.0,357,13306.693679
480.0,342,13339.529759
520.0,362,13373.135522
520.0,345,13398.508149
480.0,411,13433.089188
560.0,423,13476.363357
740.0,498,13521.525561
660.0,456,13557.74444
640.0,443,13601.603858
500.0,326,13626.299876
400.0,374,13660.544304
820.0,323,13693.244214
460.0,288,13717.250302
620.0,466,13753.625196
1040.0,428,13798.55407
760.0,388,13832.882579
440.0,445,13868.885498
540.0,353,13902.378734
380.0,352,13935.601061
600.0,293,13959.809802
1260.0,751,14028.075664
700.0,977,14110.590222
540.0,293,14142.303
500.0,452,14178.964845
480.0,306,14210.919368
620.0,531,14257.499669
520.0,300,14281.955062
700.0,510,14327.781207
0.0,422,14363.21565
1520.0,886,14443.3125
440.0,297,14475.334782
740.0,282,14498.929666
740.0,510,14544.788536
540.0,364,14578.710543
40.0,411,14613.819353
540.0,331,14638.985154
960.0,441,14682.605863
1020.0,350,14708.373528
640.0,512,14754.332764
460.0,384,14788.618122
500.0,535,14842.874837
540.0,294,14866.696689
500.0,454,14903.46467
580.0,303,14936.618081
1060.0,449,14972.552536
760.0,499,15017.859578
540.0,366,15051.71055
720.0,552,15098.799467
420.0,367,15132.377115
540.0,374,15166.19215
520.0,445,15202.712417
540.0,287,15234.142148
540.0,348,15259.511288
1700.0,872,15338.822523
540.0,298,15370.793824
640.0,363,15396.916541
600.0,417,15439.856675
540.0,294,15463.897799
540.0,290,15487.739964
500.0,288,15511.609041
420.0,295,15543.170407
620.0,495,15580.852605
460.0,296,15612.622046
160.0,527,15658.767902
580.0,470,15703.70275
620.0,497,15741.275911
580.0,281,15772.443703
580.0,499,15810.204663
520.0,285,15841.479321
780.0,411,15876.622974
740.0,332,15901.547692
720.0,283,15933.104421
880.0,303,15957.144445
520.0,492,16002.660698
480.0,487,16047.738893
940.0,460,16085.364908
1000.0,589,16140.945623
820.0,347,16166.333621
460.0,385,16200.425633
360.0,376,16234.670942
540.0,362,16268.069708
780.0,469,16312.526575
420.0,298,16336.422795
440.0,292,16360.166198
480.0,290,16391.687022
140.0,463,16428.252334
500.0,292,16459.73323
760.0,474,16496.463632
820.0,314,16528.758538
720.0,490,16566.142209
580.0,543,16620.627951
740.0,498,16665.84907
560.0,452,16701.957024
600.0,538,16748.501484
660.0,370,16782.32974
760.0,332,16815.06318
500.0,358,16848.57291
460.0,380,16875.024489
960.0,504,16920.54526
900.0,317,16952.677899
880.0,452,16989.067729
900.0,456,17033.153866
660.0,549,17079.663571
960.0,497,17124.847322
480.0,339,17157.713401
620.0,605,17206.365988
480.0,383,17241.770123
920.0,479,17286.538116
720.0,492,17331.75926
840.0,342,17364.86974
520.0,389,17399.213759
360.0,548,17445.924875
580.0,506,17491.51179
780.0,534,17538.061949
820.0,324,17562.719163
2660.0,1230,17675.692812
540.0,291,17699.576461
920.0,779,17768.878328
960.0,515,17814.860339
740.0,358,17848.480448
760.0,460,17892.843078
480.0,421,17928.272926
1580.0,985,18018.702851
540.0,434,18054.208002
1040.0,777,18123.203918
580.0,466,18167.285757
480.0,375,18201.117997
640.0,409,18236.098959
540.0,290,18259.800099
420.0,308,18291.834378
460.0,294,18315.854582
500.0,337,18341.084097
600.0,404,18385.419722
400.0,466,18421.842473
440.0,504,18467.210037
480.0,298,18491.220974
0.0,415,18534.164445
440.0,475,18571.023832
520.0,311,18602.910869
600.0,516,18648.740603
60.0,452,18684.701568
420.0,298,18716.506205
720.0,763,18784.604956
160.0,631,18833.921021
580.0,351,18867.382241
600.0,461,18911.554248
1140.0,767,18980.238997
860.0,554,19027.205224
580.0,575,19082.51705
760.0,461,19119.20084
880.0,497,19164.574281
800.0,378,19198.838925
480.0,388,19233.454357
720.0,322,19258.334951
540.0,329,19291.089223
540.0,321,19316.03884
740.0,379,19350.340947
260.0,443,19394.170883
1720.0,470,19438.712389
420.0,416,19473.946577
2180.0,1224,19580.16451
1220.0,778,19648.915471
500.0,445,19692.697196
540.0,335,19717.831424
80.0,462,19762.005073
140.0,459,19806.327582
480.0,385,19840.677399
620.0,411,19875.740661
540.0,290,19899.550075
560.0,514,19945.459234
640.0,297,19969.687408
860.0,566,20024.495571
480.0,385,20058.749413
700.0,436,20094.430126
560.0,388,20128.579399
20.0,562,20183.84251
680.0,400,20218.368245
760.0,352,20244.252711
820.0,823,20321.867979
580.0,372,20356.010976
560.0,483,20393.081048
840.0,456,20437.071955
600.0,491,20482.289563
600.0,455,20518.701697
740.0,299,20550.847104
740.0,356,20576.775455
400.0,307,20609.039908
780.0,436,20644.807209
660.0,447,20690.184127
940.0,528,20736.543454
500.0,343,20762.098672
440.0,402,20804.757041
800.0,657,20862.727146
1480.0,343,20887.815821
860.0,383,20922.138325
560.0,435,20965.633986
580.0,291,20989.55415
740.0,385,21023.894724
540.0,364,21057.72595
560.0,495,21103.23938
700.0,313,21127.628537
560.0,485,21172.96453
680.0,288,21196.845118
540.0,347,21230.150586
680.0,413,21265.26666
440.0,349,21298.45243
460.0,298,21322.501277
840.0,626,21379.511741
500.0,346,21412.830777
480.0,320,21437.330718
380.0,319,21469.832809
480.0,321,21494.453668
540.0,334,21527.293593
540.0,297,21551.336178
740.0,421,21587.037295
500.0,371,21620.764883
740.0,329,21653.414154
960.0,446,21689.12884
500.0,289,21713.009012
580.0,325,21745.634317
740.0,353,21779.210194
420.0,293,21802.918001
1500.0,510,21849.922692
740.0,339,21874.947912
1180.0,601,21931.040926
560.0,323,21963.62653
600.0,481,22000.582129
480.0,397,22042.843001
660.0,291,22066.999821
740.0,335,22092.134706
1360.0,543,22146.796279
540.0,347,22172.196956
420.0,289,22203.897062
540.0,282,22227.603246
720.0,446,22263.850022
540.0,347,22297.077721
540.0,399,22331.991441
460.0,474,22376.768229
540.0,322,22401.511241
540.0,378,22435.655247
460.0,352,22469.024883
1640.0,432,22504.633553
480.0,361,22538.18198
380.0,291,22562.120632
920.0,590,22617.845222
580.0,492,22662.738282
720.0,307,22686.962636
560.0,405,22721.635438
160.0,490,22766.633515
540.0,303,22790.683673
700.0,306,22822.662545
440.0,294,22846.424721
500.0,296,22870.295911
860.0,452,22914.261073
560.0,453,22950.581868
740.0,357,22985.426511
500.0,298,23009.349804
400.0,678,23075.303651
540.0,295,23099.495611
680.0,339,23132.673073
480.0,289,23156.578879
480.0,346,23190.177941
580.0,482,23227.470993
940.0,377,23261.857575
540.0,341,23295.04013
500.0,299,23319.158406
1440.0,713,23386.409218
580.0,498,23431.939047
360.0,458,23468.512658
1180.0,554,23523.031121
160.0,401,23557.836944
520.0,380,23592.023943
980.0,445,23628.099559
420.0,298,23652.22696
480.0,294,23683.697378
680.0,356,23709.16866
620.0,485,23753.988754
540.0,332,23786.80814
160.0,444,23822.715687
660.0,346,23855.929261
580.0,460,23899.842929
1040.0,696,23958.652955
800.0,352,23992.070573
1440.0,1066,24084.720537
720.0,304,24110.969974
680.0,490,24156.162959
1080.0,393,24190.846084
760.0,338,24223.568043
620.0,587,24271.766768
440.0,357,24305.491876
960.0,614,24362.105173
860.0,715,24429.20204
520.0,295,24453.104477
80.0,499,24498.71626
740.0,449,24534.833519
940.0,333,24567.492568
460.0,387,24601.718507
1040.0,353,24635.076759
900.0,611,24683.594386
540.0,291,24714.988247
760.0,389,24749.228717
540.0,350,24774.921535
480.0,292,24806.663994
640.0,295,24830.506119
580.0,501,24875.779759
540.0,289,24899.624757
500.0,287,24923.324248
680.0,447,24967.158725
780.0,500,25012.386473
640.0,484,25049.75408
480.0,289,25081.556108
540.0,388,25116.272538
640.0,473,25153.166775
780.0,418,25196.23813
460.0,376,25222.680816
2260.0,532,25278.416146
540.0,298,25302.618051
780.0,353,25336.306523
380.0,312,25360.620314
440.0,378,25395.2244
640.0,496,25440.766839
760.0,458,25477.2921
1460.0,413,25520.543581
500.0,303,25544.973729
680.0,285,25568.979004
980.0,340,25601.993607
420.0,305,25626.381882
540.0,391,25660.916587
880.0,444,25704.953597
2320.0,639,25762.151655
500.0,297,25786.216012
660.0,509,25831.981794
660.0,379,25865.946494
100.0,656,25923.55905
420.0,288,25947.428539
540.0,373,25981.214378
540.0,350,26014.784033
800.0,541,26061.1335
700.0,309,26085.425729
740.0,290,26116.907557
480.0,293,26140.922382
540.0,287,26164.504214
640.0,502,26209.788502
160.0,483,26254.669207
480.0,352,26288.117429
540.0,451,26324.43508
540.0,338,26357.125515
540.0,283,26380.924215
1100.0,599,26438.400871
480.0,289,26462.051076
680.0,333,26487.312085
480.0,360,26520.978858
940.0,413,26556.073553
780.0,318,26588.415413
540.0,308,26612.886744
480.0,388,26647.443201
540.0,352,26680.901904
860.0,510,26726.725626
540.0,364,26760.524848
540.0,290,26784.476315
1680.0,412,26819.442623
100.0,495,26864.703422
620.0,481,26909.772157
680.0,291,26933.685704
780.0,347,26966.688687
960.0,347,27000.000589
1260.0,540,27046.489014
540.0,371,27080.334982
940.0,420,27115.626475
1220.0,600,27171.488714
1260.0,448,27207.542821
720.0,297,27231.638214
660.0,299,27263.369174
1060.0,634,27320.306726
480.0,291,27344.196166
520.0,359,27378.064468
1060.0,636,27434.865948
300.0,428,27470.671529
760.0,459,27515.254699
920.0,586,27564.498997
540.0,291,27588.385709
480.0,287,27619.946461
700.0,348,27645.441128
540.0,335,27678.511
540.0,359,27711.842146
480.0,287,27735.788399
540.0,282,27759.25308
700.0,347,27792.625198
1140.0,758,27860.898014
860.0,551,27907.887265
540.0,311,27932.38472
680.0,288,27963.919138
700.0,440,28000.098683
540.0,298,28024.248453
1020.0,290,28055.889419
640.0,446,28091.893562
680.0,438,28128.165037
1060.0,461,28172.24771
540.0,349,28205.54503
720.0,486,28250.651069
780.0,359,28276.55297
1120.0,673,28342.6895
540.0,349,28368.175535
520.0,344,28401.604565
620.0,340,28434.719115
680.0,289,28458.531798
540.0,295,28482.630704
500.0,292,28506.623143
1720.0,545,28561.473123
780.0,389,28596.081064
760.0,523,28641.979497
740.0,348,28667.670198
160.0,447,28713.209975
380.0,288,28737.055285
380.0,294,28761.110245
1340.0,603,28817.389915
580.0,598,28873.573646
620.0,527,28919.715297
420.0,360,28953.230132
680.0,281,28976.590148
1120.0,540,29023.170352
380.0,300,29047.332239
800.0,356,29080.894016
480.0,285,29104.480043
680.0,325,29137.103543
720.0,476,29181.594446
820.0,776,29250.22535
540.0,295,29274.347267
800.0,438,29310.10342
520.0,336,29343.159128
1480.0,779,29411.793108
1380.0,544,29458.624866
1320.0,598,29514.516516
340.0,430,29549.978324
1260.0,507,29595.553544
820.0,492,29640.938412
340.0,595,29696.667482
480.0,331,29721.561865
520.0,308,29753.676222
540.0,285,29777.538034
100.0,622,29834.029733
620.0,368,29869.158308
540.0,289,29893.103152
500.0,379,29927.666408
500.0,429,29963.440211
560.0,484,30008.469032
680.0,464,30044.986767
1080.0,661,30110.815403
580.0,339,30135.938255
740.0,291,30159.671727
780.0,541,30213.914331
680.0,307,30239.082321
500.0,334,30272.610726
740.0,284,30297.110755
1580.0,311,30322.457911
1000.0,651,30381.227668
700.0,555,30436.9951
740.0,509,30483.506471
440.0,299,30508.139066
1480.0,1041,30602.219979
420.0,307,30627.087326
1360.0,866,30707.951274
680.0,339,30741.561285
520.0,370,30776.189063
520.0,305,30801.114794
880.0,372,30834.926666
780.0,294,30858.8577
600.0,526,30904.647496
620.0,466,30948.974782
920.0,823,31020.260641
700.0,447,31063.943101
320.0,497,31108.965694
820.0,445,31144.784707
480.0,386,31178.94953
60.0,470,31223.001521
820.0,359,31256.402476
740.0,350,31281.669923
540.0,299,31313.329787
540.0,281,31336.709871
580.0,529,31382.575263
1040.0,713,31449.221012
540.0,337,31474.291015
500.0,367,31507.838498
680.0,523,31553.759069
740.0,306,31577.952507
120.0,386,31612.07385
260.0,636,31668.830329
580.0,295,31700.536896
1360.0,812,31770.170636
480.0,333,31802.842281
1720.0,1181,31906.422212
580.0,466,31942.965878
480.0,275,31973.933768
480.0,282,31997.542939
740.0,348,32023.075638
660.0,378,32057.07599
560.0,291,32088.65144
500.0,368,32114.82101
540.0,382,32150.130106
820.0,849,32228.542501
460.0,367,32262.250345
740.0,289,32285.918165
480.0,298,32309.807807
540.0,294,32341.36658
580.0,477,32378.125017
460.0,287,32409.253182
480.0,292,32432.885055
480.0,290,32456.288417
520.0,342,32489.064165
640.0,503,32534.053629
420.0,297,32557.794873
540.0,305,32581.696403
760.0,420,32624.402015
620.0,440,32659.956188
500.0,319,32692.185575
360.0,287,32715.621259
100.0,600,32771.553907
680.0,319,32796.10101
480.0,298,32820.145776
580.0,511,32865.80508
540.0,325,32898.419736
940.0,337,32923.638127
1240.0,747,32991.552411
500.0,392,33025.89871
480.0,286,33057.197027
1280.0,859,33128.132308
500.0,360,33161.400893
440.0,344,33194.371308
900.0,413,33229.25714
580.0,365,33262.801401
480.0,348,33289.472926
500.0,294,33320.807799
500.0,368,33354.428036
500.0,374,33380.51492
840.0,451,33424.051045
840.0,476,33468.306601
540.0,331,33493.055797
780.0,445,33536.710508
640.0,452,33572.646518
580.0,475,33616.847762
540.0,292,33640.484846
680.0,499,33685.461459
540.0,340,33718.378127
740.0,287,33741.978755
480.0,334,33774.595242
480.0,346,33799.876956
980.0,429,33843.049937
560.0,474,33879.703193
820.0,438,33923.071147
340.0,636,33979.918227
560.0,457,34016.041874
620.0,346,34049.023103
740.0,385,34083.175359
480.0,333,34108.063601
620.0,496,34153.018991
540.0,287,34184.343891
540.0,335,34209.348171
540.0,365,34242.864243
940.0,399,34277.342818
780.0,443,34313.17297
840.0,491,34357.939204
240.0,418,34400.566232
740.0,334,34426.840816
940.0,332,34459.482244
540.0,291,34483.10033
580.0,492,34527.950066
540.0,341,34553.04456
620.0,547,34607.105573
500.0,350,34632.548704
200.0,657,34697.490375
600.0,459,34733.692304
740.0,317,34765.857193
580.0,443,34801.499327
500.0,397,34835.826266
740.0,292,34859.574655
1240.0,561,34914.078669
540.0,287,34937.903898
540.0,284,34961.345803
0.0,398,34995.836711
500.0,279,35019.276975
620.0,464,35063.424396
480.0,336,35096.127289
440.0,295,35119.792799
880.0,547,35166.188001
500.0,352,35199.26622
540.0,287,35222.839498
1120.0,539,35269.10218
780.0,329,35301.609227
840.0,1087,35394.289607
620.0,454,35437.91756
240.0,632,35494.467435
500.0,378,35528.414291
480.0,361,35563.25869
560.0,501,35600.598209
440.0,341,35633.373702
380.0,436,35676.701345
480.0,386,35710.897045
940.0,376,35737.052191
700.0,298,35768.676148
480.0,382,35802.609756
560.0,323,35827.097355
760.0,325,35859.648711
700.0,295,35883.478954
800.0,521,35929.415905
640.0,294,35953.186714
700.0,285,35984.718341
740.0,315,36009.147439
540.0,430,36044.638387
420.0,291,36076.245436
480.0,287,36099.934564
620.0,562,36146.773524
540.0,336,36179.607035
860.0,634,36236.264091
540.0,347,36261.405031
900.0,291,36292.912256
740.0,295,36316.615494
1660.0,626,36372.968056
880.0,455,36408.763483
540.0,349,36441.743616
500.0,295,36465.635827
540.0,297,36497.057847
640.0,519,36542.548131
960.0,443,36578.270433
1140.0,306,36610.262058
1020.0,505,36655.493335
640.0,483,36692.367808
700.0,291,36725.049416
1540.0,298,36748.992507
440.0,303,36773.01392
700.0,465,36817.385349
680.0,297,36841.48863
740.0,467,36885.90536
720.0,788,36955.269795
480.0,387,36989.720585
660.0,608,37045.810423
780.0,493,37090.95886
560.0,451,37127.114264
780.0,286,37150.83891
560.0,460,37194.915049
1160.0,634,37251.622104
880.0,367,37285.251863
620.0,509,37330.517929
820.0,339,37355.496246
520.0,439,37398.738946
480.0,300,37422.686626
1620.0,457,37458.775238
480.0,350,37491.559407
1080.0,703,37557.684372
940.0,546,37604.146045
760.0,349,37637.264075
940.0,302,37661.18709
740.0,341,37694.053386
740.0,469,37730.485248
700.0,291,37762.036415
420.0,718,37821.208181
920.0,486,37867.707201
1320.0,850,37946.166238
720.0,415,37981.070811
720.0,349,38006.584562
760.0,683,38072.433667
500.0,472,38108.970324
500.0,357,38142.421774
940.0,485,38187.125944
780.0,338,38219.869744
580.0,293,38243.725916
680.0,298,38267.489001
580.0,287,38291.04554
680.0,315,38323.291865
520.0,429,38358.487205
780.0,466,38402.716102
800.0,509,38447.960315
1120.0,794,38516.643965
620.0,474,38560.894359
480.0,295,38584.563781
560.0,353,38617.60711
980.0,399,38651.971087
380.0,377,38685.939715
700.0,314,38710.315543
740.0,537,38756.26292
720.0,456,38800.0871
840.0,459,38836.385524
740.0,430,38879.646269
680.0,507,38925.061473
680.0,523,38970.772663
740.0,369,39006.011326
720.0,423,39041.311951
540.0,337,39074.186688
480.0,293,39097.808467
540.0,353,39131.16668
580.0,534,39177.206368
700.0,372,39210.845599
660.0,361,39236.583955
860.0,523,39289.843488
700.0,299,39313.722526
480.0,361,39347.139987
680.0,293,39370.993053
920.0,532,39416.843156
940.0,289,39440.525038
540.0,292,39471.955259
640.0,515,39517.487474
560.0,458,39553.672007
620.0,301,39585.357907
940.0,341,39610.659309
900.0,333,39643.391373
1300.0,610,39699.50457
1300.0,641,39748.934876
700.0,326,39781.444187
1080.0,297,39805.511147
540.0,289,39836.874781
540.0,291,39860.707782
740.0,382,39894.764348
480.0,417,39930.170337
720.0,463,39974.534872
680.0,290,39998.216044
1780.0,408,40033.109742
840.0,485,40077.921194
460.0,291,40101.734535
920.0,426,40138.331802
680.0,477,40183.002921
780.0,464,40227.408333
940.0,806,40297.02367
940.0,362,40330.481836
1000.0,515,40376.106891
580.0,457,40412.330966
1140.0,433,40455.538801
1620.0,495,40500.491361
740.0,321,40525.203951
540.0,447,40568.872225
500.0,356,40594.54823
940.0,339,40627.278632
380.0,329,40659.920973
760.0,419,40694.963619
540.0,297,40718.906564
980.0,412,40753.667385
680.0,344,40786.857277
1240.0,902,40866.668127
880.0,534,40912.791868
740.0,823,40990.358559
840.0,478,41027.170419
1220.0,722,41093.878195
680.0,501,41138.914701
1920.0,1021,41229.613055
500.0,339,41254.723621
580.0,440,41299.321169
620.0,441,41334.907247
960.0,405,41369.394362
540.0,364,41402.947036
720.0,345,41435.912199
740.0,328,41460.65048
440.0,350,41493.877043
820.0,293,41517.826055
280.0,629,41574.269417
460.0,372,41608.148166
920.0,587,41663.813686
740.0,343,41689.181053
500.0,347,41722.260401
980.0,463,41766.69113
700.0,353,41799.862875
460.0,701,41858.404655
800.0,508,41903.922771
620.0,500,41949.418955
740.0,404,41984.127301
500.0,353,42017.623541
900.0,297,42041.373953
1020.0,516,42087.121608
760.0,428,42122.946296
480.0,367,42156.637218
1160.0,391,42191.127891
940.0,294,42222.723376
500.0,290,42246.574653
480.0,382,42280.734586
1080.0,497,42326.0316
600.0,488,42363.367948
880.0,366,42396.83151
1340.0,709,42465.193307
560.0,524,42511.192056
760.0,393,42545.699037
460.0,485,42590.510503
640.0,467,42627.18745
460.0,339,42660.010434
820.0,525,42705.682957
820.0,753,42773.301702
1160.0,436,42808.905349
540.0,334,42841.528532
520.0,682,42899.281211
1540.0,340,42932.255122
740.0,378,42966.078762
740.0,525,43011.874616
560.0,394,43046.393354
840.0,572,43093.617642
320.0,833,43171.926557
940.0,291,43195.599319
680.0,408,43230.588774
480.0,336,43263.515378
220.0,482,43308.314874
480.0,651,43365.657859
480.0,358,43398.985189
460.0,368,43425.053332
1180.0,746,43492.562945
1420.0,286,43516.172898
520.0,389,43552.117407
420.0,376,43586.089466
500.0,376,43620.021722
640.0,378,43654.024155
640.0,389,43688.325692
560.0,397,43723.006639
660.0,377,43756.697227
320.0,664,43814.344501
900.0,365,43848.112257
700.0,385,43882.235264
1500.0,300,43914.060647
680.0,307,43938.269231
520.0,476,43982.785807
820.0,591,44030.7565
920.0,513,44076.072341
740.0,378,44110.17776
480.0,654,44167.50051
540.0,284,44190.931246
640.0,387,44225.320757
740.0,322,44257.625826
840.0,485,44302.203075
440.0,487,44347.141822
700.0,375,44373.144036
440.0,362,44406.665955
1500.0,361,44440.078942
740.0,358,44473.769067
440.0,487,44518.451302
500.0,378,44552.516778
700.0,338,44577.840852
480.0,294,44601.556379
1000.0,615,44658.076238
500.0,373,44693.541312
620.0,403,44727.970618
640.0,492,44773.28934
660.0,288,44796.896082
780.0,491,44841.853011
740.0,319,44874.150452
740.0,353,44899.764578
540.0,331,44932.252048
700.0,502,44977.406492
880.0,519,45023.068729
440.0,705,45081.805791
580.0,501,45126.687429
460.0,431,45169.811537
480.0,366,45203.450154
940.0,543,45249.661582
820.0,441,45285.442481
380.0,651,45342.679107
940.0,339,45375.700644
500.0,343,45408.644831
740.0,432,45444.10543
640.0,524,45489.932053
780.0,535,45536.233869
540.0,306,45568.154692
760.0,438,45604.00211
1220.0,566,45651.662576
480.0,343,45684.955946
800.0,770,45753.704941
920.0,545,45800.327377
520.0,417,45836.986823
620.0,632,45893.738988
780.0,507,45939.383673
1500.0,390,45973.814746
460.0,302,46005.777521
540.0,376,46039.387259
460.0,396,46074.007967
480.0,294,46097.746143
740.0,339,46130.67323
560.0,400,46165.22659
700.0,367,46198.917093
760.0,393,46233.224206
600.0,502,46278.465053
460.0,301,46302.677186
560.0,393,46336.929785
780.0,383,46371.308602
540.0,382,46405.37336
640.0,465,46449.510006
1640.0,489,46486.913744
1540.0,378,46520.822778
760.0,487,46565.699309
640.0,509,46611.278486
780.0,444,46646.881883
1640.0,518,46692.706593
940.0,441,46736.127652
700.0,301,46760.029194
180.0,680,46825.786381
520.0,360,46851.552925
580.0,512,46896.925921
840.0,476,46941.290783
840.0,464,46986.825935
740.0,326,47011.503121
880.0,444,47055.032833
640.0,491,47092.103107
880.0,518,47137.669884
780.0,486,47182.793403
720.0,477,47227.230518
640.0,467,47271.152607
800.0,466,47308.032843
740.0,357,47341.555583
820.0,496,47386.542399
520.0,464,47423.196563
780.0,449,47467.262466
580.0,513,47513.114197
800.0,444,47549.074692
480.0,346,47582.386982
400.0,381,47616.712337
700.0,353,47650.136396
700.0,294,47674.069234
900.0,345,47707.273586
760.0,534,47753.734755
1600.0,589,47809.656229
580.0,479,47846.368376
740.0,385,47880.619138
820.0,635,47937.455173
1220.0,532,47983.756715
620.0,498,48028.94689
800.0,550,48075.783113
1060.0,432,48120.33566
720.0,426,48155.915475
2380.0,1094,48256.673248
540.0,370,48290.504829
1080.0,492,48327.761642
0.0,398,48362.074361
620.0,438,48405.63189
740.0,291,48429.124665
1040.0,536,48475.32022
580.0,491,48520.291571
840.0,487,48564.872581
720.0,639,48621.790354
520.0,414,48656.869716
100.0,469,48701.085213
1980.0,560,48748.01146
520.0,300,48772.28117
640.0,359,48805.639824
1040.0,709,48872.442053
1020.0,484,48917.336339
680.0,512,48963.123089
700.0,427,48998.531562
500.0,407,49033.328461
740.0,392,49067.610693
740.0,389,49102.042577
640.0,488,49146.964484
840.0,477,49191.499664
540.0,487,49228.55778
1380.0,627,49286.1939
820.0,535,49332.45762
480.0,376,49366.30263
160.0,427,49409.29462
1380.0,690,49467.327712
540.0,290,49491.003345
1300.0,717,49557.688257
1140.0,863,49636.441342
840.0,613,49684.776325
1100.0,771,49753.330664
540.0,292,49784.858534
0.0,425,49820.341717
900.0,403,49855.066783
720.0,412,49889.942774
940.0,333,49922.765785
640.0,472,49967.105176
860.0,411,50002.096425
640.0,345,50027.333342
880.0,494,50072.412832
1500.0,851,50151.208088
720.0,300,50175.443148
760.0,400,50209.897947
800.0,439,50253.454135
1740.0,1014,50344.274077
1260.0,613,50392.64142
1300.0,630,50450.636988
740.0,289,50482.28423
860.0,502,50519.966221
2180.0,675,50585.504344
2220.0,671,50643.562436
1020.0,1100,50744.649156
1280.0,859,50815.621872
880.0,498,50860.859266
560.0,479,50905.395185
760.0,396,50939.972631
520.0,460,50976.355189
580.0,485,51021.116125
740.0,307,51053.085419
680.0,348,51078.528313
1680.0,502,51123.94547
760.0,969,51213.540024
1180.0,853,51284.456906
900.0,502,51329.771762
1060.0,401,51364.329547
1920.0,737,51431.682952
920.0,561,51486.33343
2300.0,561,51533.531251
460.0,428,51570.18894
1640.0,494,51615.167602
1180.0,676,51673.348824
1140.0,484,51718.250188
480.0,488,51762.925519
1140.0,527,51808.892447
1320.0,401,51843.499552
1140.0,1225,51955.221504
880.0,496,52000.069197
760.0,418,52035.23434
2120.0,904,52114.74715
480.0,332,52139.54374
1240.0,484,52184.28073
1260.0,762,52252.375047
780.0,678,52310.548285
840.0,463,52354.732566
720.0,295,52378.638876
2320.0,591,52434.208844
600.0,450,52470.372662
740.0,307,52502.359164
1680.0,333,52527.297186
540.0,307,52559.147779
800.0,533,52605.467286
460.0,375,52639.586136
880.0,522,52686.784031
980.0,372,52720.66726
1040.0,768,52789.033682
740.0,384,52823.394544
700.0,340,52848.452307
1440.0,838,52926.350476
1440.0,860,53005.027933
1140.0,564,53051.737694
340.0,304,53075.752988
560.0,415,53118.48596
880.0,497,53155.768001
620.0,498,53200.834846
840.0,491,53245.873139
940.0,365,53279.213139
620.0,456,53322.998789
880.0,509,53368.357106
640.0,455,53404.475677
1660.0,825,53474.339227
640.0,479,53519.040776
1160.0,724,53586.135488
2480.0,886,53665.644818
1460.0,411,53700.609074
1120.0,1121,53802.687553
1200.0,643,53860.904565
1720.0,443,53896.841531
700.0,337,53929.86319
1940.0,493,53974.746889
780.0,319,53999.555282
540.0,334,54032.246772
1960.0,766,54100.772586
700.0,346,54126.102761
740.0,349,54159.454265
660.0,403,54193.947768
920.0,500,54239.366423
720.0,1135,54341.512777
840.0,485,54386.538007
440.0,305,54410.610577
540.0,295,54434.739793
340.0,669,54500.601921
1840.0,456,54536.89956
980.0,483,54581.73892
1600.0,432,54617.537753
720.0,485,54662.706988
720.0,502,54708.001897
480.0,362,54741.653619
1080.0,854,54812.593711
640.0,301,54844.580226
500.0,397,54879.224201
580.0,640,54936.186647
1280.0,498,54983.143172
1020.0,457,55019.137918
1100.0,533,55065.381302
540.0,401,55100.182032
660.0,551,55154.821757
680.0,331,55179.674173
800.0,459,55223.793883
920.0,614,55279.980236
760.0,663,55337.562623
820.0,526,55383.4065
420.0,301,55407.403442
960.0,543,55461.330385
860.0,688,55519.589829
940.0,386,55553.48046
820.0,442,55589.530995
760.0,409,55624.278653
1180.0,649,55689.480461
1640.0,1233,55794.858795
1020.0,709,55861.790733
1500.0,570,55909.402463
980.0,352,55942.849031
520.0,343,55975.882167
1100.0,628,56024.859415
500.0,321,56057.215563
540.0,385,56091.689983
1360.0,349,56126.094621
820.0,511,56171.653313
500.0,295,56195.543008
1240.0,461,56231.736841
460.0,300,56263.77207
620.0,441,56299.524043
1220.0,501,56344.866162
520.0,379,56379.045025
1660.0,485,56423.653563
1980.0,345,56456.942542
2520.0,856,56527.707353
820.0,408,56562.615857
1360.0,684,56628.623277
2540.0,947,56709.981986
1280.0,864,56788.964996
980.0,290,56812.641869
740.0,331,56845.227839
900.0,523,56891.48124
600.0,327,56916.304521
640.0,561,56971.026286
1540.0,424,57006.513747
560.0,346,57039.595148
560.0,407,57074.672195
2340.0,575,57122.009838
840.0,298,57153.814963
680.0,331,57178.968188
720.0,503,57224.304546
960.0,502,57271.090306
720.0,290,57295.004397
420.0,619,57351.579332
780.0,363,57385.369033
1180.0,435,57420.934653
880.0,489,57465.879425
1120.0,1051,57558.100461
920.0,348,57590.903744
500.0,341,57623.947687
680.0,340,57648.853518
1140.0,302,57680.713461
920.0,584,57728.019575
1000.0,367,57761.65108
940.0,877,57840.561405
840.0,461,57877.120639
1080.0,375,57911.157772
920.0,339,57944.008874
940.0,317,57968.630184
2180.0,836,58046.870853
540.0,303,58070.834838
960.0,511,58116.79659
1340.0,377,58150.842379
700.0,465,58194.953887
2580.0,402,58229.994753
480.0,341,58262.949515
940.0,353,58288.824438
740.0,385,58322.896388
980.0,431,58366.58818
700.0,368,58392.820648
780.0,449,58437.916771
1000.0,446,58474.163537
740.0,440,58517.890461
2620.0,500,58563.101874
1280.0,428,58598.833147
980.0,364,58632.416
2380.0,365,58666.489778
840.0,617,58722.825932
1920.0,501,58760.113523
580.0,330,58793.087574
1020.0,530,58839.262966
880.0,447,58882.93533
620.0,397,58917.773136
860.0,499,58963.184481
980.0,473,59000.006678
1740.0,452,59043.87966
1720.0,436,59079.50363
1740.0,403,59114.152137
1400.0,432,59157.903698
2300.0,500,59203.25964
1400.0,760,59263.941353
2160.0,465,59308.539126
800.0,476,59353.24802
800.0,398,59387.882221
1940.0,496,59433.144202
2580.0,519,59479.018717
1020.0,439,59515.077616
1820.0,497,59561.680201
1040.0,406,59596.845931
1020.0,353,59630.331557
2380.0,537,59676.930323
740.0,317,59709.59242
920.0,519,59755.59842
720.0,350,59781.49027
2140.0,779,59850.817977
900.0,461,59895.391429
460.0,299,59919.798157
1700.0,346,59953.261784
940.0,439,59989.337172
820.0,522,60035.675576
980.0,346,60069.048837
620.0,488,60114.375452
940.0,437,60150.293893
2040.0,519,60196.575161
980.0,466,60240.843522
740.0,428,60276.647825
480.0,338,60309.640716
1200.0,639,60366.811422
1860.0,566,60414.033679
1140.0,307,60446.161384
660.0,371,60480.043224
2300.0,431,60516.008243
2200.0,527,60562.148809
480.0,305,60586.485387
980.0,342,60619.653141
860.0,567,60674.690001
2000.0,351,60701.768122
1380.0,521,60747.739959
3060.0,586,60803.42847
1620.0,416,60838.578273
640.0,321,60871.160424
660.0,343,60896.418202
1780.0,434,60940.069353
1760.0,350,60965.577791
660.0,297,60997.43593
840.0,362,61023.465899
1440.0,402,61066.227707
640.0,451,61102.350268
1740.0,350,61135.824747
860.0,566,61183.014409
2580.0,405,61217.739074
560.0,500,61263.1256
2180.0,554,61317.999406
4430.0,379,61352.02251
500.0,926,61433.153121
2380.0,508,61478.645858
1120.0,444,61514.785602
940.0,371,61548.793203
480.0,296,61572.828156
2280.0,502,61618.603464
1820.0,438,61662.241822
2840.0,506,61708.013649
2320.0,475,61745.200044
720.0,287,61776.524433
740.0,346,61802.203524
2760.0,415,61837.336514
3340.0,404,61881.64319
2360.0,552,61928.683778
1160.0,519,61974.923039
1780.0,481,62019.738434
560.0,675,62077.878025
920.0,461,62114.641346
1540.0,356,62148.081792
1820.0,502,62193.318897
360.0,407,62228.402596
1360.0,395,62262.852302
1960.0,518,62308.689068
540.0,302,62340.652879
2840.0,499,62385.913176
500.0,393,62420.627422
3180.0,529,62466.871953
2800.0,502,62512.096973
1540.0,506,62557.763684
920.0,295,62581.725644
2700.0,409,62616.877893
4480.0,362,62650.925645
1680.0,810,62721.311412
3390.0,356,62754.914645
1180.0,290,62779.135646
2760.0,389,62813.562741
1140.0,322,62846.42217
1780.0,339,62871.784491
1360.0,479,62916.493926
2140.0,494,62961.943227
3960.0,418,62998.459421
2220.0,325,63031.250317
520.0,371,63064.981704
2780.0,511,63110.89094
3420.0,530,63157.428635
940.0,406,63192.373371
3370.0,355,63226.150857
3400.0,493,63271.309492
2840.0,449,63307.35096
4030.0,377,63341.588408
980.0,622,63398.210331
1740.0,599,63446.411969
1180.0,348,63479.419923
740.0,295,63503.271718
2900.0,362,63536.79736
880.0,474,63581.402879
1940.0,449,63617.402489
2260.0,450,63661.570797
440.0,298,63685.824977
3880.0,390,63720.209482
2580.0,436,63763.766695
3320.0,514,63809.945943
480.0,321,63834.811795
940.0,367,63868.829479
1980.0,481,63913.946534
2500.0,442,63950.042934
2020.0,411,63985.306134
3430.0,362,64019.209466
2760.0,418,64054.622044
1240.0,354,64088.26895
2700.0,538,64134.816112
1780.0,502,64181.843906
2140.0,437,64225.499886
3780.0,471,64262.583213
980.0,632,64319.551185
2740.0,410,64354.426007
2180.0,489,64399.508266
3360.0,522,64445.669646
3380.0,467,64489.866375
780.0,301,64514.034445
2500.0,642,64571.314008
940.0,340,64604.216292
860.0,589,64659.632158
2900.0,542,64706.243663
1100.0,337,64731.54149
5380.0,326,64764.207926
1560.0,363,64797.846882
4000.0,361,64831.381925
2790.0,365,64857.630995
2780.0,378,64891.80164
900.0,331,64924.683688
3340.0,402,64959.474625
3120.0,422,64995.017801
3460.0,895,65075.156065
980.0,511,65120.897817
940.0,293,65144.911328
1380.0,490,65190.33682
2740.0,450,65234.327135
4080.0,354,65267.864251
2460.0,779,65339.15106
2720.0,498,65377.009783
1300.0,297,65408.992677
4180.0,328,65434.172379
400.0,304,65466.095902
920.0,292,65490.065753
3340.0,488,65535.15876
3400.0,387,65569.581605
2820.0,444,65605.730676
3400.0,428,65649.057378
2020.0,506,65687.096272
4090.0,339,65720.149482
3340.0,400,65754.967364
1520.0,353,65788.575169
1620.0,527,65834.800813
3580.0,354,65868.348402
3420.0,490,65913.846098
2780.0,416,65949.057428
2760.0,355,65982.822078
920.0,332,66007.684278
3480.0,506,66053.389302
1980.0,289,66077.028071
860.0,381,66111.410433
1560.0,381,66145.654071
880.0,294,66177.562477
880.0,306,66201.87162
3400.0,394,66236.566048
2240.0,535,66283.011036
2280.0,474,66327.348947
660.0,299,66351.516455
2180.0,512,66397.192387
2640.0,446,66442.287674
3340.0,411,66477.530575
2540.0,448,66513.774415
3240.0,371,66547.571432
2540.0,417,66583.127437
3320.0,394,66625.160628
3400.0,531,66671.628452
3660.0,398,66706.430806
3990.0,345,66731.70983
2100.0,582,66787.773596
1520.0,289,66811.458942
2820.0,460,66855.737319
4130.0,449,66892.069788
2360.0,632,66949.146565
2340.0,509,66994.801786
3330.0,341,67028.06002
2480.0,505,67073.747299
2180.0,393,67108.463805
1100.0,294,67132.609056
4080.0,322,67165.112022
680.0,290,67189.02484
3380.0,422,67224.22413
5250.0,341,67257.454622
1820.0,818,67327.500556
1180.0,296,67351.3178
2800.0,409,67394.086337
2760.0,656,67451.720273
3360.0,430,67487.304617
3350.0,379,67521.195004
3360.0,398,67555.696724
1320.0,335,67589.952026
2160.0,506,67635.211826
700.0,302,67659.073976
580.0,294,67682.892544
2760.0,399,67717.493393
3900.0,376,67751.645461
2850.0,365,67785.419539
4010.0,358,67818.950549
2800.0,342,67851.813767
2540.0,328,67876.696057
2540.0,355,67910.388683
3400.0,408,67945.675361
1840.0,379,67979.8661
3840.0,394,68014.642816
2720.0,351,68048.016692
4060.0,627,68105.165525
3290.0,394,68139.685026
4160.0,514,68185.674851
1940.0,353,68211.131511
2630.0,391,68245.875033
1100.0,474,68290.35259
700.0,293,68314.242348
3340.0,446,68357.813607
3310.0,356,68391.349022
1140.0,358,68417.030483
2580.0,390,68459.118348
2680.0,390,68493.540261
1040.0,341,68518.606917
920.0,380,68552.699287
2530.0,393,68586.94362
2740.0,434,68630.398646
2740.0,435,68666.259857
3460.0,607,68722.181271
960.0,357,68749.189536
2840.0,529,68803.087725
3480.0,341,68828.429694
2120.0,337,68861.559343
1020.0,448,68897.49548
3980.0,371,68931.679384
2800.0,549,68978.691763
1540.0,304,69010.706551
2730.0,344,69043.678953
440.0,394,69078.309168
1580.0,337,69103.742775
1380.0,450,69147.855023
3380.0,525,69194.013327
3480.0,336,69219.095272
3840.0,392,69253.644067
2740.0,436,69297.250946
3440.0,594,69344.886639
3380.0,423,69387.832867
4040.0,498,69433.046631
2740.0,393,69467.552842
1240.0,865,69538.768961
3180.0,398,69573.320609
640.0,299,69605.281227
3420.0,505,69650.959354
2140.0,434,69686.658037
1920.0,324,69719.498641
2980.0,331,69744.479659
1220.0,453,69788.656561
2380.0,357,69822.155938
3380.0,504,69860.180295
2840.0,607,69917.949549
3430.0,342,69950.956878
3580.0,327,69976.277191
2140.0,420,70019.092423
2340.0,340,70044.459949
4600.0,423,70087.744153
2740.0,413,70122.96185
5040.0,388,70157.536276
1940.0,324,70182.346472
4030.0,332,70215.19085
1780.0,319,70239.792964
3340.0,395,70274.617039
1760.0,324,70307.10233
3980.0,501,70352.31318
2780.0,432,70387.84607
2540.0,328,70420.58045
4230.0,323,70445.498945
2160.0,434,70488.871745
3780.0,296,70513.084004
3540.0,311,70537.478492
4930.0,298,70569.337069
3440.0,469,70605.952975
780.0,506,70651.591522
2260.0,496,70696.843684
3080.0,331,70729.465755
1780.0,387,70763.682315
3180.0,437,70799.541306
3780.0,385,70834.000214
1140.0,411,70868.911126
3270.0,384,70903.292008
2340.0,353,70936.64239
2140.0,423,70972.031133
2780.0,382,71006.482425
780.0,360,71041.278318
2700.0,361,71075.025586
4640.0,329,71099.943987
760.0,319,71132.537746
4010.0,366,71166.094476
4850.0,322,71190.958639
3000.0,394,71225.385756
1940.0,449,71269.424856
2020.0,524,71315.618335
2460.0,619,71371.919053
2060.0,448,71408.058095
4060.0,498,71453.564198
4080.0,481,71498.561556
2820.0,483,71543.335763
1740.0,396,71578.071167
3880.0,507,71623.781948
3420.0,457,71660.454144
3360.0,443,71704.380072
3930.0,330,71729.610608
3420.0,526,71775.933055
2820.0,489,71820.978914
1620.0,487,71866.137685
2880.0,540,71912.804867
1400.0,441,71948.720132
2950.0,331,71981.647433
3380.0,498,72027.18169
2400.0,479,72072.004913
4180.0,328,72097.001829
2750.0,372,72131.097188
2240.0,487,72177.503264
3400.0,526,72223.526744
3480.0,520,72269.621875
880.0,558,72316.745719
1580.0,337,72349.807496
4130.0,323,72374.581516
320.0,381,72408.476886
3880.0,502,72453.83016
2820.0,493,72499.116961
3380.0,385,72533.453883
840.0,300,72557.348364
4000.0,349,72590.363091
2240.0,599,72646.556809
780.0,293,72670.373559
3920.0,421,72705.787012
3400.0,343,72739.019032
3320.0,493,72784.249547
2820.0,491,72829.315092
680.0,297,72853.406265
3290.0,394,72888.200805
3940.0,425,72923.583367
3390.0,339,72956.56637
2140.0,431,72992.359636
3790.0,358,73025.847808
2100.0,363,73059.54876
3280.0,384,73093.893147
2220.0,490,73139.048497
4050.0,368,73172.88256
2860.0,494,73210.506861
2790.0,361,73244.125619
3930.0,371,73278.105147
780.0,440,73323.203708
2100.0,787,73392.291489
5220.0,525,73438.403453
3360.0,499,73483.970805
1140.0,348,73509.300346
3960.0,381,73543.619637
920.0,295,73575.391129
2820.0,504,73620.685118
2910.0,373,73647.065602
3380.0,505,73692.777852
5290.0,343,73725.850798
780.0,366,73759.570668
2960.0,344,73792.725257
3340.0,328,73817.753157
4000.0,446,73861.561971
2660.0,527,73907.738395
2180.0,442,73943.740784
2780.0,412,73978.842389
3610.0,322,74011.540001
1800.0,338,74036.685701
1140.0,382,74071.041136
1360.0,350,74104.271044
1020.0,359,74137.929644
4680.0,326,74162.887738
2460.0,368,74196.663401
820.0,302,74228.527385
3490.0,339,74253.830989
4790.0,323,74286.482507
3780.0,308,74310.753819
2960.0,440,74354.216477
3260.0,395,74388.873281
3420.0,429,74424.328521
2760.0,397,74459.05814
3340.0,339,74493.116454
2180.0,501,74538.504842
3840.0,512,74584.443353
3280.0,514,74630.250138
980.0,368,74656.136811
2760.0,390,74690.74855
4010.0,367,74724.493935
1680.0,298,74756.338747
1540.0,299,74780.552802
2860.0,496,74825.818697
2710.0,381,74860.036696
1740.0,294,74884.095667
4030.0,332,74916.919064
2760.0,353,74942.574348
800.0,296,74974.191855
3320.0,410,75009.364976
1920.0,432,75044.812807
4340.0,455,75088.831697
3400.0,418,75124.189692
680.0,333,75156.62452
4590.0,358,75182.489091
3360.0,447,75226.273289
2800.0,531,75272.589722
2180.0,492,75317.770824
960.0,1328,75433.482693
3950.0,378,75467.45146
2180.0,437,75511.143794
4580.0,343,75536.483293
1140.0,286,75560.200933
3180.0,364,75593.917615
2840.0,351,75628.609107
1900.0,298,75652.595415
3890.0,386,75687.109637
4040.0,333,75719.917139
2820.0,503,75765.665717
980.0,337,75790.986763
2580.0,288,75822.508807
4780.0,466,75859.199929
1180.0,365,75893.022804
3020.0,464,75937.418518
2200.0,438,75973.541096
2800.0,456,76017.820249
2180.0,401,76053.110502
4860.0,315,76077.667021
3280.0,432,76121.352827
3340.0,455,76158.023317
2540.0,410,76193.117099
3400.0,492,76238.591047
3290.0,393,76273.218826
2940.0,324,76305.894427
3030.0,324,76330.895038
4100.0,344,76364.108289
4180.0,319,76388.87517
4650.0,364,76422.657135
4890.0,384,76457.023714
1980.0,352,76490.532031
3780.0,369,76524.332645
2700.0,460,76561.008152
3420.0,494,76606.351349
2680.0,346,76639.459234
3490.0,342,76672.732424
1220.0,340,76697.935619
2880.0,348,76731.515462
900.0,310,76755.714067
4660.0,341,76790.212888
3380.0,383,76824.675335
2240.0,504,76870.234631
2920.0,358,76904.037483
3340.0,410,76939.051323
2820.0,461,76975.751113
2780.0,415,77018.85697
2690.0,396,77053.783465
4140.0,324,77078.609496
3480.0,523,77124.776488
580.0,442,77168.627873
3460.0,514,77214.584137
3380.0,366,77248.335557
2240.0,502,77286.330276
3360.0,365,77320.243594
3380.0,384,77354.653498
3400.0,521,77400.921868
4570.0,383,77435.466759
680.0,366,77469.638956
1580.0,355,77503.297888
3050.0,337,77536.294588
3240.0,397,77571.287941
3180.0,442,77607.593145
3520.0,463,77652.055896
680.0,298,77676.255276
5330.0,321,77701.238478
2800.0,502,77746.884608
3100.0,515,77793.024303
4030.0,365,77826.476937
1360.0,320,77859.066318
1120.0,344,77884.688542
3020.0,411,77929.129201
2720.0,391,77963.67364
3940.0,438,77999.564567
2760.0,393,78034.36974
2860.0,502,78080.010334
3360.0,487,78124.997177
4230.0,314,78149.825621
4020.0,508,78195.787412
3420.0,492,78241.209651
3230.0,395,78275.979646
2740.0,404,78311.032443
2780.0,358,78344.740008
2780.0,370,78378.89608
2780.0,412,78414.198036
2380.0,307,78438.55261
3320.0,538,78493.038639
3440.0,645,78550.87889
3940.0,398,78585.573775
3260.0,488,78630.821942
1920.0,441,78667.078366
2740.0,434,78703.011115
2700.0,434,78746.786112
3500.0,496,78792.170922
3380.0,498,78830.018507
1540.0,291,78861.823712
1280.0,355,78887.860146
1760.0,289,78919.446753
2740.0,436,78955.738485
3640.0,304,78980.315986
3990.0,351,79013.906535
4690.0,343,79046.928026
3380.0,587,79096.503027
3540.0,333,79129.558536
3980.0,536,79176.286321
3910.0,334,79209.2191
3360.0,504,79255.170556
2780.0,452,79291.555478
3300.0,510,79337.480479
4730.0,330,79370.396379
2780.0,540,79417.146129
4110.0,325,79442.174603
3780.0,391,79484.66239
4580.0,414,79520.037305
3530.0,344,79545.531945
1740.0,351,79579.291873
3380.0,509,79625.254601
1140.0,439,79668.943244
2720.0,499,79706.921167
460.0,297,79738.697726
880.0,356,79764.836484
2700.0,506,79810.903997
1980.0,426,79854.623431
3380.0,393,79889.403712
3440.0,361,79923.380538
3930.0,355,79949.202913
4020.0,471,79993.959666
3360.0,344,80027.17765
3560.0,326,80052.351877
3460.0,512,80098.484165
4580.0,389,80133.101345
3380.0,530,80179.885991
2700.0,512,80227.070641
2240.0,546,80282.036324
2740.0,434,80318.332964
2800.0,433,80354.348567
4600.0,500,80400.120564
3390.0,350,80433.596385
3260.0,327,80458.834694
3910.0,339,80492.106823
4650.0,346,80525.583214
1280.0,354,80559.176266
4020.0,603,80607.968127
2900.0,477,80652.923976
2880.0,522,80699.438559
2820.0,495,80744.99551
3980.0,617,80801.895543
2100.0,353,80827.756059
1280.0,431,80871.242432
3230.0,352,80896.950626
3940.0,351,80930.529947
3340.0,385,80965.072771
4740.0,322,80997.777177
4060.0,336,81022.976411
1720.0,294,81054.648399
2800.0,499,81092.466507
2810.0,354,81126.170061
3980.0,512,81172.197333
3260.0,398,81207.04016
4200.0,322,81239.541463
2740.0,454,81276.122034
3380.0,457,81320.442807
2580.0,340,81353.742899
4180.0,324,81380.157406
4830.0,302,81404.398959
2700.0,429,81447.77952
4740.0,323,81472.705578
2160.0,464,81517.581939
4450.0,397,81552.337509
4990.0,390,81586.942459
3920.0,529,81633.531754
3380.0,419,81669.232281
2140.0,438,81713.308272
560.0,299,81737.659513
5080.0,347,81771.196354
4140.0,308,81795.762994
3900.0,482,81840.852201
2720.0,338,81874.096143
2120.0,290,81898.232895
3300.0,460,81934.908636
3380.0,399,81969.957655
2740.0,379,82004.351669
3320.0,417,82047.522207
1120.0,301,82071.796463
4190.0,388,82106.491557
3340.0,360,82140.398703
2700.0,428,82176.15457
3360.0,481,82221.323564
2120.0,497,82266.884836
2140.0,316,82291.637501
4740.0,322,82324.454599
3440.0,356,82350.278302
4390.0,393,82385.033524
3490.0,328,82417.873691
1320.0,292,82441.935345
4000.0,414,82484.922235
2200.0,494,82522.577323
3390.0,371,82557.949893
3200.0,345,82591.301206
2180.0,343,82624.630245
3940.0,422,82660.042314
4590.0,370,82693.989138
4730.0,332,82719.628695
4130.0,337,82753.460249
2900.0,367,82788.23491
3300.0,519,82835.550771
1180.0,298,82860.436025
3360.0,421,82896.175453
1060.0,296,82928.339729
3890.0,386,82963.255492
2760.0,409,82998.789567
2860.0,540,83046.319304
3460.0,344,83079.95081
3360.0,526,83126.906324
2600.0,462,83164.211528
4550.0,374,83198.866246
1580.0,434,83243.042324
1720.0,350,83269.216621
3500.0,317,83302.070725
2760.0,428,83337.841334
960.0,307,83369.921678
3890.0,392,83404.237556
3340.0,428,83439.63424
4480.0,393,83474.091409
3220.0,537,83520.340816
4000.0,344,83553.372781
3940.0,372,83587.079874
3480.0,332,83611.941062
2700.0,510,83657.402017
2900.0,524,83704.33108
3640.0,542,83758.139283
4700.0,464,83794.569818
4740.0,327,83827.037287
3210.0,387,83861.29174
3960.0,362,83894.644448
3320.0,526,83940.645919
4440.0,380,83974.719666
3940.0,353,84000.262475
3240.0,392,84034.63235
2600.0,375,84068.514672
2740.0,491,84113.566137
2640.0,299,84145.258119
1880.0,381,84171.399339
4340.0,356,84204.874825
3420.0,522,84250.82785
3160.0,396,84285.587682
3340.0,425,84328.74373
4620.0,462,84365.373945
3290.0,377,84399.484936
4440.0,382,84433.649443
3900.0,329,84466.286117
1300.0,363,84500.120767
2300.0,343,84525.54328
4610.0,367,84559.486862
5690.0,394,84594.000294
3300.0,518,84639.681103
4000.0,482,84684.37383
2840.0,356,84717.63421
4660.0,328,84742.389228
760.0,488,84787.103035
2780.0,385,84821.088828
3340.0,492,84867.227362
2860.0,485,84911.8113
2180.0,337,84936.802439
3360.0,448,84980.353767
3310.0,375,85014.228001
1680.0,294,85038.000889
4040.0,351,85071.024733
640.0,299,85095.054075
2300.0,352,85128.263138
3960.0,522,85174.05446
2880.0,509,85219.514575
3340.0,499,85264.893682
4600.0,402,85299.804666
860.0,302,85323.986253
3140.0,451,85367.954334
1880.0,347,85393.610394
3520.0,485,85438.504562
3340.0,426,85474.236539
3340.0,419,85517.368835
780.0,525,85563.692351
3540.0,380,85597.849397
3340.0,388,85632.267353
2140.0,555,85679.317084
2100.0,431,85715.015328
1440.0,353,85748.521482
3430.0,332,85781.350559
940.0,401,85815.966977
1580.0,369,85849.821074
2740.0,398,85884.290721
3320.0,524,85929.968907
2120.0,323,85954.882947
3460.0,340,85989.05233
3460.0,351,86022.213233
1560.0,315,86046.57336
3900.0,383,86080.752101
3340.0,428,86116.105317
3390.0,395,86158.486493
3910.0,391,86192.879234
3300.0,416,86227.796704
3610.0,315,86252.251604
1320.0,505,86297.439552
3540.0,299,86321.674724
2720.0,493,86366.673389
2790.0,540,86420.603286
4100.0,521,86466.457042
2180.0,426,86501.940975
3240.0,394,86536.262355
2540.0,413,86571.454865
2910.0,392,86605.964422
1520.0,327,86638.775817
3940.0,388,86672.974509
3310.0,391,86707.320741
1280.0,342,86732.666914
2180.0,495,86777.988981
2580.0,426,86820.987976
2840.0,522,86866.792493
2120.0,527,86912.657582
2780.0,522,86958.625889
4210.0,385,86992.818665
3840.0,446,87028.893159
3280.0,431,87072.130958
2760.0,534,87119.658653
3810.0,384,87153.837368
2140.0,410,87188.794346
3360.0,391,87223.130472
2860.0,344,87256.255185
2800.0,520,87301.794793
2080.0,364,87335.362288
2140.0,427,87370.661594
620.0,296,87394.508379
3030.0,335,87427.346378
3840.0,381,87461.2934
4010.0,364,87494.687724
940.0,430,87530.229185
4380.0,374,87564.100783
880.0,291,87587.879851
4640.0,321,87620.318336
760.0,385,87654.455102
3920.0,531,87700.656449
2720.0,442,87736.583243
820.0,361,87770.082598
2920.0,334,87802.949088
560.0,289,87826.588121
3310.0,371,87860.410336
2100.0,305,87884.668192
1380.0,397,87919.204909
2780.0,530,87965.293653
2800.0,410,88000.044441
2120.0,550,88054.404506
780.0,382,88088.371491
620.0,531,88134.442084
880.0,351,88167.690384
2440.0,342,88193.136602
2600.0,389,88227.436875
3300.0,317,88260.941819
3500.0,612,88309.360993
2740.0,417,88352.209632
2700.0,422,88387.475616
3920.0,413,88422.353158
980.0,394,88456.717768
2100.0,350,88489.901628
3100.0,421,88525.217757
780.0,405,88560.026855
4340.0,384,88594.263658
2740.0,492,88639.482743
2740.0,447,88683.401725
520.0,377,88717.395341
440.0,524,88763.428515
3940.0,361,88789.276802
3380.0,469,88833.407813
1940.0,356,88866.940121
3900.0,521,88912.673417
2820.0,522,88958.213185
3340.0,364,88991.893932
3340.0,400,89026.527089
2740.0,399,89061.247744
2880.0,491,89106.194312
3900.0,527,89152.0185
3320.0,383,89186.135767
4540.0,379,89220.190315
3790.0,379,89254.135928
3340.0,331,89279.082867
4020.0,491,89323.78852
3340.0,441,89367.547552
3550.0,333,89392.369951
4690.0,348,89426.836535
2680.0,397,89461.360282
4490.0,392,89495.738934
2560.0,530,89542.145351
2380.0,322,89574.709887
3420.0,485,89612.059962
1720.0,312,89644.337388
3120.0,433,89680.284005
1900.0,296,89712.187062
4740.0,324,89737.06312
4440.0,377,89771.185526
3580.0,311,89795.588907
3460.0,343,89828.885192
2120.0,505,89874.430863
2380.0,303,89898.815305
3360.0,489,89943.796775
3960.0,352,89977.023887
3310.0,382,90011.123385
3340.0,432,90046.694649
4740.0,322,90079.070627
3300.0,529,90124.981037
3340.0,401,90159.679673
2940.0,318,90184.068442
3900.0,520,90229.890853
3380.0,548,90284.16005
3340.0,412,90319.127957
3290.0,377,90353.197772
3420.0,493,90398.220194
2740.0,410,90433.135128
3480.0,331,90458.013302
3340.0,412,90500.791016
2760.0,407,90535.758558
580.0,475,90581.622041
3840.0,379,90607.883033
2760.0,328,90640.645232
2840.0,528,90686.672516
540.0,388,90720.949665
1840.0,522,90767.06995
1360.0,353,90800.243666
2820.0,526,90846.250332
3340.0,530,90892.487056
2540.0,393,90926.974133
4160.0,346,90960.324726
2240.0,410,90995.229504
3160.0,378,91029.29918
2660.0,539,91076.006142
4020.0,508,91121.670935
3900.0,507,91167.247755
1180.0,434,91210.760102
2320.0,530,91257.019102
3700.0,403,91291.707575
1200.0,516,91337.593497
3940.0,420,91373.084232
3380.0,408,91407.97393
2100.0,355,91441.204811
3340.0,394,91475.50474
2780.0,503,91520.833899
2460.0,350,91554.168767
4740.0,307,91578.243874
3240.0,505,91623.54047
1940.0,312,91647.855244
4120.0,579,91704.211568
3360.0,429,91739.887007
640.0,465,91784.196368
1560.0,416,91819.367276
880.0,410,91854.395573
740.0,378,91888.586421
2800.0,503,91934.194108
3230.0,376,91968.043797
2300.0,422,92003.490761
3490.0,313,92035.614697
2140.0,438,92071.388509
2780.0,493,92116.699335
1340.0,348,92149.815385
560.0,292,92173.874957
4000.0,494,92219.007848
2120.0,409,92254.287503
3300.0,454,92298.344223
1500.0,403,92333.036757
720.0,462,92369.647018
520.0,441,92413.598347
2740.0,414,92448.790304
580.0,365,92482.542966
3760.0,375,92516.497572
2440.0,440,92552.456019
540.0,313,92584.592006
1480.0,418,92619.846586
2840.0,345,92645.037574
3960.0,547,92699.430631
1060.0,317,92724.091457
1160.0,410,92758.9142
2660.0,431,92802.477301
3980.0,495,92848.898347
2720.0,503,92886.356204
1700.0,423,92929.874097
5040.0,372,92963.673051
2820.0,481,93000.635215
420.0,320,93033.099052
620.0,514,93078.687924
3460.0,512,93124.366141
2740.0,409,93159.237169
1960.0,361,93192.663214
2780.0,501,93238.202427
3100.0,407,93273.167055
940.0,457,93309.21412
2580.0,509,93354.906192
3340.0,432,93398.377169
3240.0,382,93432.524311
1180.0,432,93468.387427
500.0,416,93503.497652
2100.0,508,93549.058627
2740.0,373,93583.14886
800.0,298,93614.885392
3890.0,357,93640.539992
3300.0,540,93694.471106
3310.0,366,93720.236308
3790.0,395,93754.542671
700.0,388,93788.736929
3900.0,422,93831.680382
840.0,347,93856.808887
3440.0,354,93890.103147
420.0,304,93921.82334
3380.0,522,93967.720306
1640.0,411,94003.925653
2080.0,397,94038.360053
3460.0,519,94084.14166
2680.0,397,94118.545137
3680.0,449,94154.442384
3990.0,356,94187.725356
4040.0,319,94220.128031
2340.0,430,94255.703229
2490.0,394,94290.24724
3840.0,457,94334.594331
3940.0,394,94369.354697
2400.0,448,94405.71625
4540.0,376,94440.068018
3370.0,370,94473.828369
400.0,353,94507.242305
2700.0,507,94553.026985
3890.0,372,94587.337275
780.0,287,94610.905835
4140.0,331,94636.236617
1140.0,319,94668.471308
3280.0,435,94704.463829
3310.0,370,94738.20611
860.0,600,94793.827375
2500.0,484,94838.594703
3420.0,514,94884.222454
3340.0,396,94918.499154
3920.0,444,94954.481727
2720.0,567,95009.267992
2760.0,529,95055.144745
2590.0,388,95089.189435
460.0,314,95113.675688
2760.0,561,95161.721141
1200.0,360,95195.173098
2680.0,442,95238.715289
1180.0,484,95275.745741
1000.0,494,95321.094339
540.0,425,95364.252701
3220.0,501,95409.566243
2740.0,340,95435.056187
800.0,514,95480.797477
760.0,332,95513.691599
880.0,495,95559.080266
3360.0,346,95584.366265
1100.0,292,95616.053483
580.0,302,95640.170959
2800.0,523,95686.164208
740.0,469,95730.651438
600.0,457,95766.950874
2740.0,425,95802.049259
560.0,448,95845.714421
3790.0,391,95880.188127
2240.0,523,95926.100306
3470.0,335,95958.679365
2740.0,372,95992.461928
3320.0,496,96029.67234
3510.0,357,96063.208099
560.0,435,96106.540863
940.0,435,96141.898181
700.0,396,96176.693793
840.0,495,96221.993119
1140.0,506,96268.732288
1060.0,512,96314.502735
2940.0,523,96360.723551
700.0,506,96406.490362
580.0,483,96451.49528
2740.0,556,96498.550416
560.0,304,96523.102509
1080.0,479,96567.964812
1620.0,480,96612.981406
3300.0,529,96659.374463
3300.0,493,96704.592077
2960.0,749,96765.336764
760.0,505,96811.142661
680.0,291,96842.923829
1620.0,525,96889.101917
1460.0,446,96925.348512
1100.0,493,96970.792547
800.0,453,97014.773295
3340.0,519,97061.057759
2800.0,484,97098.442762
580.0,524,97144.833729
1940.0,349,97178.19121
2260.0,525,97224.493589
2720.0,515,97270.473799
2140.0,496,97315.699914
740.0,445,97359.596115
500.0,347,97385.241894
960.0,442,97430.614135
1680.0,312,97455.313932
920.0,430,97490.890981
4390.0,372,97525.108946
4140.0,344,97558.217656
3320.0,603,97614.576425
3240.0,364,97648.445639
3280.0,313,97672.885697
740.0,385,97707.447173
1140.0,353,97740.740573
3380.0,503,97786.321189
820.0,488,97823.600117
380.0,301,97855.435068
960.0,510,97900.963535
1220.0,511,97946.62231
940.0,497,97991.508575
3420.0,492,98028.949008
620.0,494,98073.84128
3500.0,350,98106.805414
700.0,392,98141.368271
400.0,319,98173.413267
2760.0,489,98210.518466
720.0,488,98255.533537
640.0,525,98301.56923
640.0,506,98346.989782
460.0,501,98392.480262
1020.0,466,98436.834092
560.0,500,98482.088532
1020.0,347,98507.660493
740.0,410,98542.565516
880.0,426,98587.326698
4110.0,319,98611.9118
1080.0,352,98645.256014
660.0,301,98669.478657
980.0,490,98714.48104
740.0,467,98758.760735
920.0,569,98805.988146
1780.0,439,98849.529637
660.0,497,98887.054871
2840.0,323,98919.573708
1020.0,453,98955.812449
580.0,445,98999.734413
760.0,444,99035.749971
2420.0,468,99080.363185
800.0,520,99126.333865
880.0,517,99172.40502
1040.0,514,99217.875842
820.0,493,99263.177667
820.0,517,99308.909995
580.0,459,99353.168786
3380.0,482,99390.435193
800.0,447,99434.36016
1180.0,526,99480.580403
3300.0,410,99515.874338
1740.0,427,99551.519711
840.0,470,99595.921464
2960.0,373,99630.007221
840.0,460,99674.422343
2100.0,417,99710.952884
3960.0,525,99757.313405
3280.0,528,99803.644206
1640.0,494,99848.817044
480.0,380,99883.039989
1100.0,467,99919.878417
3860.0,396,99954.32453
1640.0,510,100000.010365
3210.0,374,100033.862157
700.0,306,100065.716023
3440.0,411,100100.741606
1500.0,522,100146.601179
700.0,469,100191.049035
4420.0,399,100225.694287
1600.0,446,100261.616884
720.0,405,100296.49934
580.0,469,100340.865402
560.0,380,100374.907495
700.0,331,100400.0503
580.0,470,100444.582675
3840.0,366,100478.669718
3440.0,527,100524.665096
620.0,466,100568.90268
420.0,424,100604.52223
740.0,368,100638.265748
1620.0,500,100683.446982
1060.0,645,100740.765199
3340.0,409,100775.984418
3710.0,394,100810.356524
1820.0,495,100856.997974
1280.0,563,100904.126456
640.0,522,100950.220518
900.0,454,100994.303007
880.0,525,101040.697642
540.0,526,101087.07903
840.0,449,101130.78772
1860.0,439,101166.892725
2020.0,455,101203.417804
2340.0,439,101247.080719
3940.0,423,101282.589075
680.0,486,101327.668905
680.0,435,101363.315738
640.0,421,101406.62948
1100.0,693,101465.096527
3360.0,421,101500.495126
600.0,457,101544.407758
4020.0,483,101589.256332
760.0,369,101615.036097
3290.0,343,101647.844998
840.0,458,101692.020008
1000.0,458,101728.159537
560.0,455,101772.308628
3980.0,520,101818.073784
620.0,506,101863.35108
3340.0,471,101900.06283
860.0,652,101965.706485
500.0,463,102003.988602
740.0,416,102038.948173
1740.0,342,102072.106059
540.0,434,102107.675996
840.0,479,102152.530233
560.0,356,102186.23558
760.0,419,102221.404621
480.0,492,102266.718355
680.0,376,102300.89576
1080.0,561,102348.134245
1660.0,558,102403.138712
620.0,473,102440.108685
940.0,409,102474.879057
540.0,492,102520.067118
600.0,365,102553.901989
780.0,467,102598.190654
540.0,427,102633.59271
760.0,407,102668.499444
2820.0,459,102712.548276
1880.0,494,102757.673626
700.0,310,102781.85339
1080.0,683,102840.316939
2700.0,424,102883.487302
740.0,396,102918.20103
480.0,505,102963.645522
560.0,492,103008.85408
1880.0,514,103054.968976
1160.0,532,103101.383512
2160.0,512,103148.607859
500.0,430,103184.366283
700.0,396,103219.18169
540.0,420,103254.509909
540.0,395,103289.160496
500.0,487,103334.150595
800.0,447,103378.043906
920.0,797,103447.315895
440.0,302,103471.56542
740.0,359,103505.005351
880.0,351,103538.459769
760.0,446,103574.446346
560.0,378,103608.58109
560.0,368,103642.349974
1020.0,479,103687.229116
680.0,411,103722.507001
560.0,429,103757.981307
2160.0,507,103803.837475
2100.0,327,103836.315427
3910.0,392,103870.819337
2800.0,464,103907.33356
3490.0,329,103939.886642
780.0,384,103974.324206
660.0,372,104008.108876
920.0,579,104056.057342
540.0,375,104090.325416
3200.0,466,104134.691084
780.0,434,104170.643576
500.0,368,104204.683618
860.0,481,104249.558852
1680.0,514,104296.759735
560.0,432,104332.714158
760.0,381,104367.187238
840.0,537,104414.08953
2000.0,495,104459.58131
3100.0,782,104529.246677
3320.0,470,104573.990401
1800.0,622,104630.963439
520.0,501,104676.436383
3940.0,352,104702.186564
540.0,480,104746.873945
760.0,428,104790.212322
540.0,431,104825.758504
740.0,355,104859.118635
2760.0,401,104893.963454
520.0,496,104939.206616
520.0,294,104963.007111
540.0,448,104998.886831
2180.0,410,105041.618302
740.0,470,105078.572075
640.0,392,105113.011335
2740.0,335,105146.049985
3340.0,393,105180.672399
1620.0,413,105216.109011
1160.0,382,105250.696385
3290.0,377,105284.980691
500.0,388,105319.687601
800.0,449,105363.695375
2460.0,391,105398.498231
740.0,441,105434.686901
540.0,425,105471.611984
860.0,628,105528.814686
740.0,446,105573.049796
820.0,456,105609.583111
2580.0,657,105667.544319
740.0,431,105711.094486
560.0,448,105747.085501
2820.0,515,105792.673406
4020.0,482,105837.455877
2760.0,487,105882.476003
620.0,374,105916.339744
820.0,508,105961.986617
3420.0,496,105999.616874
1560.0,431,106043.049858
360.0,468,106079.679904
1640.0,436,106123.309952
740.0,369,106157.088535
800.0,386,106191.713875
560.0,309,106215.743572
800.0,472,106260.593834
1000.0,485,106305.531752
700.0,405,106340.355564
640.0,400,106375.39957
980.0,333,106400.506397
1020.0,503,106446.400331
600.0,476,106491.448203
740.0,441,106527.383374
940.0,470,106572.276991
480.0,353,106606.990372
1680.0,511,106652.723156
1580.0,291,106676.829122
740.0,381,106711.081388
620.0,370,106745.300661
1460.0,286,106768.867306
3390.0,345,106802.295562
2540.0,449,106838.532264
760.0,349,106871.589321
2780.0,478,106916.373335
660.0,489,106953.587438
900.0,409,106996.35999
3280.0,495,107041.578235
560.0,324,107066.350526
580.0,451,107110.622833
3320.0,540,107157.352818
1640.0,538,107204.025084
740.0,486,107249.22667
1720.0,333,107274.499372
1760.0,394,107309.183337
820.0,409,107352.292179
560.0,450,107388.600387
1580.0,444,107432.527996
620.0,495,107469.96875
3960.0,409,107512.800554
740.0,462,107549.516857
960.0,513,107595.434524
620.0,489,107640.503001
820.0,502,107686.139066
580.0,460,107722.81929
3860.0,494,107769.563738
3080.0,376,107803.493169
2780.0,484,107848.648125
1080.0,454,107885.0287
760.0,381,107919.176099
1660.0,464,107963.588347
840.0,500,108009.178498
2140.0,491,108054.497029
720.0,364,108088.324883
2560.0,781,108157.600094
560.0,394,108192.182235
800.0,290,108215.975388
840.0,500,108261.436632
3290.0,375,108295.613574
1760.0,443,108331.678618
3280.0,700,108398.218921
760.0,370,108431.893242
3060.0,475,108468.939979
680.0,351,108502.182658
2340.0,444,108537.937415
2720.0,466,108582.412706
2160.0,369,108616.331558
840.0,461,108660.877623
840.0,500,108698.419863
3920.0,521,108744.72694
2620.0,464,108789.389599
1420.0,324,108821.980892
1640.0,487,108859.420181
660.0,429,108904.732238
1440.0,460,108941.44711
3740.0,301,108973.486322
780.0,373,109007.356101
1040.0,628,109056.964952
800.0,458,109101.512669
1420.0,291,109125.830578
820.0,452,109169.916864
780.0,445,109206.176485
1620.0,543,109253.163321
1080.0,366,109287.138572
4500.0,377,109321.572161
2580.0,486,109366.637489
1580.0,443,109402.914953
680.0,414,109445.94543
1840.0,473,109482.981753
760.0,447,109526.802696
700.0,543,109573.651324
1040.0,370,109607.30722
4000.0,386,109641.495549
880.0,1187,109745.591753
3910.0,360,109779.027953
2480.0,470,109823.724544
520.0,376,109857.88716
880.0,459,109894.319541
540.0,367,109928.381904
1600.0,423,109963.904149
1660.0,510,110009.934113
760.0,413,110046.746298
1720.0,426,110089.908359
1020.0,490,110135.355831
620.0,311,110159.861062
2780.0,521,110205.958091
580.0,371,110240.235184
500.0,405,110275.020809
700.0,380,110309.412466
2120.0,417,110344.781292
720.0,447,110388.844016
900.0,438,110424.762136
1220.0,511,110470.668921
1020.0,485,110515.393521
2020.0,676,110573.751474
2140.0,527,110619.951794
2720.0,489,110665.131053
1100.0,967,110755.33555
2280.0,735,110815.46947
1140.0,518,110861.914825
3920.0,409,110904.98139
1420.0,661,110962.564867
780.0,451,110999.027711
2820.0,589,111054.997174
840.0,440,111091.110319
5100.0,502,111136.452105
1840.0,518,111182.59047
940.0,600,111240.221669
980.0,448,111276.634317
1920.0,498,111322.011618
500.0,292,111346.136508
1040.0,518,111392.319017
760.0,573,111447.663088
600.0,307,111472.141978
2620.0,370,111506.087391
860.0,430,111549.572554
700.0,313,111574.122306
3520.0,678,111632.416282
980.0,451,111676.220294
3340.0,316,111700.601818
1080.0,790,111769.358945
440.0,513,111814.88378
1140.0,632,111871.414579
580.0,367,111905.071065
