#{"t_start": 1680424583.4402642, "env_id": "AirRaidNoFrameskip-v4"}
r,l,t
950.0,1045,91.407069
500.0,433,126.397111
525.0,314,150.383006
1950.0,1482,284.541357
925.0,677,341.909547
1525.0,1281,455.141213
975.0,805,531.95536
300.0,522,577.643712
825.0,717,636.574358
725.0,630,692.940809
225.0,260,715.693833
500.0,434,751.076118
125.0,152,770.970264
100.0,154,782.994418
2325.0,1637,929.6548
350.0,267,952.742913
750.0,528,998.63342
1600.0,1401,1123.143606
825.0,488,1168.84147
2400.0,1577,1306.03205
575.0,435,1341.37845
975.0,504,1386.526257
1550.0,1118,1487.889084
425.0,283,1511.384644
350.0,234,1533.487122
450.0,514,1578.808418
150.0,211,1600.309439
1500.0,1037,1691.175009
575.0,404,1725.682229
2425.0,1584,1863.461205
200.0,189,1884.240368
700.0,471,1920.536475
1400.0,1098,2021.200775
625.0,528,2067.196095
850.0,530,2112.993535
475.0,406,2147.616988
2650.0,2009,2329.032949
300.0,329,2353.886641
1575.0,1000,2444.077218
525.0,366,2477.437192
575.0,297,2500.984859
525.0,439,2544.522893
975.0,575,2591.39537
1950.0,1310,2705.501043
1250.0,961,2794.610388
50.0,168,2807.07026
425.0,363,2840.621098
825.0,711,2907.203315
975.0,600,2955.211725
475.0,409,2989.869851
400.0,445,3033.642429
1050.0,854,3112.033932
325.0,386,3146.178828
675.0,506,3191.451051
200.0,214,3205.170058
950.0,610,3260.991793
100.0,325,3285.554884
550.0,479,3330.069303
800.0,745,3397.424469
650.0,543,3444.710405
300.0,354,3477.904192
325.0,292,3501.548428
600.0,578,3556.468098
425.0,491,3601.379214
425.0,389,3635.588945
1575.0,1190,3738.475395
650.0,598,3785.733542
875.0,555,3840.236335
2400.0,1474,3966.209038
1150.0,659,4023.374097
2675.0,1813,4190.397343
825.0,472,4226.546799
425.0,411,4261.160446
1400.0,1044,4360.333409
325.0,393,4394.486104
900.0,678,4452.020015
625.0,645,4508.700644
775.0,557,4556.486161
1750.0,1176,4658.805199
5350.0,2816,4908.347028
1350.0,737,4975.685936
800.0,397,5009.934994
575.0,491,5054.883463
525.0,281,5078.040993
250.0,224,5099.92555
2525.0,1494,5234.929875
700.0,271,5257.877726
1400.0,747,5325.207472
650.0,666,5382.610548
925.0,469,5418.629007
900.0,612,5474.724015
475.0,363,5508.177522
850.0,550,5554.432142
1350.0,1015,5645.104318
625.0,370,5678.843291
175.0,197,5701.161709
550.0,354,5726.424917
2075.0,1559,5871.465932
1925.0,1381,5987.780517
2275.0,1498,6122.832247
1500.0,901,6202.205436
475.0,398,6236.667664
875.0,507,6282.00148
425.0,390,6316.19922
875.0,542,6362.653851
800.0,599,6418.359593
175.0,294,6442.008478
375.0,229,6463.842396
375.0,416,6498.918424
475.0,418,6541.769867
150.0,256,6556.471421
400.0,449,6600.333379
600.0,590,6655.562941
0.0,314,6679.883108
650.0,635,6736.431923
850.0,353,6769.481867
675.0,404,6804.16713
1550.0,901,6885.582532
725.0,499,6930.67975
325.0,442,6966.326569
750.0,405,7000.863555
525.0,362,7034.500295
825.0,444,7077.824181
200.0,272,7101.069814
1650.0,868,7171.77388
1575.0,851,7249.869834
2950.0,1773,7408.113262
600.0,338,7440.869771
75.0,228,7454.855719
525.0,326,7487.20898
500.0,322,7511.315417
475.0,235,7533.550324
825.0,571,7588.338539
625.0,416,7622.932874
3775.0,2291,7826.152155
75.0,188,7839.039264
650.0,491,7883.776132
1600.0,1089,7986.121851
225.0,249,8000.659891
1600.0,988,8090.11836
475.0,425,8125.060565
1225.0,901,8204.390763
475.0,290,8235.737835
950.0,707,8293.985298
725.0,612,8349.658702
1525.0,1104,8450.150353
700.0,389,8484.166952
200.0,385,8518.140745
650.0,452,8553.593512
950.0,485,8598.08286
600.0,536,8644.015798
475.0,402,8678.304334
900.0,511,8723.696277
650.0,463,8767.449779
850.0,619,8823.403974
400.0,302,8847.373046
425.0,347,8880.205379
1675.0,948,8960.945291
950.0,585,9016.116794
1750.0,1206,9120.32444
2000.0,1377,9244.089084
2725.0,1379,9360.008927
525.0,426,9402.999013
225.0,193,9416.162202
1100.0,724,9482.91734
2425.0,1261,9595.724549
400.0,271,9618.912413
625.0,346,9651.609733
1425.0,586,9699.087621
375.0,217,9720.66718
350.0,204,9734.105438
300.0,292,9765.50798
625.0,443,9801.123289
1400.0,753,9868.880019
325.0,330,9901.335643
325.0,272,9924.549176
950.0,642,9981.161135
950.0,540,10027.32067
175.0,243,10049.610535
1725.0,1002,10139.604243
375.0,309,10163.552681
525.0,513,10209.105023
775.0,445,10245.612998
750.0,628,10302.110435
1575.0,916,10382.08027
500.0,440,10425.525367
850.0,550,10471.869119
550.0,437,10515.136056
550.0,477,10551.439026
650.0,349,10584.56796
875.0,490,10629.442122
1375.0,893,10708.771481
2125.0,1358,10824.468218
700.0,321,10856.961948
625.0,340,10881.871933
500.0,328,10914.470693
800.0,605,10970.376887
1075.0,487,11006.985509
1525.0,929,11095.341045
1275.0,700,11153.653224
1825.0,1007,11244.076746
1650.0,901,11323.727273
625.0,405,11358.326027
975.0,549,11405.783881
2125.0,1058,11505.376557
825.0,622,11561.586242
300.0,163,11573.730498
3700.0,2063,11755.410944
925.0,841,11825.364178
1400.0,834,11903.182389
800.0,416,11937.988395
500.0,342,11970.876202
450.0,346,12003.771846
700.0,447,12039.297548
550.0,305,12063.19598
350.0,286,12094.660102
150.0,181,12107.361013
1575.0,964,12196.263179
375.0,297,12220.130933
800.0,437,12255.431679
1875.0,1007,12345.410517
575.0,366,12378.795129
1475.0,855,12456.660661
1925.0,948,12538.251508
1000.0,525,12583.906391
925.0,567,12630.484748
2775.0,1525,12766.08879
1350.0,683,12831.840921
1850.0,1102,12924.420071
700.0,450,12968.067674
800.0,633,13024.884508
900.0,466,13060.866096
450.0,354,13094.080784
1700.0,946,13174.537119
2250.0,1570,13319.247331
800.0,543,13365.640013
1450.0,881,13444.431697
400.0,245,13466.853457
450.0,372,13500.606366
1325.0,823,13570.183517
2450.0,1367,13695.2429
300.0,240,13717.55933
275.0,342,13742.45774
975.0,475,13786.900912
1275.0,793,13855.730186
1600.0,943,13936.503664
425.0,443,13980.065328
2575.0,1533,14116.455601
775.0,375,14150.332404
1925.0,921,14230.426167
1600.0,873,14308.925934
850.0,645,14366.015813
1300.0,873,14444.767217
575.0,394,14479.161198
200.0,227,14493.134613
850.0,493,14538.103851
825.0,501,14583.118193
525.0,457,14627.115519
1475.0,656,14684.075097
1375.0,892,14763.595155
625.0,446,14800.992108
850.0,474,14845.467121
1425.0,644,14902.281704
850.0,531,14948.114535
350.0,302,14972.115668
500.0,336,15004.962555
425.0,367,15038.452783
300.0,274,15061.526652
200.0,199,15082.738275
1375.0,901,15162.384524
1275.0,904,15241.913743
1600.0,914,15321.917729
700.0,564,15368.551313
1650.0,1087,15468.951092
975.0,628,15517.447496
1175.0,839,15595.31203
2800.0,1591,15732.843128
1575.0,832,15810.197562
2350.0,1293,15925.11231
1275.0,688,15983.057139
1375.0,937,16071.371071
900.0,584,16118.658063
725.0,504,16163.610572
675.0,413,16198.167484
475.0,215,16219.719784
600.0,429,16254.701329
350.0,266,16277.490423
2875.0,1397,16401.401716
400.0,340,16434.118242
3900.0,1902,16603.260783
900.0,544,16649.484354
1475.0,866,16727.588564
575.0,374,16761.300627
200.0,207,16774.823208
725.0,493,16819.333247
200.0,206,16840.742198
825.0,449,16876.433485
800.0,675,16933.812933
175.0,215,16955.39505
675.0,542,17001.572335
875.0,501,17047.595618
1725.0,775,17115.547105
700.0,417,17158.432032
750.0,354,17183.583748
350.0,304,17215.565874
525.0,358,17240.933806
1150.0,767,17308.776855
700.0,364,17342.49552
200.0,289,17365.884138
700.0,419,17408.686346
350.0,262,17431.483778
175.0,264,17454.257044
525.0,505,17499.377234
725.0,377,17533.111851
175.0,234,17547.261975
2350.0,1262,17660.082849
250.0,257,17682.628763
1350.0,1077,17782.570657
1300.0,657,17839.447443
1475.0,1081,17931.774232
325.0,348,17964.733096
100.0,184,17977.54395
175.0,179,17998.079146
725.0,442,18033.712507
550.0,267,18056.737714
850.0,526,18102.497039
175.0,151,18122.300522
425.0,302,18146.227405
1175.0,771,18215.605773
625.0,411,18250.230834
975.0,626,18306.643176
1500.0,879,18385.559733
450.0,312,18409.649596
1150.0,840,18487.366881
575.0,343,18512.670867
275.0,203,18533.809966
1225.0,827,18603.366573
450.0,346,18636.368129
450.0,459,18680.234147
550.0,514,18725.718002
250.0,227,18739.682161
275.0,152,18759.502093
350.0,275,18782.809613
350.0,289,18806.387676
1600.0,908,18886.310047
1700.0,958,18975.209185
1625.0,1033,19066.506156
775.0,613,19114.710304
1275.0,726,19181.587409
300.0,416,19216.462817
500.0,497,19261.40547
1600.0,951,19351.0754
1675.0,961,19432.176176
1500.0,904,19511.954982
1725.0,1027,19602.627772
775.0,483,19647.172014
1150.0,713,19705.761605
75.0,240,19728.097208
225.0,287,19751.634106
475.0,345,19784.534081
1850.0,965,19873.612154
950.0,740,19932.995275
1350.0,773,20000.91888
750.0,375,20034.560653
900.0,434,20077.754457
125.0,170,20090.362144
450.0,336,20122.930301
200.0,281,20146.294182
475.0,341,20178.862675
500.0,346,20203.810367
475.0,264,20226.704932
525.0,278,20249.685178
875.0,698,20315.741969
575.0,437,20350.93665
275.0,318,20383.100471
125.0,255,20405.77643
225.0,190,20418.718134
100.0,271,20441.538812
600.0,417,20485.534414
1100.0,647,20542.033112
1350.0,877,20612.998645
550.0,360,20646.211542
950.0,642,20702.828664
575.0,437,20745.966904
1975.0,1160,20848.042831
1600.0,983,20929.61152
875.0,514,20974.910251
575.0,543,21029.098253
825.0,534,21074.973265
875.0,636,21131.423941
1100.0,712,21189.898727
850.0,739,21257.090761
900.0,732,21324.085036
750.0,456,21360.018764
525.0,427,21403.052103
900.0,734,21462.054132
825.0,539,21508.348311
325.0,267,21531.198975
1575.0,831,21609.842857
400.0,376,21643.563263
1000.0,661,21700.889787
300.0,381,21734.644134
1175.0,679,21792.303512
1200.0,628,21848.867994
825.0,487,21893.24429
625.0,351,21926.312617
225.0,153,21938.277507
575.0,474,21982.59506
425.0,347,22007.661418
325.0,292,22039.122841
775.0,664,22096.302043
575.0,595,22143.904631
450.0,361,22177.245912
1200.0,774,22245.562861
1350.0,709,22312.058867
250.0,249,22334.463748
225.0,285,22357.928667
550.0,488,22402.666595
700.0,472,22439.204984
500.0,434,22482.498934
600.0,468,22518.945358
550.0,417,22561.776044
50.0,161,22573.760933
950.0,667,22631.12008
3575.0,2366,22838.119922
250.0,258,22860.995653
175.0,167,22881.16507
675.0,641,22937.749757
350.0,335,22962.578693
1700.0,1012,23053.000293
325.0,306,23084.784721
400.0,324,23109.385018
600.0,438,23152.57922
250.0,175,23165.155923
400.0,357,23198.266606
250.0,295,23222.112184
600.0,419,23256.953657
400.0,206,23278.284209
350.0,255,23300.79466
750.0,582,23348.092862
250.0,294,23379.661386
200.0,207,23393.090401
350.0,334,23425.686808
300.0,231,23447.49565
775.0,551,23494.024443
475.0,367,23527.494221
50.0,152,23539.479922
575.0,336,23564.245662
300.0,256,23586.748599
550.0,497,23631.66693
525.0,447,23675.227551
1575.0,1298,23788.814224
525.0,363,23822.262185
500.0,293,23845.820837
450.0,320,23879.072851
875.0,493,23915.85389
800.0,404,23950.337823
350.0,359,23983.773551
600.0,366,24017.303909
725.0,357,24050.581361
675.0,462,24086.553778
75.0,162,24106.806328
375.0,382,24140.663479
250.0,221,24154.396569
500.0,324,24186.801475
650.0,506,24231.745346
1150.0,607,24287.447971
950.0,653,24344.416017
200.0,212,24357.941855
850.0,770,24425.77862
1425.0,910,24505.319919
475.0,292,24536.784121
575.0,320,24561.069944
250.0,259,24583.941087
325.0,294,24607.577337
425.0,313,24639.487055
100.0,195,24652.493084
225.0,192,24673.319651
1550.0,1068,24765.515737
600.0,548,24811.695634
475.0,388,24845.832797
350.0,388,24887.780046
900.0,704,24946.150513
500.0,312,24970.109924
725.0,392,25005.329636
375.0,407,25047.597107
350.0,277,25070.985029
75.0,163,25083.074389
350.0,297,25106.600537
1150.0,747,25174.046425
900.0,496,25218.968401
1225.0,772,25287.051501
600.0,420,25322.18107
500.0,443,25365.752484
900.0,461,25401.655094
475.0,355,25434.837424
1775.0,1162,25537.192616
675.0,361,25570.462618
875.0,430,25605.680779
600.0,532,25651.507679
200.0,201,25672.704027
100.0,244,25694.932729
825.0,642,25751.540053
700.0,510,25796.651057
775.0,603,25852.386669
50.0,166,25864.531441
300.0,369,25897.93901
50.0,194,25911.017171
250.0,218,25932.615168
850.0,553,25978.965911
1925.0,1019,26069.313893
300.0,308,26101.311927
325.0,231,26115.341876
150.0,170,26137.478262
2300.0,1241,26241.644429
0.0,153,26253.72815
900.0,512,26298.893464
2125.0,1570,26443.919295
1850.0,940,26524.440678
475.0,284,26547.708617
375.0,321,26579.943009
850.0,657,26637.453227
350.0,289,26660.817526
1650.0,763,26728.695193
550.0,380,26762.411903
1550.0,864,26840.980484
250.0,263,26863.79843
775.0,415,26898.599756
550.0,327,26931.052902
825.0,493,26968.02825
750.0,439,27011.382033
800.0,466,27047.527279
525.0,405,27089.862904
450.0,355,27115.415541
500.0,494,27160.070125
525.0,390,27193.993513
325.0,262,27216.875997
750.0,670,27275.289548
1900.0,1232,27387.291231
475.0,567,27433.992164
250.0,199,27455.1623
850.0,586,27510.14344
1200.0,797,27578.809772
375.0,319,27603.138908
500.0,374,27636.808549
350.0,409,27671.383381
750.0,562,27725.864664
550.0,328,27750.515356
1200.0,828,27827.579094
375.0,449,27863.516893
2400.0,1387,27987.443591
1825.0,1262,28100.291718
400.0,392,28134.302853
375.0,462,28178.11272
500.0,510,28215.376317
1425.0,934,28303.606225
450.0,290,28327.069891
700.0,581,28382.097502
325.0,300,28407.028456
600.0,467,28450.95564
125.0,254,28465.466863
2375.0,1347,28588.297445
1600.0,841,28665.943041
675.0,375,28691.641015
400.0,294,28723.250398
950.0,655,28780.128202
0.0,213,28793.783597
825.0,376,28827.429059
450.0,375,28861.259386
1425.0,931,28949.310783
825.0,579,28996.283053
425.0,491,29041.058197
900.0,486,29085.712377
625.0,391,29119.693634
1200.0,893,29198.768004
900.0,723,29257.809207
1325.0,845,29335.705174
600.0,497,29380.5732
525.0,401,29414.989089
975.0,663,29472.404524
650.0,445,29515.78102
350.0,376,29542.79022
3925.0,2118,29734.012867
1375.0,931,29814.296816
850.0,673,29871.720939
475.0,518,29917.16727
525.0,525,29970.740613
650.0,579,30017.940952
725.0,516,30063.322877
1475.0,953,30152.112727
575.0,499,30189.107268
1400.0,797,30265.874633
875.0,559,30312.524035
2700.0,1439,30438.206873
1875.0,1177,30541.099202
1450.0,1010,30631.420306
225.0,332,30665.286817
1800.0,1007,30755.202242
950.0,653,30812.415108
2675.0,1697,30960.49925
525.0,332,30993.08946
2800.0,1631,31131.907551
275.0,349,31165.167291
625.0,248,31187.47365
600.0,571,31234.404365
1350.0,1171,31345.176745
600.0,442,31380.589329
725.0,561,31427.036314
325.0,352,31460.326506
2200.0,1473,31594.439459
2900.0,1732,31742.945776
2225.0,1506,31878.482933
850.0,672,31935.980119
2700.0,1550,32071.798056
2600.0,1282,32185.101923
1700.0,1176,32287.745091
1825.0,1397,32411.769571
4750.0,2508,32636.834194
1350.0,805,32705.500263
1425.0,970,32794.353809
725.0,386,32828.469131
3900.0,2313,33033.241883
2200.0,1325,33147.488883
1575.0,1383,33271.773383
225.0,301,33295.458073
1425.0,874,33373.853618
1100.0,920,33453.520956
175.0,195,33474.651174
900.0,588,33521.795112
600.0,365,33555.241775
750.0,681,33612.738386
1650.0,762,33680.37771
1750.0,1127,33781.646013
525.0,417,33816.421308
3725.0,2097,34006.70833
775.0,349,34031.473154
600.0,441,34076.334996
1300.0,640,34132.803462
2500.0,1186,34235.554821
1525.0,797,34304.367227
1325.0,657,34361.505635
900.0,459,34405.350559
2375.0,1529,34541.054248
275.0,282,34564.455073
675.0,446,34608.057089
1575.0,1075,34699.984931
625.0,360,34733.307108
2650.0,1106,34826.341538
275.0,262,34849.14327
1175.0,604,34904.958448
875.0,648,34961.912423
1525.0,974,35051.337219
1325.0,917,35131.211597
1300.0,953,35213.121824
325.0,352,35246.323347
725.0,482,35290.988144
1525.0,1046,35382.054887
625.0,355,35415.183742
775.0,515,35460.716861
125.0,251,35483.310642
1400.0,1119,35576.041671
475.0,296,35607.77298
900.0,645,35664.352155
975.0,657,35721.386378
575.0,383,35755.229947
1275.0,698,35813.424216
1300.0,654,35870.209108
525.0,388,35904.116308
275.0,227,35925.910252
775.0,430,35961.163558
1625.0,867,36039.42498
1375.0,880,36118.176016
1275.0,768,36185.833329
1975.0,1087,36285.926267
1725.0,982,36368.263834
750.0,537,36414.106757
1275.0,936,36502.179769
375.0,378,36535.999239
1675.0,978,36617.397595
500.0,327,36649.910719
950.0,564,36696.364962
850.0,577,36751.34493
925.0,601,36798.975802
1700.0,1015,36889.553687
475.0,316,36921.689049
1475.0,1102,37014.544014
3875.0,2224,37216.063226
700.0,460,37252.02305
300.0,305,37283.957362
375.0,344,37308.81108
1550.0,816,37386.147513
750.0,420,37420.899395
1175.0,636,37478.457911
1425.0,978,37559.642681
4825.0,2589,37795.145923
725.0,304,37818.987852
675.0,413,37853.706514
400.0,274,37876.858884
250.0,293,37908.363907
1375.0,1071,38000.414034
750.0,677,38057.946149
575.0,293,38089.452196
900.0,550,38136.052556
825.0,634,38192.631881
975.0,600,38240.288504
650.0,394,38282.671953
1575.0,766,38342.603039
700.0,347,38375.587462
650.0,560,38430.105187
825.0,569,38476.927608
900.0,520,38522.656343
675.0,417,38557.349781
775.0,570,38613.280082
850.0,619,38669.257317
925.0,552,38715.713763
1700.0,1069,38807.559688
1425.0,873,38886.272357
625.0,432,38921.540292
1200.0,690,38987.696346
775.0,375,39021.587851
1925.0,1111,39114.567265
600.0,332,39147.035896
1625.0,963,39228.410535
750.0,459,39272.158206
750.0,581,39319.477329
1550.0,1031,39410.116014
925.0,466,39454.041615
775.0,465,39498.166823
550.0,406,39532.667051
800.0,443,39568.233255
825.0,547,39622.178686
200.0,447,39657.903594
975.0,639,39714.241142
1350.0,970,39804.487268
550.0,256,39827.189212
700.0,560,39873.603566
525.0,415,39908.416373
2200.0,1459,40042.072581
600.0,439,40077.611772
625.0,479,40121.99462
1175.0,857,40192.300573
0.0,214,40213.746215
1925.0,1121,40314.911667
1550.0,1238,40419.238516
1725.0,1070,40518.868876
1450.0,940,40599.40238
1725.0,949,40680.308242
1800.0,844,40758.371492
1625.0,1075,40850.080093
675.0,518,40896.565138
350.0,229,40918.334743
575.0,391,40952.62068
1850.0,833,41030.101334
2100.0,1186,41132.76912
575.0,338,41165.385093
1600.0,947,41245.890004
875.0,544,41291.746089
2775.0,1630,41437.966535
475.0,279,41461.244893
575.0,475,41505.509884
1550.0,657,41562.445406
1125.0,877,41641.137731
400.0,287,41664.475851
575.0,345,41697.349985
2650.0,1398,41821.624357
1800.0,990,41903.469593
1350.0,952,41992.096002
1750.0,975,42074.468692
2275.0,1263,42187.33153
2825.0,1584,42332.282023
3300.0,1898,42493.717746
200.0,235,42515.792122
800.0,577,42570.647212
225.0,247,42592.958545
800.0,486,42629.713582
625.0,352,42662.91509
3625.0,1987,42842.756832
1675.0,1021,42933.43049
400.0,299,42957.320023
1475.0,893,43036.54193
2925.0,1609,43175.73722
500.0,419,43218.660343
925.0,553,43265.063531
925.0,508,43310.387077
900.0,649,43367.363722
1800.0,785,43435.663765
200.0,331,43468.211682
75.0,193,43481.313733
200.0,289,43504.733338
1325.0,925,43592.785351
450.0,564,43639.571679
850.0,651,43696.441519
925.0,640,43752.921038
1100.0,846,43830.737517
525.0,243,43853.044022
600.0,402,43887.456446
825.0,544,43933.524411
1250.0,688,43991.04013
1250.0,909,44070.446926
350.0,141,44082.072898
475.0,547,44135.995295
775.0,442,44171.357599
225.0,224,44193.09183
850.0,557,44239.356647
1900.0,1175,44342.257524
2550.0,1628,44488.371758
550.0,326,44520.928744
775.0,521,44566.339743
500.0,251,44588.905578
700.0,337,44613.584795
1550.0,1158,44715.862277
925.0,517,44761.3937
725.0,575,44816.276879
350.0,323,44840.625604
750.0,418,44883.493063
1400.0,719,44942.355594
800.0,514,44987.48646
950.0,663,45044.95491
625.0,404,45079.423254
1600.0,774,45147.310383
825.0,716,45213.867474
1725.0,1269,45326.542962
725.0,527,45371.976151
525.0,380,45407.280916
1325.0,811,45476.056062
250.0,273,45499.178689
125.0,152,45519.009977
950.0,592,45566.524261
1825.0,1145,45668.463461
800.0,799,45737.164806
300.0,254,45759.999081
775.0,427,45803.134399
1625.0,1041,45894.133082
1825.0,1041,45985.222407
525.0,273,46008.394001
850.0,564,46055.167387
2025.0,1796,46213.752239
3100.0,1835,46381.602076
1400.0,898,46461.261228
1075.0,832,46530.845737
525.0,452,46575.767054
2700.0,2002,46748.414108
1275.0,1054,46847.870057
225.0,244,46862.300023
825.0,568,46917.191236
275.0,231,46939.154135
700.0,447,46975.10537
1325.0,886,47054.418841
475.0,357,47087.789733
1175.0,698,47146.244017
850.0,558,47200.866912
600.0,474,47237.35069
150.0,166,47257.608273
900.0,601,47305.299198
600.0,532,47351.176984
1250.0,695,47417.300212
175.0,263,47440.195833
350.0,229,47462.019715
450.0,334,47486.716944
750.0,501,47531.774282
575.0,621,47587.838706
900.0,435,47623.059483
925.0,388,47657.208241
1300.0,1001,47748.319779
1375.0,884,47827.220743
975.0,555,47873.541662
1300.0,894,47952.832673
2950.0,1359,48076.122106
425.0,263,48099.077175
600.0,325,48131.394667
600.0,477,48167.655755
300.0,352,48200.725641
625.0,508,48245.907387
325.0,429,48281.198092
675.0,484,48325.74058
650.0,601,48381.32032
1825.0,1303,48495.114864
1850.0,1135,48596.46734
1350.0,686,48654.062158
775.0,471,48698.337703
1700.0,870,48768.9675
700.0,523,48823.503018
3200.0,1833,48982.921073
1725.0,993,49072.833026
1250.0,818,49142.076383
1775.0,1122,49243.237195
750.0,471,49279.54492
1625.0,893,49358.701909
725.0,320,49391.000789
1900.0,1142,49492.842858
775.0,663,49549.921266
300.0,194,49562.920833
800.0,554,49617.347415
325.0,418,49652.116811
975.0,606,49707.863289
525.0,434,49743.137836
1275.0,853,49821.447203
1550.0,833,49891.130361
1425.0,849,49970.225052
1800.0,1004,50060.42267
900.0,465,50096.668228
325.0,313,50128.596
1750.0,964,50209.77083
750.0,475,50254.081518
2475.0,1426,50379.520999
175.0,258,50402.179597
350.0,411,50436.941963
300.0,246,50459.256511
900.0,548,50505.644512
1875.0,960,50594.783023
925.0,522,50640.454314
675.0,349,50673.41977
50.0,143,50685.275823
725.0,391,50719.334706
225.0,272,50742.378354
700.0,579,50789.655086
350.0,409,50832.278117
3275.0,2064,51014.247937
1675.0,1293,51129.27275
2475.0,1134,51231.037701
2125.0,1314,51345.470425
1825.0,1111,51446.396218
325.0,233,51460.596069
1875.0,1089,51560.98486
3875.0,1855,51721.353783
2575.0,1453,51855.143709
650.0,391,51889.319261
1775.0,1095,51981.996677
525.0,325,52014.351303
950.0,447,52049.944592
350.0,230,52071.888388
1375.0,608,52127.581943
575.0,394,52161.79237
1925.0,1128,52263.784526
875.0,682,52321.481253
850.0,564,52368.168934
950.0,555,52422.427256
25.0,155,52434.40608
800.0,654,52491.360939
3550.0,2502,52708.56525
600.0,494,52753.497733
600.0,445,52796.879882
1975.0,1187,52899.548669
825.0,545,52945.713573
525.0,392,52979.678189
3700.0,2199,53172.876114
625.0,438,53216.031319
1250.0,718,53274.976136
1150.0,877,53354.861188
700.0,450,53398.393985
4500.0,2224,53592.347512
575.0,423,53627.171751
1375.0,592,53682.577831
1925.0,1064,53774.271741
1200.0,646,53831.025278
600.0,341,53863.833359
3625.0,2200,54057.685872
1225.0,636,54114.247862
2250.0,1413,54239.253218
100.0,170,54259.477925
525.0,514,54304.983844
2500.0,1417,54429.812606
850.0,536,54475.580452
425.0,345,54501.720201
2550.0,1144,54603.623292
925.0,564,54658.058373
1250.0,571,54705.014242
525.0,286,54728.660634
575.0,628,54785.032959
700.0,433,54828.289735
1450.0,777,54896.755067
750.0,476,54933.052475
700.0,509,54978.490797
875.0,487,55023.305956
1475.0,999,55113.653035
775.0,614,55169.696732
2500.0,1304,55283.672125
525.0,416,55318.604646
525.0,352,55351.715165
775.0,412,55386.644445
1125.0,749,55454.119919
1725.0,1068,55546.025963
1525.0,824,55624.619454
575.0,479,55660.888375
1325.0,805,55737.893355
1450.0,883,55816.790228
1500.0,954,55897.577268
1700.0,779,55965.895665
175.0,258,55988.552073
1925.0,1291,56101.925632
3375.0,1604,56247.274285
1600.0,1101,56339.707036
2150.0,1322,56461.719241
1775.0,1109,56554.386355
2875.0,1481,56688.848521
925.0,548,56734.99734
1400.0,1037,56826.91363
300.0,296,56850.691718
675.0,403,56893.052974
2750.0,1453,57018.678773
3150.0,1507,57153.595993
5725.0,2724,57391.870866
975.0,529,57437.208257
650.0,399,57471.564733
1775.0,853,57549.703938
2025.0,1136,57651.077035
425.0,297,57674.620925
3700.0,2083,57856.566832
4450.0,2186,58050.018568
2500.0,1267,58162.845017
2675.0,1231,58274.820472
4400.0,2430,58489.611349
2725.0,1560,58626.038159
2250.0,1368,58749.458911
575.0,304,58773.273556
2225.0,1221,58877.344891
6125.0,3004,59148.721588
2250.0,1169,59251.243519
3825.0,1951,59421.998911
550.0,353,59455.141943
225.0,241,59477.341451
1975.0,914,59556.990566
850.0,535,59602.915669
2725.0,1457,59728.658008
450.0,380,59762.737633
475.0,352,59795.751548
500.0,309,59827.566047
750.0,488,59864.461848
1550.0,864,59942.613057
25.0,136,59954.089994
750.0,561,60008.580756
875.0,580,60055.57624
1350.0,857,60133.637562
3450.0,1761,60284.157188
850.0,464,60327.999739
1425.0,672,60385.593133
350.0,381,60419.331925
1900.0,943,60507.36062
675.0,413,60541.883145
1700.0,861,60619.908729
350.0,296,60643.545712
1675.0,923,60723.282027
250.0,255,60745.807318
1125.0,823,60815.166539
375.0,328,60847.616798
675.0,340,60880.445588
1825.0,1121,60973.318489
750.0,531,61019.196369
2375.0,1289,61140.438564
2575.0,1513,61267.669356
1425.0,916,61348.376689
600.0,358,61381.50819
350.0,389,61415.785183
3475.0,2115,61606.719213
1750.0,1173,61708.955035
1525.0,753,61776.613166
875.0,412,61811.127819
3525.0,1900,61980.161264
975.0,516,62025.407217
500.0,358,62058.64648
1250.0,795,62127.412566
2600.0,1365,62242.944955
1725.0,864,62321.434009
1050.0,627,62377.740281
1575.0,841,62456.808072
3850.0,2026,62629.635167
425.0,624,62685.759358
1075.0,740,62752.871663
3475.0,1956,62923.945653
1750.0,1222,63035.75116
1250.0,577,63082.994075
375.0,320,63115.078148
900.0,718,63174.167617
1875.0,992,63264.07409
1625.0,915,63343.870604
550.0,380,63377.722784
650.0,476,63422.125959
1200.0,970,63511.362017
725.0,453,63547.306739
1625.0,854,63626.259165
1525.0,983,63707.790902
1450.0,822,63785.049577
2650.0,1548,63921.110674
3125.0,1552,64057.278872
2875.0,1746,64214.467108
1950.0,1153,64316.266943
1525.0,1011,64398.344927
2325.0,1176,64508.688878
1750.0,928,64588.699907
875.0,534,64634.471067
425.0,448,64677.882457
275.0,212,64692.899733
700.0,435,64735.935527
425.0,391,64769.765835
1325.0,695,64827.901452
525.0,267,64850.657197
3500.0,1836,65010.099159
400.0,393,65044.26988
1750.0,1052,65143.15116
350.0,282,65166.396293
425.0,276,65189.608189
500.0,440,65224.992967
300.0,293,65256.719595
550.0,389,65290.545714
650.0,420,65325.460987
850.0,552,65371.813145
3075.0,1795,65530.099337
500.0,311,65562.05097
3600.0,2302,65765.560782
550.0,513,65810.65007
1250.0,817,65881.02493
1450.0,903,65960.314604
1425.0,775,66028.468435
625.0,329,66060.871927
1500.0,594,66108.428175
2925.0,1467,66242.262762
1525.0,1013,66332.504935
925.0,387,66366.660877
4400.0,2263,66561.481075
250.0,173,66581.728166
2975.0,1434,66707.071199
850.0,527,66752.898024
1425.0,768,66820.661546
2650.0,1544,66957.968356
100.0,261,66980.494734
1025.0,591,67035.844772
700.0,497,67072.724504
4175.0,2038,67253.58142
2750.0,1403,67377.895036
900.0,536,67423.645607
450.0,278,67454.883803
1350.0,973,67536.125784
1225.0,728,67602.694274
925.0,510,67647.857874
1125.0,950,67728.361265
2300.0,1177,67830.597994
1425.0,778,67898.698644
675.0,593,67953.850906
825.0,550,67999.992118
825.0,550,68054.084972
775.0,491,68092.178633
3450.0,2044,68272.350871
1475.0,930,68360.24638
3575.0,1785,68518.09531
425.0,429,68553.109738
2975.0,1758,68710.280202
2525.0,1398,68834.481124
975.0,670,68891.66757
1600.0,1222,68995.212059
525.0,472,69039.379671
575.0,436,69074.734407
1400.0,728,69141.468633
3425.0,2034,69323.086312
450.0,322,69347.483642
2100.0,1699,69503.347572
1975.0,1410,69627.558724
1500.0,942,69707.789919
825.0,587,69762.68831
1625.0,890,69841.736633
1750.0,1065,69933.304819
2400.0,1656,70080.133697
1225.0,658,70136.89065
1575.0,985,70226.429328
375.0,193,70239.430465
300.0,236,70261.490915
900.0,478,70305.712071
750.0,543,70352.934166
725.0,410,70387.334902
1325.0,1079,70479.195304
925.0,484,70523.532631
1600.0,1100,70624.049518
2650.0,1358,70739.348094
3575.0,1641,70886.198496
1350.0,907,70965.780114
2925.0,1863,71133.851977
425.0,364,71167.356122
1325.0,747,71227.007284
475.0,316,71259.07758
1625.0,871,71337.743071
1400.0,745,71397.213441
825.0,553,71451.497053
2275.0,1108,71545.365388
1350.0,774,71613.40971
3450.0,1628,71759.731115
1775.0,985,71849.106146
1425.0,706,71907.320969
600.0,339,71939.966384
1200.0,836,72009.616509
275.0,302,72041.531029
1325.0,868,72119.910503
775.0,446,72155.515286
1900.0,1041,72246.770969
300.0,297,72270.522733
3175.0,1496,72405.10399
1300.0,748,72472.271361
1775.0,952,72552.892723
1525.0,822,72631.256232
100.0,165,72643.574667
300.0,387,72677.411079
600.0,483,72721.835538
1600.0,854,72799.850352
1225.0,612,72848.012174
625.0,337,72880.630098
2100.0,1099,72973.12654
225.0,313,73005.307278
450.0,473,73049.464882
100.0,208,73062.819586
600.0,396,73097.24825
850.0,605,73152.884257
2375.0,1426,73277.704648
1450.0,1029,73368.245094
2975.0,1814,73526.893274
1250.0,779,73595.1146
525.0,315,73627.088907
325.0,391,73661.1636
900.0,595,73708.486202
1825.0,1170,73819.53827
2150.0,1442,73944.909204
2200.0,1174,74047.304099
800.0,579,74102.20245
1525.0,856,74172.488806
4525.0,2255,74375.428488
450.0,330,74400.133914
775.0,530,74445.770953
2875.0,1585,74590.756083
2725.0,1434,74716.130149
1550.0,1353,74839.17092
700.0,568,74887.082283
2475.0,1537,75023.070129
950.0,615,75078.873501
2625.0,1396,75202.910181
1500.0,824,75272.378498
350.0,276,75295.503565
275.0,253,75318.008818
700.0,476,75362.645003
900.0,702,75420.688833
2125.0,1488,75555.41813
1525.0,936,75635.45558
675.0,523,75680.946686
350.0,258,75703.636656
2400.0,1380,75827.301607
850.0,678,75884.373832
5125.0,2848,76142.680373
875.0,612,76190.56626
1525.0,936,76278.463709
1800.0,916,76358.180102
1325.0,811,76427.006248
1650.0,823,76504.233184
250.0,223,76518.116157
2350.0,1386,76642.027905
800.0,588,76697.054709
2450.0,1348,76811.949199
500.0,357,76845.313848
1625.0,872,76923.667345
2725.0,1598,77060.917745
2775.0,1354,77184.73242
200.0,296,77208.547048
2125.0,1232,77320.401299
1200.0,683,77378.203102
575.0,377,77411.91519
925.0,960,77492.643845
2850.0,1737,77650.153851
2825.0,1742,77807.321749
1425.0,874,77878.142845
1850.0,1029,77968.920602
2400.0,1368,78092.614938
1550.0,878,78171.443745
2725.0,1504,78307.327979
2300.0,1194,78410.226387
525.0,346,78443.327912
1625.0,710,78501.880294
750.0,324,78534.246314
2325.0,1114,78627.277832
775.0,456,78671.704149
500.0,583,78719.104578
1600.0,896,78799.792136
1600.0,693,78867.760338
750.0,566,78917.256085
3125.0,1826,79091.236046
3500.0,1890,79254.999897
3925.0,1924,79427.934416
1375.0,868,79508.209326
1225.0,955,79598.440295
875.0,708,79660.843478
1175.0,755,79731.812008
1675.0,1026,79824.500072
600.0,519,79871.641292
2300.0,1169,79977.593166
1750.0,854,80058.676789
1850.0,1182,80167.203765
600.0,547,80215.852777
1725.0,841,80298.086846
750.0,521,80346.018758
1025.0,615,80404.977927
1775.0,1401,80536.717442
225.0,234,80551.470458
1475.0,890,80636.261781
2500.0,1535,80779.570209
350.0,438,80825.687745
450.0,412,80862.479389
2725.0,1500,81005.554376
1775.0,848,81076.217292
1950.0,1110,81177.91636
875.0,545,81224.67366
375.0,311,81249.010883
1650.0,896,81328.687643
1600.0,1043,81428.726825
1900.0,1308,81543.828045
1625.0,896,81623.854983
350.0,336,81648.995702
4450.0,2742,81899.965784
1825.0,896,81980.086699
675.0,733,82048.149039
450.0,362,82074.016405
300.0,207,82095.548804
1775.0,1165,82199.008653
2525.0,1459,82326.741976
800.0,480,82371.597371
275.0,235,82394.012863
450.0,522,82440.153638
3425.0,2046,82623.510185
350.0,239,82645.990677
575.0,461,82682.38118
975.0,386,82717.112138
525.0,425,82760.579
1000.0,742,82820.490639
1725.0,1107,82922.51927
750.0,342,82956.796203
1575.0,1006,83047.57335
1800.0,1015,83138.919648
800.0,382,83173.147519
4375.0,2384,83381.416531
1125.0,891,83461.354206
1400.0,637,83518.479532
800.0,550,83565.130556
1750.0,978,83655.48223
3550.0,1930,83827.306514
2450.0,1402,83952.883666
1475.0,1130,84055.121893
1550.0,836,84126.919463
1475.0,985,84217.439924
900.0,498,84262.86661
750.0,573,84310.191274
1450.0,943,84399.829264
1025.0,834,84469.939345
750.0,413,84505.061619
3100.0,2114,84697.728058
400.0,493,84742.681105
1375.0,973,84824.631732
1450.0,784,84893.877818
325.0,254,84916.623028
3175.0,2133,85109.772408
3275.0,1943,85283.162676
850.0,559,85338.402629
4200.0,2225,85534.320582
950.0,579,85581.883791
400.0,275,85613.501295
825.0,533,85659.995341
975.0,568,85707.31568
325.0,273,85731.005551
650.0,657,85788.794671
2375.0,1567,85935.2905
775.0,503,85972.736644
1650.0,1023,86064.566404
1250.0,876,86144.241749
850.0,552,86199.297829
500.0,374,86225.546329
1600.0,975,86315.960331
800.0,503,86361.672345
1975.0,1154,86466.102171
1500.0,733,86534.008621
2525.0,1472,86662.008693
1375.0,929,86743.01849
600.0,615,86799.643456
625.0,359,86833.297947
775.0,769,86902.220011
875.0,438,86937.890367
1275.0,822,87016.081192
325.0,239,87038.589419
3650.0,1987,87212.285403
150.0,249,87235.054971
475.0,372,87268.967139
550.0,413,87304.066137
4050.0,2337,87510.910138
1400.0,1041,87611.657373
2225.0,1401,87729.474132
700.0,585,87785.12998
1900.0,902,87865.263928
1325.0,673,87922.933869
675.0,494,87968.166363
100.0,167,87980.556815
900.0,359,88014.093472
725.0,527,88059.99128
400.0,283,88091.804949
325.0,287,88115.313014
2450.0,1409,88240.936921
2400.0,1335,88356.528665
3875.0,2303,88562.048311
875.0,675,88620.096217
2825.0,1410,88747.031145
700.0,441,88790.926499
4575.0,2301,88996.907831
3850.0,2243,89193.263949
175.0,229,89215.341324
1025.0,710,89282.610185
2325.0,1581,89421.277017
525.0,297,89445.280387
575.0,467,89489.926993
300.0,174,89502.69847
850.0,676,89561.10581
6275.0,3330,89859.862189
1800.0,953,89949.414496
2450.0,1546,90087.124474
575.0,542,90133.98226
375.0,279,90157.398986
1350.0,1006,90248.465239
1150.0,907,90328.683176
225.0,177,90349.506763
900.0,561,90396.802851
1225.0,988,90487.389199
375.0,331,90512.191106
1250.0,638,90569.605544
1075.0,805,90647.2344
600.0,425,90682.551186
1950.0,933,90763.608782
1800.0,1087,90865.110021
1325.0,868,90936.445279
1850.0,1321,91061.046016
3400.0,1943,91233.420819
950.0,437,91269.182029
1350.0,629,91326.072789
875.0,478,91371.103668
1250.0,1006,91462.080897
750.0,561,91509.186016
1200.0,597,91564.89657
875.0,500,91610.185757
975.0,639,91667.461678
3175.0,1744,91817.947212
1975.0,1077,91918.604749
2675.0,1777,92070.362997
550.0,379,92105.742971
1775.0,923,92194.300161
1375.0,836,92264.836351
925.0,600,92320.666182
2275.0,1322,92436.288575
900.0,646,92493.447253
750.0,497,92538.934713
875.0,520,92584.630271
2775.0,1633,92732.195416
2100.0,1192,92836.046572
600.0,555,92883.096194
4075.0,2668,93122.484393
750.0,398,93157.210948
3825.0,2054,93341.232257
1550.0,856,93420.400632
2875.0,1781,93580.316348
500.0,369,93614.211248
1975.0,1197,93718.721643
3700.0,2279,93924.240277
4425.0,2325,94131.496084
2425.0,1635,94279.51737
2150.0,1136,94381.911523
1750.0,1051,94475.240248
3925.0,2144,94669.585551
800.0,394,94704.295707
6425.0,3185,94990.921946
1200.0,588,95038.85157
4300.0,2342,95246.324052
375.0,330,95279.186013
250.0,383,95313.500161
950.0,668,95371.499882
2700.0,1654,95519.965571
575.0,436,95556.78318
1850.0,958,95646.566835
825.0,681,95704.776834
1950.0,1032,95796.359829
1825.0,1040,95888.18187
1375.0,675,95954.073455
1275.0,990,96036.982641
900.0,497,96082.026718
725.0,577,96137.482313
1675.0,986,96219.623437
1675.0,1481,96355.234311
800.0,614,96411.785693
925.0,613,96460.300871
875.0,675,96526.661803
1975.0,1201,96630.986686
3125.0,1786,96792.465207
200.0,242,96815.039226
650.0,353,96848.551368
200.0,327,96873.335991
3850.0,2147,97066.920062
650.0,582,97114.300778
2500.0,1218,97227.003851
550.0,402,97261.7983
625.0,493,97306.912081
950.0,496,97352.49581
925.0,630,97409.544034
1675.0,898,97489.77038
925.0,791,97559.080395
975.0,434,97594.7462
2300.0,1087,97696.189898
400.0,312,97720.687657
350.0,344,97753.784017
425.0,284,97777.399138
2250.0,1356,97902.815077
1825.0,1178,98006.573178
2775.0,1827,98167.696307
900.0,480,98212.638326
425.0,301,98236.842618
250.0,339,98269.933584
200.0,217,98283.82351
5475.0,3045,98558.262642
100.0,140,98569.914283
800.0,526,98616.239316
1100.0,750,98684.6153
1950.0,1264,98798.888561
3750.0,2225,98996.10686
2275.0,1688,99153.483702
6000.0,3351,99451.64538
1300.0,980,99533.763195
3375.0,2050,99716.935051
675.0,544,99771.217569
1950.0,1026,99862.665732
425.0,278,99886.040663
950.0,552,99932.602326
1575.0,813,100002.222276
1275.0,995,100092.864074
1400.0,1021,100185.215185
400.0,342,100218.356899
775.0,499,100263.882474
650.0,382,100298.295117
725.0,482,100334.905859
600.0,247,100357.687005
1900.0,1310,100480.976262
5525.0,2790,100723.826979
925.0,577,100779.124599
3325.0,1943,100951.560361
750.0,522,100997.522905
475.0,310,101021.827615
1275.0,907,101110.346455
2825.0,1499,101238.615832
625.0,319,101272.462944
100.0,186,101285.366495
700.0,382,101319.578958
1825.0,864,101398.904329
1450.0,845,101469.719567
500.0,304,101502.067947
3050.0,1563,101639.862083
525.0,434,101675.71371
2250.0,1210,101788.331709
650.0,303,101812.377002
975.0,448,101856.335035
2325.0,1220,101960.93878
1675.0,986,102051.615549
1700.0,871,102131.04049
2375.0,1293,102246.118435
550.0,454,102282.432561
250.0,227,102304.727438
850.0,373,102338.701612
975.0,617,102395.401547
2450.0,1480,102524.554136
525.0,315,102557.148669
775.0,420,102592.360364
725.0,510,102638.265111
450.0,343,102671.464058
1775.0,1069,102764.378675
2275.0,1464,102891.993494
5500.0,3111,103176.060636
2475.0,1579,103314.664099
1900.0,1114,103416.526945
1925.0,1202,103520.99358
575.0,309,103545.221818
925.0,553,103601.116809
625.0,414,103636.192961
1275.0,734,103703.962126
4500.0,2674,103943.605927
1625.0,1366,104060.519431
4400.0,2265,104265.54443
850.0,631,104322.563854
2900.0,1955,104495.11507
3875.0,1952,104667.371528
1400.0,882,104748.07236
525.0,513,104793.765849
1325.0,761,104862.406643
2400.0,1494,104998.594158
325.0,163,105010.821578
1650.0,996,105101.841304
1800.0,1220,105206.275924
3750.0,2105,105399.226708
275.0,361,105432.846205
675.0,547,105479.708447
5375.0,2991,105743.871605
2400.0,1499,105881.487655
825.0,416,105916.659658
675.0,376,105950.669823
875.0,546,105997.338545
1525.0,1028,106089.028579
800.0,512,106134.73595
4775.0,2878,106396.363627
1175.0,672,106454.128167
1750.0,1192,106558.153119
1825.0,882,106638.014813
2975.0,1738,106797.093554
825.0,491,106834.312352
1150.0,731,106901.975257
150.0,243,106924.654474
2750.0,1836,107087.619722
425.0,313,107119.928533
975.0,603,107176.526286
2400.0,1628,107316.617769
375.0,276,107339.930068
1150.0,677,107405.979429
2800.0,1714,107556.033083
1250.0,804,107625.882935
1625.0,951,107715.294492
3400.0,1895,107878.068537
3850.0,2007,108059.553703
1575.0,897,108139.457881
175.0,154,108153.231539
3575.0,1994,108334.481784
1325.0,859,108413.307127
2450.0,1477,108541.14838
550.0,390,108575.623346
475.0,278,108598.965744
1125.0,604,108654.986119
825.0,428,108690.40247
975.0,513,108736.328619
275.0,198,108757.756899
1200.0,932,108838.847156
2425.0,1551,108976.626449
1600.0,1013,109068.025962
2400.0,1946,109240.914056
3625.0,1879,109412.54004
525.0,480,109457.476979
800.0,438,109493.396221
950.0,430,109528.855739
4125.0,2628,109767.661596
1650.0,998,109858.420055
475.0,334,109883.338109
3425.0,1911,110054.721827
225.0,188,110075.866426
1550.0,858,110146.656102
2850.0,1662,110295.357234
1925.0,935,110384.316091
4475.0,2289,110591.027706
3375.0,1686,110740.795041
2225.0,1332,110856.980301
775.0,400,110891.565984
325.0,271,110915.088439
2500.0,1673,111064.182901
1700.0,1037,111156.304014
