#{"t_start": 1680424589.8468406, "env_id": "PooyanNoFrameskip-v4"}
r,l,t
115.0,373,34.532122
135.0,486,79.020898
270.0,488,123.683617
620.0,568,171.134772
1205.0,1162,274.727957
1155.0,1086,375.995819
1325.0,1097,470.161553
1385.0,652,527.994493
1595.0,1121,630.434205
1510.0,975,713.109255
875.0,596,769.14419
450.0,484,814.030102
1330.0,706,873.643133
1005.0,905,953.854429
1485.0,934,1035.225729
1310.0,954,1124.836341
980.0,624,1183.105425
1075.0,748,1243.526482
595.0,528,1289.767803
510.0,586,1345.537169
735.0,686,1404.321135
185.0,440,1448.045399
945.0,540,1494.588088
510.0,736,1562.696098
1520.0,926,1644.195522
1560.0,949,1725.97965
1370.0,1030,1817.978836
805.0,773,1886.974936
350.0,395,1921.512703
625.0,479,1966.164927
500.0,538,2012.697504
1120.0,731,2072.560225
1310.0,1016,2163.712457
805.0,962,2253.230638
565.0,427,2288.430004
755.0,522,2335.835634
245.0,418,2371.078553
1740.0,1027,2462.333719
645.0,686,2528.364422
425.0,537,2574.735057
1100.0,707,2633.426821
860.0,571,2688.721358
515.0,678,2746.767276
425.0,501,2792.310949
215.0,486,2829.224446
625.0,678,2895.264196
645.0,536,2941.653766
135.0,558,2988.929235
850.0,775,3058.370161
150.0,457,3102.889012
230.0,533,3149.574838
345.0,550,3196.744807
1155.0,783,3266.205706
790.0,801,3336.000178
555.0,536,3382.73088
710.0,571,3437.841781
655.0,547,3486.511283
1055.0,1045,3579.265926
250.0,581,3627.198227
515.0,514,3673.313944
1190.0,661,3731.382823
325.0,534,3785.629914
870.0,975,3868.615102
375.0,414,3903.860283
945.0,672,3970.012001
345.0,418,4005.280362
305.0,744,4065.562889
680.0,1037,4165.871314
300.0,612,4214.771207
905.0,874,4294.806201
595.0,772,4364.243952
685.0,565,4412.045014
360.0,500,4457.826487
770.0,655,4516.023346
650.0,649,4573.992623
980.0,607,4631.715839
475.0,439,4667.559049
900.0,765,4736.376444
525.0,642,4794.023559
910.0,1032,4886.35397
505.0,390,4920.737621
985.0,716,4987.9766
645.0,755,5048.733366
355.0,529,5102.770986
515.0,647,5159.887614
85.0,399,5194.835423
750.0,775,5263.580148
365.0,578,5311.547567
100.0,430,5347.138294
195.0,495,5392.771376
325.0,565,5447.613836
515.0,708,5507.102708
325.0,459,5543.433234
185.0,414,5586.244788
1055.0,866,5657.993982
325.0,536,5704.695476
215.0,504,5750.6213
660.0,665,5817.807007
810.0,640,5867.597498
165.0,780,5936.896465
275.0,623,5993.77497
725.0,655,6051.827693
145.0,414,6094.989903
730.0,483,6132.234859
1030.0,891,6212.769077
465.0,729,6280.820902
515.0,902,6361.902433
540.0,929,6443.198686
1025.0,848,6514.476915
570.0,681,6580.706223
200.0,598,6629.059311
265.0,585,6684.620075
1215.0,746,6752.922351
690.0,651,6810.371996
815.0,746,6871.064114
520.0,544,6925.96191
430.0,535,6976.604273
305.0,487,7013.653266
700.0,833,7091.975236
220.0,482,7137.024415
535.0,766,7205.614938
380.0,548,7252.414965
940.0,672,7310.765836
325.0,444,7346.953885
540.0,578,7402.363911
300.0,595,7450.683133
1055.0,704,7518.004814
595.0,685,7576.847735
565.0,559,7623.957113
760.0,969,7714.31638
385.0,578,7762.35373
310.0,389,7796.835594
855.0,804,7874.802632
830.0,855,7946.357664
725.0,1039,8038.641014
740.0,565,8094.925938
690.0,1018,8178.332515
505.0,542,8232.235312
940.0,934,8313.614687
950.0,783,8382.484286
825.0,965,8464.460434
880.0,960,8554.094275
290.0,495,8599.145049
315.0,564,8646.650524
725.0,699,8705.418148
1105.0,760,8773.981565
560.0,613,8830.70678
365.0,593,8886.731041
540.0,702,8945.904156
1030.0,877,9026.106464
855.0,693,9085.338843
305.0,504,9130.898667
565.0,735,9199.22921
710.0,746,9261.860027
435.0,622,9318.607064
585.0,577,9374.361474
215.0,482,9411.400066
130.0,451,9455.623758
510.0,702,9515.194024
920.0,640,9572.581559
580.0,723,9640.501207
315.0,498,9685.719432
800.0,578,9733.509104
815.0,655,9791.176618
725.0,644,9848.685858
630.0,503,9894.225412
320.0,468,9938.768917
665.0,629,9988.229702
360.0,639,10045.580819
840.0,1019,10137.257879
705.0,566,10192.523805
1045.0,811,10262.859996
410.0,496,10308.259473
850.0,785,10377.54987
575.0,566,10426.415853
495.0,614,10483.126487
880.0,722,10543.185831
1140.0,749,10611.534714
505.0,598,10667.828849
1060.0,741,10735.842848
1030.0,989,10818.825658
595.0,578,10874.325798
1250.0,978,10957.464332
1100.0,647,11014.962218
470.0,484,11059.797538
865.0,681,11118.0711
195.0,433,11161.624174
570.0,823,11231.946784
365.0,402,11266.981904
1125.0,739,11335.087447
880.0,702,11393.906585
1070.0,729,11461.53357
905.0,684,11519.815592
715.0,718,11588.760778
930.0,778,11657.753085
260.0,432,11693.361399
1145.0,708,11752.97261
120.0,438,11796.486922
1040.0,773,11865.370692
990.0,747,11933.735931
310.0,423,11968.981498
1210.0,1099,12063.320852
910.0,647,12120.538759
1030.0,1021,12212.192107
730.0,499,12257.741358
545.0,659,12315.897462
825.0,704,12383.342285
275.0,557,12430.519974
370.0,427,12466.127761
830.0,617,12522.915185
530.0,516,12569.364141
575.0,678,12628.087824
1085.0,1092,12731.407727
440.0,570,12779.244729
645.0,765,12848.462614
1240.0,1078,12942.187701
610.0,584,12998.289307
1425.0,784,13067.894153
395.0,531,13114.577817
455.0,619,13171.526364
470.0,588,13219.723108
935.0,615,13276.306658
450.0,546,13322.982887
225.0,390,13357.632205
730.0,538,13404.456114
1000.0,706,13471.423597
620.0,582,13519.618045
1215.0,809,13589.999392
785.0,623,13646.716312
550.0,540,13693.560537
995.0,828,13772.163318
685.0,600,13820.58618
860.0,976,13912.722298
620.0,662,13971.04414
1325.0,807,14041.155753
740.0,721,14108.821388
565.0,543,14155.928379
690.0,739,14224.341637
1065.0,988,14308.249695
795.0,750,14376.813256
1010.0,703,14443.83906
940.0,569,14491.55378
1160.0,1011,14583.236716
765.0,572,14630.89055
1065.0,899,14711.390292
1315.0,968,14801.776793
475.0,487,14839.0685
280.0,635,14896.386103
580.0,653,14954.216842
350.0,457,14998.311164
375.0,563,15047.036753
540.0,476,15091.63531
685.0,506,15136.876215
1395.0,1095,15230.844949
810.0,660,15288.539937
1330.0,1048,15389.500354
240.0,370,15415.437388
770.0,681,15481.987323
260.0,506,15527.906441
690.0,656,15585.609892
530.0,641,15643.097636
1025.0,965,15725.710608
1180.0,969,15808.624214
800.0,636,15865.833483
425.0,540,15920.154028
905.0,610,15968.887191
960.0,960,16059.301425
675.0,606,16107.778726
1345.0,697,16175.715963
770.0,710,16235.156123
980.0,645,16292.436334
500.0,556,16339.504461
445.0,388,16373.834639
710.0,658,16439.39318
1320.0,647,16496.768796
675.0,750,16557.420016
780.0,766,16625.940539
575.0,631,16682.889489
760.0,748,16750.991342
1255.0,817,16821.153112
905.0,772,16890.108495
385.0,520,16936.253543
740.0,723,17003.742867
785.0,679,17062.320612
330.0,376,17096.372625
900.0,1009,17187.917589
695.0,750,17256.029139
670.0,728,17316.077792
810.0,720,17384.965473
775.0,1038,17477.825571
580.0,710,17537.543245
755.0,613,17594.323768
750.0,530,17640.790624
560.0,580,17696.51474
940.0,761,17757.711871
905.0,692,17824.691438
1250.0,762,17893.641116
1175.0,778,17963.256005
450.0,623,18012.571858
135.0,465,18057.179898
1345.0,711,18124.662803
890.0,1020,18208.883792
275.0,525,18255.170935
710.0,612,18311.83729
750.0,987,18402.914285
395.0,437,18438.905162
580.0,697,18506.922275
895.0,895,18579.639897
940.0,729,18647.493004
350.0,427,18683.109556
365.0,575,18738.851281
860.0,771,18807.812778
725.0,568,18855.530237
65.0,418,18890.813922
1160.0,725,18958.595471
550.0,695,19017.64438
1020.0,970,19108.207299
360.0,536,19154.853453
1080.0,713,19214.555202
565.0,576,19270.300174
295.0,396,19305.065758
565.0,607,19361.633087
1025.0,731,19421.58129
1705.0,1141,19525.013259
780.0,568,19572.820598
840.0,680,19640.375388
425.0,493,19685.53239
1165.0,1030,19777.652364
640.0,663,19835.782773
920.0,555,19883.074756
960.0,659,19941.351922
1105.0,678,19999.775661
335.0,378,20033.944067
400.0,396,20068.478033
1185.0,710,20135.543475
1040.0,600,20184.250051
485.0,491,20229.588793
920.0,754,20298.069971
960.0,1033,20390.501165
285.0,447,20426.853855
690.0,563,20481.957193
995.0,570,20529.55496
955.0,961,20612.690206
1065.0,836,20691.704342
935.0,663,20750.126178
415.0,607,20808.035776
555.0,597,20856.516704
1010.0,966,20945.994501
470.0,575,20993.643664
660.0,459,21037.955648
1245.0,1035,21130.129124
1195.0,741,21198.222628
645.0,572,21245.675894
75.0,420,21281.176118
810.0,608,21337.612883
595.0,953,21419.958298
1005.0,776,21489.342324
1170.0,1029,21581.478906
835.0,568,21636.748141
640.0,519,21682.714575
875.0,521,21728.971941
890.0,1000,21812.98179
340.0,502,21858.729804
685.0,612,21915.45588
1175.0,852,21988.009365
1205.0,702,22054.867786
1295.0,771,22124.280486
805.0,586,22172.516178
175.0,454,22216.988898
480.0,414,22252.297368
490.0,446,22288.650291
815.0,658,22354.487791
975.0,689,22413.433792
1075.0,641,22471.171678
1275.0,962,22553.813606
785.0,717,22621.610049
955.0,712,22681.51069
1310.0,972,22772.461373
970.0,1031,22865.180256
690.0,666,22923.926868
645.0,593,22980.635065
150.0,447,23016.958085
695.0,548,23064.0363
475.0,571,23121.221834
1405.0,1214,23227.383898
725.0,682,23286.439874
1025.0,774,23355.578867
645.0,586,23411.557855
700.0,670,23470.004054
520.0,539,23516.714802
1065.0,756,23585.356148
925.0,1095,23680.293463
785.0,456,23724.71238
190.0,417,23760.137398
715.0,767,23829.388414
330.0,486,23874.771656
780.0,598,23923.315067
705.0,482,23968.797374
1280.0,846,24048.147674
970.0,733,24108.628337
625.0,699,24175.986816
1145.0,781,24245.288638
650.0,753,24315.520664
1125.0,981,24398.807154
935.0,737,24467.202395
1085.0,701,24527.084464
805.0,730,24595.123112
495.0,578,24643.240327
770.0,739,24711.510484
780.0,770,24781.040263
250.0,398,24815.846477
780.0,610,24872.391983
310.0,349,24898.14395
570.0,662,24964.250219
385.0,491,25001.61221
790.0,635,25059.271541
960.0,776,25128.887268
700.0,611,25185.695879
720.0,1029,25278.156617
695.0,495,25323.74543
170.0,412,25358.724289
285.0,431,25394.882674
1390.0,1151,25500.977812
870.0,963,25592.18631
1155.0,1059,25685.50424
585.0,628,25742.564018
400.0,534,25789.421559
285.0,516,25835.670928
1000.0,909,25916.437675
250.0,517,25962.604102
655.0,586,26010.893337
695.0,668,26069.057783
460.0,614,26125.743968
205.0,466,26170.339403
650.0,593,26218.911047
675.0,755,26287.788221
845.0,718,26355.240404
1425.0,955,26437.821778
515.0,528,26484.037672
790.0,1014,26575.879335
1350.0,837,26648.447601
865.0,708,26715.82327
430.0,554,26763.178795
400.0,436,26806.949479
420.0,476,26843.789051
925.0,717,26911.525537
785.0,767,26980.46547
130.0,316,27005.118385
405.0,522,27051.266457
1405.0,958,27141.093661
220.0,374,27167.440957
995.0,650,27224.978578
210.0,362,27258.644018
950.0,895,27338.826386
750.0,791,27408.238059
970.0,694,27474.939397
785.0,789,27544.341328
315.0,340,27569.165879
905.0,903,27649.456222
525.0,509,27695.08723
435.0,464,27741.030279
695.0,682,27799.625091
625.0,652,27857.355466
490.0,449,27893.827901
450.0,721,27961.393385
1030.0,804,28031.38484
500.0,410,28066.620807
485.0,648,28124.55395
580.0,617,28181.38991
290.0,488,28227.006547
655.0,482,28272.125735
825.0,641,28329.852244
485.0,555,28377.238708
515.0,579,28425.535423
935.0,827,28504.294289
375.0,420,28540.073125
640.0,654,28598.228219
715.0,618,28655.031882
255.0,372,28689.210514
175.0,337,28714.696693
855.0,766,28783.786188
605.0,578,28839.505993
475.0,739,28901.664755
605.0,675,28960.147542
455.0,417,29003.092381
535.0,489,29041.046277
205.0,357,29074.576319
1105.0,1103,29177.039268
190.0,356,29202.947181
290.0,535,29249.478527
1125.0,789,29327.30429
280.0,475,29364.428887
320.0,510,29410.270259
830.0,629,29467.679325
1000.0,855,29547.022091
650.0,520,29593.170163
930.0,617,29642.490749
390.0,519,29688.55688
180.0,428,29732.024933
555.0,507,29778.017354
650.0,477,29815.123584
185.0,420,29850.461763
505.0,479,29895.546124
245.0,460,29940.356593
485.0,534,29986.851279
385.0,442,30023.056228
385.0,597,30080.800436
495.0,732,30140.696273
470.0,425,30184.147941
730.0,655,30242.831654
400.0,580,30291.960686
205.0,352,30326.210479
775.0,707,30386.822014
830.0,672,30454.000541
525.0,516,30500.898401
1015.0,763,30563.170148
460.0,396,30598.724074
595.0,782,30669.270848
770.0,625,30727.334071
330.0,361,30761.598051
785.0,1039,30854.457947
1010.0,1154,30956.840531
445.0,604,31012.543367
475.0,583,31060.010581
530.0,846,31138.38229
445.0,573,31185.677593
610.0,712,31253.906228
805.0,754,31321.860305
330.0,374,31347.960633
240.0,464,31392.252585
565.0,423,31427.561275
340.0,686,31486.105401
555.0,584,31541.887541
685.0,498,31587.217599
735.0,699,31646.038305
655.0,734,31713.746081
460.0,539,31760.15711
835.0,1099,31861.692825
640.0,725,31921.365274
765.0,743,31989.37559
460.0,459,32025.912239
365.0,441,32069.572603
345.0,446,32105.582238
350.0,529,32151.630346
1055.0,772,32220.412922
370.0,539,32266.89633
200.0,453,32310.9786
455.0,641,32369.726149
795.0,1018,32461.115709
355.0,606,32509.79578
355.0,469,32554.266263
505.0,529,32600.480923
540.0,723,32668.190428
675.0,1033,32760.303296
725.0,709,32819.76534
635.0,619,32876.646802
210.0,343,32909.902312
460.0,556,32956.881655
315.0,554,33003.88565
695.0,658,33061.717039
890.0,1011,33153.044383
485.0,451,33189.132762
350.0,412,33231.989169
625.0,423,33267.278203
250.0,440,33302.91252
345.0,388,33337.131081
325.0,598,33393.072338
845.0,1154,33496.018422
650.0,713,33556.784826
785.0,900,33637.133988
795.0,794,33706.341716
825.0,775,33775.490709
845.0,639,33832.66584
895.0,799,33902.139573
490.0,495,33947.337046
535.0,415,33982.487377
1135.0,707,34048.982083
870.0,630,34105.6855
615.0,638,34162.690336
180.0,489,34199.934958
630.0,516,34245.723652
895.0,689,34311.940828
1110.0,749,34379.907496
750.0,829,34449.952445
315.0,493,34494.910997
360.0,600,34542.987771
1165.0,995,34633.584831
1335.0,668,34692.658789
655.0,637,34749.479542
630.0,751,34817.150475
195.0,389,34851.281929
730.0,592,34898.945568
885.0,695,34965.267486
360.0,460,35001.625951
260.0,363,35035.164658
550.0,534,35081.32186
520.0,705,35147.713409
350.0,581,35195.305553
530.0,481,35240.039359
465.0,605,35296.197465
250.0,477,35332.903779
345.0,603,35389.122513
915.0,859,35460.415584
680.0,635,35517.524937
670.0,844,35596.132031
750.0,601,35652.083627
110.0,321,35676.848959
240.0,571,35724.252707
425.0,489,35769.342817
955.0,796,35839.746509
795.0,1023,35931.494207
930.0,666,35989.566888
445.0,558,36044.516657
630.0,673,36103.015192
465.0,556,36150.058139
625.0,514,36196.066353
690.0,582,36251.783015
980.0,731,36311.671576
670.0,683,36377.898054
410.0,545,36424.5086
595.0,441,36460.572467
565.0,515,36506.620489
725.0,765,36575.208595
865.0,783,36644.568584
570.0,554,36691.732479
745.0,621,36748.363007
690.0,988,36839.459605
535.0,566,36887.061221
1290.0,1005,36980.363871
715.0,742,37048.246938
270.0,477,37085.366082
1045.0,960,37175.260909
620.0,716,37234.794949
330.0,447,37278.614405
390.0,546,37325.18622
430.0,700,37384.343366
420.0,585,37439.814758
280.0,391,37474.289908
185.0,464,37510.95988
545.0,649,37568.174337
560.0,564,37622.917307
780.0,897,37703.118676
565.0,894,37783.289171
755.0,649,37840.824112
320.0,587,37888.541734
295.0,507,37933.992066
720.0,677,37992.214386
550.0,620,38048.967217
945.0,1061,38143.277857
1120.0,1030,38234.823843
820.0,510,38280.253328
345.0,422,38315.663002
1085.0,1082,38416.468951
675.0,697,38474.940463
515.0,588,38530.292799
445.0,530,38576.360466
950.0,723,38635.516784
960.0,933,38724.167457
615.0,704,38782.768233
1200.0,700,38841.244035
920.0,1025,38932.473973
440.0,504,38977.478194
495.0,517,39023.213515
375.0,576,39078.463043
930.0,758,39146.521266
375.0,358,39172.148444
415.0,533,39218.301056
885.0,657,39277.55585
305.0,383,39311.488312
725.0,515,39357.292426
635.0,815,39434.848411
535.0,659,39492.272012
800.0,1025,39583.92459
745.0,1099,39677.603055
530.0,695,39744.15715
430.0,595,39792.331352
435.0,515,39838.041284
745.0,573,39885.564118
285.0,556,39940.732821
550.0,1029,40032.700986
905.0,619,40089.133886
420.0,537,40135.641151
1185.0,965,40218.157565
360.0,525,40264.267255
485.0,629,40321.36286
425.0,501,40366.741241
765.0,828,40438.288902
825.0,969,40528.067896
200.0,349,40553.346452
845.0,994,40643.958704
460.0,688,40702.124614
210.0,374,40735.957674
890.0,686,40802.022212
240.0,581,40849.630034
735.0,747,40917.440562
705.0,642,40974.523293
500.0,571,41021.951865
930.0,788,41091.193903
445.0,587,41146.744166
715.0,703,41205.741976
775.0,628,41262.60261
590.0,491,41307.443275
435.0,467,41343.928642
935.0,783,41420.800227
770.0,619,41469.822306
160.0,358,41503.400429
750.0,653,41562.375222
500.0,634,41619.528572
735.0,717,41686.773856
1025.0,776,41755.95637
760.0,1093,41849.329449
475.0,571,41896.551564
810.0,551,41951.235554
775.0,957,42032.668008
940.0,815,42102.576923
755.0,655,42160.272589
970.0,821,42238.057014
735.0,906,42318.632497
630.0,760,42387.11106
635.0,691,42445.673547
750.0,1021,42537.633801
1105.0,698,42596.506321
755.0,686,42662.92255
815.0,827,42734.720248
950.0,706,42793.634842
845.0,706,42860.528796
460.0,478,42905.126879
605.0,582,42952.867988
320.0,363,42986.539059
515.0,540,43032.652223
940.0,894,43112.378096
1570.0,1091,43205.628328
975.0,897,43285.821256
425.0,346,43318.870966
875.0,611,43375.05876
540.0,716,43434.137017
880.0,785,43503.148792
390.0,429,43546.652822
765.0,830,43616.938493
1210.0,792,43686.3525
665.0,552,43733.44769
790.0,1127,43835.952595
685.0,715,43904.304663
275.0,414,43939.426477
330.0,632,43996.225024
895.0,723,44055.768903
1005.0,962,44145.293997
985.0,1093,44238.650115
765.0,770,44307.161868
545.0,678,44365.342228
200.0,401,44400.014422
545.0,501,44445.118763
1020.0,646,44502.297402
425.0,770,44570.914809
1120.0,856,44649.573627
910.0,622,44705.954861
465.0,587,44753.662288
1390.0,731,44821.18472
650.0,574,44868.605282
445.0,498,44913.787398
1115.0,961,45004.493159
1020.0,632,45053.48138
380.0,479,45098.319107
620.0,954,45180.249367
970.0,831,45259.076603
925.0,710,45318.692439
1230.0,842,45397.576119
750.0,767,45466.252244
1230.0,917,45547.224373
745.0,572,45594.873906
575.0,1030,45687.393916
365.0,502,45732.676677
505.0,521,45778.772291
800.0,659,45836.779272
470.0,647,45894.290649
1090.0,681,45960.610916
535.0,447,45996.960679
130.0,310,46021.064173
400.0,579,46076.767655
495.0,428,46112.236998
940.0,792,46182.814533
650.0,507,46228.145091
810.0,831,46298.663581
290.0,362,46331.956772
325.0,559,46386.838649
490.0,443,46422.51301
570.0,540,46468.680778
275.0,399,46503.276194
815.0,835,46581.48746
235.0,471,46618.170697
775.0,787,46687.156952
945.0,954,46776.427109
615.0,716,46835.612772
640.0,523,46881.656307
625.0,621,46938.493588
640.0,689,46997.114363
605.0,520,47043.103126
955.0,1037,47135.108887
610.0,624,47192.148784
330.0,433,47235.464989
645.0,465,47271.968335
820.0,768,47342.442449
835.0,664,47400.299812
1300.0,1129,47503.348242
845.0,664,47561.150147
1065.0,644,47618.646979
1000.0,884,47698.327742
865.0,842,47769.596024
1230.0,833,47847.651177
795.0,797,47917.181091
1200.0,1096,48018.540541
970.0,1079,48112.052034
525.0,713,48171.484854
165.0,481,48216.479192
840.0,819,48286.634042
845.0,632,48343.433565
205.0,531,48390.008808
970.0,1091,48492.899703
1050.0,1031,48585.157765
795.0,709,48644.32529
410.0,438,48687.772724
285.0,464,48724.499073
945.0,765,48793.129376
745.0,741,48861.031055
610.0,580,48908.95394
755.0,704,48976.042068
285.0,340,49001.286117
850.0,1019,49092.590298
1190.0,645,49149.96921
1060.0,895,49230.255159
615.0,773,49299.059604
530.0,596,49354.913372
1255.0,742,49415.083494
460.0,518,49460.805314
645.0,1025,49552.415984
720.0,1030,49645.265733
260.0,456,49689.526704
535.0,657,49746.984659
500.0,472,49791.12737
600.0,704,49849.911737
200.0,521,49895.659667
1380.0,1034,49987.323808
770.0,704,50046.421154
650.0,617,50102.57334
410.0,582,50157.788187
585.0,659,50215.402436
1125.0,960,50297.095129
260.0,527,50343.140241
700.0,665,50400.655649
715.0,1017,50491.935461
330.0,647,50549.018848
1135.0,967,50638.620163
1005.0,1026,50730.261402
570.0,545,50778.167273
855.0,693,50836.911154
840.0,1046,50929.075518
555.0,433,50972.555902
450.0,891,51052.956628
340.0,602,51101.746567
935.0,970,51191.793136
695.0,598,51240.092621
625.0,635,51297.070816
640.0,577,51352.396657
630.0,908,51432.867402
795.0,682,51491.156963
475.0,493,51536.544143
1085.0,648,51594.047981
975.0,1032,51685.856892
1090.0,952,51767.926915
1125.0,907,51848.468608
1100.0,714,51916.761699
905.0,700,51976.066838
870.0,660,52034.053668
545.0,509,52079.716899
670.0,899,52160.379802
820.0,655,52218.224622
1305.0,781,52287.189424
755.0,625,52344.289694
270.0,425,52379.671118
430.0,533,52425.957276
1190.0,1061,52526.45198
675.0,507,52572.059377
230.0,459,52608.36071
980.0,730,52676.028428
825.0,752,52736.568554
1065.0,1028,52828.56048
400.0,593,52884.390553
710.0,570,52931.626915
1305.0,898,53011.947924
1080.0,1101,53115.064415
380.0,601,53170.928949
1005.0,737,53231.042139
970.0,820,53308.884377
845.0,699,53368.111247
1020.0,724,53435.84386
615.0,533,53482.161557
1080.0,1074,53575.698287
400.0,492,53620.770454
1215.0,952,53702.380347
480.0,659,53760.37508
465.0,558,53815.240005
725.0,721,53874.93499
835.0,956,53964.526444
815.0,627,54013.776466
885.0,664,54071.760472
1020.0,965,54161.936847
725.0,594,54218.709502
795.0,733,54278.335884
1085.0,634,54335.157001
530.0,570,54382.563426
665.0,647,54439.472166
885.0,647,54496.810682
390.0,461,54540.960362
930.0,970,54630.861589
940.0,1031,54722.366368
1295.0,683,54780.796433
1000.0,653,54838.181547
1085.0,727,54897.709705
1030.0,1030,54989.589097
1120.0,885,55069.117049
785.0,559,55123.942621
890.0,955,55206.046468
660.0,756,55274.797389
1235.0,731,55335.128547
880.0,784,55413.925261
1025.0,952,55495.691339
675.0,596,55551.545003
955.0,719,55611.600504
815.0,605,55668.142184
1065.0,790,55737.737077
350.0,496,55783.191816
1120.0,971,55865.555812
855.0,710,55932.800868
665.0,513,55978.950825
995.0,971,56061.253497
520.0,554,56108.311837
650.0,834,56186.75704
935.0,966,56269.359612
1295.0,951,56358.945142
570.0,1027,56450.839776
905.0,955,56534.16459
625.0,642,56591.659064
860.0,615,56648.273985
700.0,775,56717.490583
690.0,714,56777.419649
275.0,374,56811.465673
470.0,572,56866.886841
855.0,1021,56950.834817
555.0,524,56996.957
625.0,963,57087.079733
365.0,463,57123.792463
495.0,484,57168.891456
905.0,903,57249.69896
1065.0,905,57330.353535
640.0,612,57386.972795
1140.0,1079,57480.504498
1220.0,684,57546.945879
940.0,1027,57638.645092
745.0,663,57697.739303
1075.0,1027,57789.363177
860.0,635,57846.199803
840.0,907,57926.918654
870.0,588,57974.91063
840.0,964,58065.0092
1275.0,799,58134.844943
775.0,624,58191.647748
360.0,441,58227.760393
985.0,697,58286.759215
520.0,546,58333.648851
1180.0,1013,58425.50792
285.0,468,58469.91754
580.0,584,58517.976397
605.0,536,58571.890699
810.0,589,58619.917992
875.0,1098,58721.851166
795.0,656,58779.644901
870.0,948,58862.902484
1025.0,910,58943.60659
745.0,627,59000.79389
560.0,523,59046.899336
1080.0,744,59115.16488
705.0,682,59174.219216
1070.0,812,59244.393257
825.0,905,59325.696501
1285.0,1025,59418.277941
275.0,368,59452.435183
815.0,711,59512.398834
530.0,601,59568.708409
325.0,593,59624.909874
1045.0,758,59693.74499
830.0,909,59775.170699
740.0,766,59844.369806
1005.0,831,59915.887739
865.0,962,60000.207769
535.0,657,60058.307852
695.0,1048,60159.404392
685.0,736,60220.176718
615.0,906,60300.983923
490.0,655,60358.894943
725.0,619,60415.668454
495.0,564,60462.941147
435.0,401,60505.534035
895.0,682,60564.178992
845.0,896,60644.909159
1050.0,870,60716.542675
500.0,663,60782.311755
495.0,898,60862.870754
690.0,595,60911.049912
665.0,653,60968.823271
820.0,556,61016.004433
530.0,459,61060.273949
695.0,548,61107.026269
880.0,736,61176.220047
450.0,506,61221.486909
525.0,533,61267.654081
865.0,755,61336.043386
1185.0,1048,61428.518281
500.0,675,61486.846582
1035.0,908,61567.495231
810.0,959,61657.264165
430.0,573,61704.661622
500.0,491,61749.876762
860.0,679,61808.214137
380.0,401,61843.063298
775.0,969,61933.186086
855.0,788,62002.385514
945.0,1167,62106.103155
775.0,547,62153.043746
350.0,532,62199.383841
880.0,577,62247.3566
795.0,588,62304.483179
610.0,1024,62396.369019
820.0,697,62455.514107
665.0,577,62510.954747
850.0,585,62559.352963
840.0,845,62638.763056
785.0,496,62684.659524
660.0,590,62733.038479
775.0,594,62789.612252
910.0,982,62873.343142
645.0,530,62920.092751
930.0,519,62966.533178
1010.0,1034,63058.789174
805.0,523,63105.156685
605.0,532,63159.854746
540.0,670,63218.461564
980.0,969,63301.507644
605.0,661,63359.609123
920.0,610,63416.192109
830.0,715,63485.055509
820.0,1093,63579.481422
520.0,957,63662.25902
595.0,572,63717.908818
885.0,770,63787.160696
560.0,587,63835.65097
390.0,527,63882.350624
865.0,642,63940.084977
1130.0,1032,64032.884153
545.0,521,64079.36287
310.0,412,64114.472784
875.0,613,64171.23208
500.0,473,64216.039451
295.0,530,64262.784626
545.0,564,64310.379009
1150.0,987,64401.074078
730.0,685,64459.868129
675.0,455,64504.228926
365.0,384,64538.331768
935.0,762,64600.69084
1020.0,589,64656.300969
955.0,700,64715.370059
535.0,660,64781.390097
780.0,1025,64865.785378
445.0,477,64910.588884
400.0,571,64965.789233
385.0,395,65000.60481
465.0,641,65058.094303
770.0,594,65105.999022
690.0,482,65151.153186
395.0,443,65187.358299
390.0,486,65232.482814
460.0,443,65268.38102
425.0,653,65326.007006
370.0,592,65381.688254
290.0,405,65416.560596
585.0,642,65473.514773
745.0,574,65521.219366
445.0,518,65567.08346
730.0,712,65634.178007
670.0,980,65716.80244
625.0,891,65798.048037
445.0,568,65853.073207
625.0,766,65921.891952
635.0,646,65979.486096
1230.0,950,66061.375025
685.0,765,66129.943193
865.0,851,66208.909387
920.0,967,66291.576219
590.0,585,66347.293682
465.0,650,66405.090222
670.0,1000,66488.590208
675.0,586,66544.445439
855.0,614,66601.131841
530.0,666,66659.308973
865.0,968,66741.745365
365.0,592,66798.155421
695.0,423,66833.723267
420.0,393,66868.316136
245.0,476,66914.72222
970.0,691,66973.902775
460.0,479,67018.883865
755.0,715,67078.842205
610.0,619,67135.890646
510.0,507,67181.779275
725.0,636,67239.00236
655.0,961,67321.987642
655.0,652,67379.538496
615.0,768,67448.893287
450.0,684,67507.93306
730.0,633,67565.028121
825.0,797,67642.82263
670.0,604,67691.595396
680.0,901,67772.792742
690.0,764,67841.648338
385.0,413,67876.875047
570.0,602,67933.848272
620.0,741,68002.365561
575.0,629,68051.756545
305.0,504,68098.904799
465.0,396,68133.545387
465.0,390,68168.055144
1060.0,1025,68260.549666
870.0,885,68340.863072
855.0,969,68431.572862
790.0,586,68480.074176
345.0,397,68514.799439
645.0,576,68570.447829
445.0,539,68617.196076
865.0,675,68675.986638
465.0,556,68723.295528
580.0,500,68768.792005
685.0,619,68825.902604
825.0,731,68893.6308
555.0,896,68966.823918
1015.0,829,69045.272402
335.0,356,69078.863834
405.0,540,69125.889708
845.0,676,69184.572387
705.0,897,69266.421522
545.0,629,69323.807953
415.0,649,69381.555162
920.0,891,69462.105134
725.0,646,69519.858754
815.0,936,69601.847608
710.0,958,69684.532863
1240.0,1029,69777.144516
465.0,539,69824.159649
675.0,563,69879.329713
750.0,719,69938.89098
500.0,1033,70031.420542
520.0,687,70098.006351
745.0,816,70168.253268
615.0,573,70215.893009
800.0,927,70305.023715
215.0,392,70339.430897
585.0,906,70421.183338
695.0,730,70481.365988
700.0,633,70538.934406
495.0,977,70629.848482
445.0,633,70687.160651
590.0,1014,70771.501407
545.0,709,70838.76849
525.0,1026,70931.266787
325.0,552,70978.367132
495.0,613,71035.231729
810.0,967,71117.763448
475.0,596,71174.007296
600.0,705,71233.384801
240.0,380,71267.884957
490.0,679,71326.67801
705.0,764,71395.749746
735.0,921,71484.719017
600.0,639,71535.833835
370.0,522,71582.02269
595.0,967,71673.04756
360.0,538,71720.034487
595.0,668,71778.508573
335.0,512,71824.238105
130.0,332,71857.096701
530.0,712,71916.57066
565.0,965,72007.148369
630.0,889,72087.715957
280.0,527,72134.457609
525.0,1009,72218.031135
445.0,631,72275.178661
740.0,1025,72367.310928
205.0,528,72413.452235
500.0,957,72503.64573
670.0,907,72584.713756
260.0,473,72621.681725
465.0,534,72675.963417
470.0,601,72725.782115
365.0,557,72773.018288
405.0,679,72839.405262
535.0,683,72898.368133
470.0,581,72946.100273
580.0,910,73026.940434
645.0,1019,73118.661505
635.0,999,73210.386394
295.0,539,73257.207576
510.0,677,73323.600682
575.0,727,73383.494571
355.0,583,73439.185215
420.0,620,73488.373902
560.0,771,73557.563262
520.0,769,73626.551012
280.0,484,73671.765901
475.0,646,73729.060797
650.0,960,73811.105303
665.0,701,73879.172552
300.0,531,73925.460432
290.0,559,73972.77493
435.0,624,74029.688262
350.0,647,74087.341005
610.0,1020,74179.541807
235.0,406,74214.387264
140.0,336,74247.384102
570.0,1027,74340.195719
420.0,572,74388.046704
465.0,620,74444.833474
345.0,439,74481.052579
565.0,966,74571.277775
380.0,644,74629.012378
370.0,563,74676.218528
555.0,818,74746.964179
455.0,762,74815.990874
580.0,966,74906.452887
625.0,1140,75003.539678
265.0,556,75058.431355
295.0,505,75104.356031
355.0,534,75150.817387
510.0,760,75219.645287
265.0,547,75266.832165
555.0,810,75337.05176
635.0,898,75417.988096
520.0,725,75485.861408
595.0,780,75555.374393
590.0,896,75635.949137
490.0,686,75695.043315
300.0,425,75730.791126
445.0,531,75777.45995
500.0,962,75867.78248
495.0,956,75950.117446
620.0,780,76019.862691
560.0,957,76110.444784
300.0,439,76146.68556
405.0,567,76195.771961
310.0,615,76252.671254
330.0,484,76297.865528
560.0,761,76366.608991
245.0,425,76402.14299
335.0,529,76448.407825
240.0,484,76493.579908
260.0,520,76539.642915
365.0,572,76587.228192
380.0,518,76632.929939
615.0,951,76715.11412
365.0,552,76769.519161
330.0,712,76828.953759
370.0,500,76874.466607
395.0,971,76964.680966
575.0,680,77023.125463
245.0,358,77056.862221
625.0,965,77139.178261
360.0,475,77183.988703
465.0,588,77232.112434
410.0,617,77288.967382
580.0,707,77350.170021
545.0,964,77440.567568
480.0,522,77487.023714
465.0,781,77556.844456
495.0,1031,77649.922336
425.0,625,77707.610907
350.0,627,77765.243881
615.0,966,77848.182217
560.0,812,77919.072378
605.0,891,77999.73154
400.0,689,78066.861005
390.0,566,78114.604597
415.0,558,78162.281832
420.0,626,78219.832659
235.0,431,78255.768225
260.0,554,78310.808366
555.0,731,78371.242183
255.0,455,78415.852977
490.0,632,78474.314341
465.0,628,78531.678322
395.0,566,78579.106346
285.0,535,78625.890212
590.0,1032,78718.332378
310.0,437,78754.376858
400.0,747,78823.184177
440.0,629,78880.429032
550.0,1019,78972.875358
455.0,548,79019.994887
390.0,521,79066.02565
615.0,1084,79160.419398
360.0,586,79216.621747
385.0,574,79264.901576
550.0,963,79355.339847
440.0,554,79402.730588
600.0,974,79493.742572
415.0,603,79542.387846
300.0,523,79588.840621
595.0,897,79671.01405
490.0,750,79739.643964
645.0,959,79830.643714
555.0,963,79913.968708
365.0,459,79958.551636
315.0,423,79994.31829
405.0,573,80042.421276
590.0,965,80133.35332
520.0,699,80192.94536
500.0,760,80262.227242
490.0,985,80354.156514
460.0,701,80413.863274
625.0,972,80504.88602
300.0,562,80552.569585
665.0,953,80635.132987
520.0,684,80702.021799
540.0,760,80763.372153
270.0,571,80820.477568
425.0,698,80879.948165
525.0,1014,80972.18076
600.0,777,81042.011364
435.0,674,81101.033854
440.0,690,81168.216927
285.0,425,81204.072789
425.0,633,81261.55474
460.0,741,81322.390432
385.0,591,81379.006657
425.0,523,81425.670334
260.0,528,81472.120815
430.0,655,81530.429272
505.0,662,81588.658081
325.0,524,81635.232989
605.0,1019,81728.149347
265.0,405,81763.317899
385.0,443,81807.538227
570.0,760,81876.578183
650.0,908,81959.095371
535.0,685,82018.224511
460.0,702,82077.593904
440.0,612,82134.55251
550.0,568,82182.337948
355.0,520,82228.552902
320.0,581,82284.53395
580.0,673,82342.905567
280.0,532,82389.390457
475.0,906,82470.345547
460.0,513,82516.423999
610.0,953,82599.241355
560.0,708,82666.48068
375.0,530,82713.464517
550.0,960,82798.939212
205.0,489,82845.720762
410.0,519,82893.059076
510.0,604,82950.569792
360.0,517,82997.568304
380.0,546,83045.397964
280.0,457,83090.291382
460.0,667,83151.09626
375.0,587,83200.363509
525.0,686,83268.133467
600.0,1017,83352.959482
620.0,714,83420.114825
305.0,465,83464.494409
350.0,520,83510.418301
215.0,434,83546.260778
555.0,723,83605.834288
560.0,906,83686.460585
220.0,360,83719.79292
540.0,903,83800.016228
590.0,629,83857.076838
510.0,960,83939.168331
590.0,767,84007.892281
605.0,888,84088.117343
465.0,607,84144.472932
635.0,750,84212.440481
230.0,364,84246.167623
480.0,687,84306.35111
475.0,614,84363.001416
625.0,900,84443.69068
455.0,558,84491.070062
575.0,958,84573.778022
460.0,609,84630.252542
340.0,436,84666.236943
600.0,902,84747.088974
525.0,895,84827.347343
360.0,453,84871.579884
405.0,528,84917.915271
525.0,770,84986.908034
595.0,610,85035.613825
530.0,709,85102.679277
530.0,1023,85194.402059
555.0,713,85254.020327
545.0,665,85312.185567
420.0,641,85369.701604
340.0,613,85426.399694
535.0,1016,85519.736297
245.0,530,85566.356052
370.0,495,85611.781919
620.0,785,85681.180339
495.0,1029,85773.530379
240.0,403,85808.503768
490.0,901,85889.153692
565.0,857,85968.380725
480.0,657,86026.404764
670.0,679,86084.53327
460.0,597,86140.517845
505.0,1030,86232.655726
485.0,607,86281.292928
525.0,628,86338.326232
535.0,961,86420.787016
385.0,580,86476.326899
545.0,967,86559.015033
595.0,650,86618.202333
630.0,1076,86719.400197
275.0,512,86765.365274
540.0,882,86845.08869
565.0,700,86903.75364
630.0,1013,86995.167371
475.0,616,87051.540801
590.0,829,87122.22649
530.0,904,87202.617364
605.0,848,87281.49466
430.0,634,87330.64148
385.0,636,87387.442389
235.0,473,87432.008981
550.0,701,87490.661329
460.0,730,87557.798299
415.0,543,87604.233714
390.0,562,87659.076463
265.0,522,87704.955349
420.0,568,87753.282879
740.0,954,87835.149873
600.0,912,87915.916287
380.0,590,87971.948822
395.0,434,88007.685735
535.0,709,88074.790246
205.0,447,88110.892142
495.0,594,88166.873364
405.0,571,88214.450579
420.0,599,88270.408932
390.0,571,88318.06531
485.0,962,88407.877411
515.0,649,88465.529544
470.0,569,88512.949438
345.0,502,88558.324116
425.0,562,88605.721765
355.0,607,88662.031172
325.0,482,88706.893248
515.0,651,88764.687374
620.0,965,88846.777627
480.0,672,88906.414977
575.0,698,88972.880787
580.0,765,89041.558531
590.0,888,89114.038222
270.0,392,89148.725144
675.0,893,89229.3039
610.0,902,89310.013546
375.0,536,89356.806523
330.0,568,89411.968617
540.0,952,89494.267524
600.0,958,89584.877893
470.0,677,89643.602388
515.0,1035,89736.485403
385.0,568,89784.107559
560.0,913,89865.140267
525.0,898,89945.929848
600.0,889,90026.148358
500.0,643,90084.901843
290.0,406,90119.778241
120.0,354,90153.354013
515.0,660,90211.075648
605.0,846,90289.958825
560.0,715,90349.67031
600.0,628,90406.672844
600.0,969,90489.369622
400.0,638,90546.683395
580.0,880,90626.377807
650.0,726,90693.831528
470.0,716,90753.392795
590.0,968,90843.28943
565.0,965,90925.299174
185.0,406,90960.317771
635.0,901,91040.795743
510.0,714,91108.501262
595.0,733,91176.424566
195.0,370,91203.975098
550.0,704,91270.954067
430.0,581,91318.869155
770.0,971,91409.168614
300.0,409,91444.214699
580.0,721,91511.697359
505.0,619,91560.398501
575.0,1090,91661.513041
565.0,728,91721.101557
240.0,455,91765.317843
325.0,552,91812.343441
315.0,467,91856.562672
620.0,838,91927.248324
220.0,516,91972.828048
685.0,1025,92064.340141
355.0,546,92110.973857
430.0,570,92165.848312
240.0,363,92191.6212
605.0,642,92248.694041
500.0,814,92326.19728
350.0,579,92374.907395
435.0,649,92432.21069
530.0,717,92499.268952
420.0,602,92547.65546
540.0,908,92628.224357
540.0,667,92694.180441
570.0,907,92774.423166
550.0,959,92856.79824
470.0,565,92904.144509
585.0,653,92962.083992
230.0,363,92995.762585
585.0,945,93085.542434
415.0,475,93122.504421
580.0,709,93189.854813
235.0,359,93216.051045
340.0,565,93271.197242
640.0,965,93353.955227
420.0,566,93409.314753
390.0,577,93457.214065
535.0,695,93517.632957
220.0,439,93561.026492
635.0,959,93643.647863
450.0,612,93700.121616
505.0,614,93756.557883
560.0,760,93825.277227
365.0,561,93872.574082
220.0,360,93906.303033
250.0,405,93941.269228
425.0,653,93999.2474
265.0,488,94036.712381
460.0,652,94094.809689
455.0,715,94162.549609
405.0,615,94219.44366
420.0,600,94268.174925
580.0,718,94336.017119
305.0,482,94381.430012
585.0,937,94463.461468
480.0,651,94521.279531
545.0,753,94589.86517
270.0,458,94626.586601
600.0,948,94717.654618
360.0,576,94765.441841
610.0,761,94834.368654
640.0,1086,94928.083302
500.0,693,94994.844006
620.0,1014,95086.420692
260.0,415,95121.644703
580.0,972,95204.441308
520.0,961,95294.624118
470.0,660,95352.847486
265.0,468,95389.681573
430.0,629,95446.959406
605.0,774,95516.238411
580.0,971,95606.711443
590.0,1000,95698.155819
480.0,647,95748.167883
510.0,714,95816.758941
575.0,948,95898.711182
320.0,504,95944.599438
510.0,967,96034.844857
645.0,815,96104.955897
480.0,656,96162.872699
315.0,415,96198.018292
645.0,887,96278.291631
540.0,1020,96370.143665
490.0,963,96459.990202
320.0,470,96496.924702
575.0,751,96565.262288
450.0,609,96621.526158
555.0,667,96679.862871
590.0,839,96750.65238
505.0,614,96807.055799
530.0,674,96865.174041
465.0,928,96946.022824
485.0,763,97015.95772
415.0,570,97071.496709
610.0,972,97154.426751
430.0,710,97221.577191
630.0,959,97303.873277
515.0,967,97394.422365
250.0,411,97429.637009
505.0,965,97512.661502
545.0,970,97603.303909
555.0,964,97685.920162
620.0,643,97743.479311
335.0,506,97789.26142
650.0,966,97879.664131
485.0,972,97962.228423
395.0,574,98017.594285
320.0,538,98063.937377
260.0,474,98100.468671
600.0,840,98180.454637
545.0,624,98237.109635
725.0,1076,98330.232353
595.0,959,98411.919035
505.0,634,98469.071444
405.0,566,98524.138808
490.0,629,98573.300267
490.0,572,98628.656627
535.0,700,98687.648593
655.0,779,98756.467313
410.0,651,98814.085036
300.0,502,98859.509429
525.0,693,98926.249406
555.0,650,98983.933238
260.0,458,99020.454442
560.0,754,99088.688808
430.0,679,99146.956867
395.0,512,99192.657992
415.0,474,99237.15723
585.0,1016,99329.926898
540.0,893,99410.353867
455.0,582,99458.158437
555.0,667,99516.590296
300.0,559,99563.94195
290.0,405,99606.483799
630.0,952,99689.021394
260.0,484,99734.269333
510.0,902,99815.163045
600.0,852,99886.479857
350.0,517,99932.893533
495.0,772,100001.882369
290.0,511,100047.80389
520.0,734,100115.834094
335.0,420,100151.223624
550.0,653,100208.521989
380.0,560,100255.616471
540.0,894,100335.729568
465.0,615,100392.304567
550.0,841,100472.792797
630.0,691,100531.522344
540.0,576,100579.45661
280.0,426,100622.866723
505.0,898,100703.33918
355.0,444,100739.81207
300.0,483,100785.207315
505.0,955,100867.504626
310.0,408,100902.784716
380.0,573,100958.519644
120.0,336,100983.751931
275.0,509,101029.793999
345.0,527,101076.199369
430.0,634,101133.446537
605.0,663,101191.733136
280.0,458,101236.239846
410.0,497,101274.049901
545.0,765,101342.86244
425.0,472,101387.680547
345.0,627,101444.561079
530.0,692,101503.263078
400.0,501,101548.623697
660.0,887,101630.468396
345.0,432,101666.07336
640.0,1009,101757.789911
430.0,526,101803.795719
485.0,665,101861.740254
490.0,968,101952.465384
445.0,591,102000.807476
350.0,532,102047.083845
525.0,735,102115.396144
540.0,914,102196.505651
565.0,847,102275.679253
240.0,405,102310.870149
515.0,647,102368.5625
545.0,664,102426.603413
595.0,1036,102518.745764
550.0,711,102578.002072
595.0,679,102644.209566
515.0,685,102703.082088
510.0,873,102783.658126
440.0,505,102829.26278
605.0,958,102911.20079
505.0,962,102993.296487
340.0,453,103037.317905
525.0,936,103118.974157
530.0,912,103199.826665
545.0,971,103290.464437
640.0,961,103373.26582
610.0,894,103453.68989
415.0,475,103498.527332
530.0,621,103555.374452
360.0,474,103592.507564
520.0,843,103671.632479
650.0,912,103752.565534
465.0,683,103811.539335
660.0,965,103903.011501
505.0,1017,103987.16369
660.0,1095,104089.205603
555.0,969,104171.925776
545.0,936,104261.804356
570.0,666,104320.272581
560.0,970,104403.6626
585.0,600,104459.999281
595.0,906,104541.447347
330.0,464,104586.397984
620.0,928,104668.458204
545.0,773,104738.219623
475.0,956,104820.872775
505.0,502,104866.596671
380.0,534,104913.380076
580.0,966,105004.232872
690.0,917,105087.525511
305.0,583,105135.521905
485.0,634,105193.213838
370.0,566,105241.032977
505.0,629,105298.628514
435.0,504,105344.751348
645.0,772,105414.182788
535.0,955,105496.984907
250.0,400,105539.544538
500.0,761,105600.944968
560.0,876,105681.312667
550.0,623,105738.719695
345.0,533,105785.378893
255.0,459,105829.853125
370.0,528,105876.300457
420.0,522,105922.484496
580.0,698,105981.762224
620.0,764,106050.806341
315.0,485,106095.713804
320.0,409,106131.041309
595.0,905,106212.887565
475.0,646,106270.648546
630.0,990,106361.681534
495.0,590,106410.005864
580.0,647,106467.843669
550.0,965,106558.126543
620.0,702,106617.256628
445.0,587,106665.117005
440.0,703,106732.0414
620.0,890,106812.285686
520.0,613,106868.574729
625.0,715,106928.120414
620.0,622,106984.717525
605.0,972,107067.218976
565.0,939,107157.022523
465.0,547,107204.01974
615.0,960,107286.76441
315.0,532,107333.452604
560.0,685,107401.67274
350.0,462,107438.427972
475.0,709,107505.53889
725.0,849,107577.006105
500.0,630,107634.188506
590.0,1009,107725.882844
530.0,747,107794.238353
545.0,696,107853.283937
555.0,895,107933.824962
705.0,958,108016.408063
315.0,462,108060.644871
570.0,847,108139.685565
475.0,614,108188.729023
290.0,411,108223.877875
595.0,966,108314.298249
220.0,430,108350.112616
550.0,905,108430.740759
435.0,604,108487.157676
595.0,1021,108580.554388
460.0,586,108628.767648
410.0,533,108675.399512
615.0,860,108755.367942
415.0,605,108812.064199
695.0,955,108894.900727
565.0,904,108976.048575
390.0,546,109023.217889
430.0,502,109069.195311
470.0,644,109127.400532
640.0,974,109218.470289
560.0,719,109278.634319
280.0,455,109323.371207
635.0,1009,109415.216244
640.0,964,109498.130767
415.0,473,109543.123239
565.0,744,109603.676311
655.0,876,109685.250241
320.0,535,109731.992163
395.0,534,109778.201178
605.0,903,109859.280382
645.0,1018,109951.282067
620.0,894,110031.429923
395.0,481,110076.31599
320.0,569,110124.126146
660.0,781,110193.403352
530.0,952,110283.124488
580.0,637,110340.396366
425.0,645,110397.65295
490.0,628,110446.889173
405.0,618,110503.611625
520.0,961,110593.532254
480.0,667,110651.807692
610.0,688,110710.795015
625.0,903,110791.699471
580.0,973,110883.975378
675.0,747,110944.990318
475.0,621,111002.065625
415.0,546,111049.113839
500.0,913,111138.248129
650.0,969,111221.035192
435.0,702,111280.655137
575.0,885,111361.043753
560.0,743,111429.399907
580.0,956,111511.902915
595.0,949,111602.158913
335.0,468,111638.788393
315.0,439,111682.29588
420.0,582,111730.045961
400.0,566,111784.986979
330.0,547,111831.612586
675.0,910,111911.822247
650.0,964,111994.653981
645.0,908,112074.53371
505.0,618,112130.578304
245.0,415,112165.367453
250.0,412,112200.110238
570.0,544,112253.864417
610.0,889,112332.968658
305.0,514,112370.53511
595.0,639,112427.077583
560.0,869,112505.335294
535.0,705,112571.239959
545.0,885,112642.227716
490.0,629,112698.393316
