#{"t_start": 1680587897.9268234, "env_id": "AirRaidNoFrameskip-v4"}
r,l,t
1650.0,950,54.292326
1875.0,1203,119.789715
1300.0,833,169.351025
1675.0,1182,235.275429
2400.0,1667,330.07252
2900.0,1539,418.196807
2325.0,1414,499.189703
1425.0,891,550.630371
450.0,331,571.816027
1450.0,822,616.936433
1750.0,787,661.573879
900.0,865,712.677421
600.0,349,734.162378
900.0,484,759.196526
1825.0,1251,832.504134
2575.0,1582,921.850082
725.0,543,957.066778
450.0,465,980.612545
725.0,310,1001.504196
1225.0,789,1046.111606
750.0,534,1076.111037
2375.0,1270,1149.840453
775.0,393,1172.132273
950.0,528,1201.928154
675.0,411,1224.553365
3925.0,1974,1341.586131
775.0,449,1364.707973
1900.0,1338,1444.649216
800.0,521,1474.18241
500.0,404,1497.918445
700.0,340,1514.00959
2750.0,1476,1601.382789
1850.0,1419,1682.509436
225.0,248,1697.126363
1700.0,1074,1756.860587
725.0,605,1793.012224
1975.0,1351,1873.00891
1675.0,1029,1931.947335
2425.0,1201,1999.084976
1525.0,804,2043.902629
225.0,161,2051.835223
1275.0,696,2094.746456
675.0,313,2110.456657
2475.0,1533,2198.805001
675.0,308,2220.854425
975.0,372,2242.76395
1875.0,1073,2302.60557
275.0,247,2317.138186
1325.0,764,2361.291821
575.0,382,2383.368234
900.0,640,2420.259258
2475.0,1314,2494.449249
825.0,547,2524.524458
425.0,454,2553.035821
350.0,330,2568.984032
775.0,518,2598.490531
975.0,748,2642.370182
400.0,320,2663.40871
1900.0,1251,2731.562202
325.0,359,2753.291856
3450.0,1672,2849.407723
675.0,540,2879.438843
2300.0,1356,2960.851101
4950.0,2547,3108.205876
950.0,611,3144.643389
1625.0,870,3190.755836
1400.0,816,3240.967186
275.0,231,3255.310785
6125.0,3372,3447.994937
700.0,521,3477.654046
1975.0,1105,3543.340852
2925.0,1468,3625.722317
350.0,310,3641.442063
3800.0,2252,3774.849296
975.0,783,3819.391685
1650.0,963,3877.489213
550.0,434,3900.497732
1575.0,860,3951.587682
425.0,354,3967.965992
950.0,453,3996.45939
975.0,919,4048.528256
4250.0,2302,4181.454297
1300.0,844,4232.331162
400.0,239,4246.83529
1875.0,904,4298.928538
425.0,271,4314.044176
4650.0,2467,4456.927069
2700.0,1797,4560.872259
2125.0,1285,4635.191513
1450.0,918,4687.488533
250.0,191,4701.149654
1775.0,1002,4754.929848
2500.0,1465,4842.727236
1525.0,1018,4901.898474
825.0,546,4932.135182
600.0,311,4953.092065
2575.0,1440,5035.136183
2750.0,1508,5123.54419
1450.0,762,5162.628227
1875.0,976,5222.08719
1425.0,919,5274.283489
550.0,425,5302.352033
1600.0,1017,5356.209797
125.0,203,5370.079454
725.0,429,5393.076812
4025.0,2028,5511.046225
825.0,540,5540.975709
325.0,225,5555.146303
1425.0,737,5598.866322
1825.0,1262,5672.222141
3225.0,1582,5761.43355
2375.0,1475,5848.646147
800.0,447,5871.806948
2875.0,1484,5960.492782
600.0,295,5975.930799
800.0,524,6005.570214
2075.0,1215,6072.963379
950.0,652,6115.219038
2675.0,1614,6205.107285
750.0,512,6234.592447
475.0,409,6257.105153
925.0,564,6292.68017
900.0,490,6321.827701
2775.0,1397,6397.611004
700.0,460,6426.204471
350.0,342,6447.62158
1250.0,685,6485.262202
3275.0,1813,6588.730815
3325.0,1890,6700.117803
500.0,308,6715.775216
650.0,432,6743.908691
1450.0,796,6788.596575
275.0,346,6810.089662
625.0,545,6840.158377
950.0,567,6870.669289
550.0,302,6891.402864
950.0,823,6936.619853
825.0,553,6966.822693
775.0,477,6995.786523
200.0,334,7017.116159
1825.0,1040,7076.488292
500.0,359,7092.968683
525.0,317,7113.954354
1775.0,1040,7173.420052
3475.0,2098,7292.474921
1325.0,763,7336.751256
100.0,283,7357.159042
575.0,453,7380.505228
600.0,502,7411.049612
975.0,590,7447.115308
2725.0,1752,7544.710413
2825.0,1538,7633.369819
1750.0,1212,7706.002321
925.0,577,7736.697431
900.0,569,7772.382325
675.0,367,7789.108282
775.0,446,7817.553215
250.0,196,7826.113188
150.0,218,7840.226994
2100.0,1072,7900.083089
275.0,304,7920.842407
1850.0,1000,7979.566792
750.0,559,8009.949989
5450.0,2867,8174.942736
975.0,630,8211.782631
950.0,754,8255.921988
325.0,216,8270.037835
1700.0,1087,8330.429905
800.0,406,8353.10949
450.0,349,8374.740887
450.0,361,8396.619477
1175.0,848,8447.92518
800.0,487,8471.982135
525.0,409,8499.882879
1800.0,1292,8574.431833
1325.0,701,8612.648818
100.0,152,8620.503736
675.0,459,8649.317485
800.0,453,8672.789074
2375.0,1494,8761.18676
275.0,204,8775.096278
850.0,598,8806.234338
475.0,429,8834.4183
350.0,475,8858.228699
500.0,431,8887.622754
1250.0,782,8932.091224
450.0,356,8948.651328
1350.0,864,9000.042476
2425.0,1721,9102.467606
800.0,477,9126.250626
1575.0,1191,9198.698822
1750.0,907,9250.705193
3425.0,1649,9346.745153
1175.0,860,9392.802517
825.0,521,9422.499636
425.0,338,9443.882875
1400.0,732,9487.660991
275.0,178,9495.920767
1150.0,1058,9555.519549
1900.0,1475,9644.228435
1450.0,977,9697.086239
2425.0,1544,9785.568079
325.0,255,9800.293988
650.0,442,9828.549091
125.0,227,9842.812526
2375.0,1590,9932.295482
475.0,350,9953.815774
1400.0,632,9990.522516
625.0,338,10006.655748
1200.0,872,10057.816859
500.0,592,10093.792564
275.0,251,10108.412302
875.0,653,10145.507317
1175.0,972,10198.537097
950.0,646,10235.529247
775.0,402,10257.995898
775.0,506,10287.422208
250.0,247,10301.979949
875.0,384,10324.102081
625.0,506,10353.477398
900.0,625,10391.237084
975.0,736,10434.929712
350.0,405,10457.458767
700.0,559,10487.78196
450.0,412,10515.585179
750.0,503,10539.716635
400.0,400,10567.335034
675.0,390,10589.617734
550.0,585,10620.383352
600.0,462,10649.026714
350.0,310,10664.679429
1200.0,821,10715.031976
375.0,279,10730.142024
450.0,335,10746.21015
700.0,506,10775.641592
2500.0,1444,10862.685676
275.0,274,10877.703927
375.0,299,10893.073805
375.0,324,10908.96128
550.0,529,10943.975591
1800.0,915,10996.003402
575.0,511,11025.536636
975.0,440,11048.633004
825.0,488,11077.721687
850.0,548,11109.087875
2250.0,1738,11211.416193
825.0,565,11241.887768
525.0,582,11277.850348
350.0,227,11286.926275
175.0,364,11308.778148
375.0,396,11331.150653
1475.0,895,11382.88808
275.0,328,11404.079991
700.0,533,11434.0563
325.0,340,11455.422879
2375.0,1439,11537.303179
3225.0,1938,11648.373351
1625.0,978,11706.714735
500.0,272,11721.766935
2000.0,1043,11781.177227
900.0,617,11817.714549
700.0,412,11840.334849
2775.0,1572,11930.644831
1350.0,862,11981.782197
325.0,250,11996.495548
400.0,189,12005.001469
75.0,142,12012.607856
2200.0,1145,12078.864378
900.0,525,12108.583446
1975.0,990,12167.100303
1375.0,853,12218.051427
850.0,524,12247.795211
675.0,583,12278.679892
2825.0,1694,12380.749429
2675.0,1772,12479.338833
1975.0,1105,12545.479406
1350.0,843,12598.055706
3600.0,1878,12703.618374
675.0,431,12731.85737
725.0,384,12754.154148
2250.0,1003,12808.010458
325.0,380,12830.185236
475.0,474,12859.111053
350.0,444,12887.54196
1125.0,894,12934.245833
200.0,152,12947.258578
975.0,553,12977.53596
1400.0,711,13021.03489
1675.0,861,13067.105972
875.0,460,13095.805005
1575.0,893,13147.682236
2550.0,1592,13237.465056
1950.0,1052,13297.121212
775.0,658,13340.690881
525.0,312,13356.435724
950.0,480,13385.4197
2775.0,1729,13482.859779
600.0,323,13503.990066
775.0,434,13527.079105
825.0,476,13555.966276
1200.0,733,13594.491891
1275.0,1032,13653.715297
3475.0,1961,13770.079365
200.0,243,13784.575335
200.0,183,13792.877959
1300.0,516,13822.307908
1550.0,710,13865.480697
775.0,488,13889.371295
500.0,414,13917.145372
1575.0,832,13962.375299
825.0,507,13991.789
1775.0,926,14043.91497
1575.0,883,14096.422853
1350.0,886,14147.885558
1225.0,644,14184.893474
2450.0,1360,14265.312407
1900.0,1197,14332.574147
1275.0,1012,14391.477451
975.0,681,14429.007911
475.0,295,14449.641979
575.0,382,14471.727633
1250.0,760,14510.704597
2000.0,1045,14575.308484
675.0,432,14598.228539
1325.0,712,14636.331111
575.0,352,14657.924562
700.0,350,14679.502661
3575.0,2072,14797.996289
650.0,448,14827.611339
1725.0,881,14873.894716
375.0,456,14902.425444
625.0,336,14923.759096
525.0,447,14946.918418
450.0,282,14962.108495
2475.0,1534,15050.82708
1925.0,1160,15117.334925
1725.0,982,15175.735547
900.0,535,15205.698295
325.0,249,15220.333576
125.0,176,15228.546981
1825.0,1034,15287.832104
325.0,317,15308.825881
775.0,373,15330.827689
1225.0,996,15389.381764
2425.0,1408,15470.514575
3175.0,1489,15554.382817
325.0,319,15575.373264
875.0,645,15612.430084
325.0,312,15628.190463
2325.0,1269,15701.845551
1725.0,961,15759.706389
50.0,208,15768.443686
1000.0,664,15805.760555
3900.0,1856,15915.525004
1950.0,1098,15975.969685
450.0,318,15996.991117
125.0,197,16005.54493
1425.0,1056,16070.467831
1175.0,790,16115.185283
775.0,394,16137.522173
900.0,479,16166.483946
1525.0,823,16211.929078
400.0,325,16227.852909
1750.0,1221,16301.855382
900.0,786,16346.521919
650.0,313,16367.547472
525.0,423,16390.522881
125.0,156,16398.394053
5125.0,2662,16554.118697
4325.0,2381,16689.397088
400.0,334,16710.754963
225.0,193,16719.267715
300.0,202,16733.157068
1750.0,796,16778.186763
2700.0,1506,16866.668706
350.0,261,16881.609283
825.0,611,16918.173687
550.0,327,16934.232367
925.0,660,16971.715806
1450.0,810,17022.12667
650.0,382,17045.40797
1175.0,712,17083.648446
650.0,362,17105.497859
775.0,522,17135.279191
1950.0,1372,17216.205773
825.0,396,17238.62168
1300.0,735,17282.420044
1375.0,884,17334.081945
1025.0,652,17371.282682
825.0,471,17394.950733
800.0,548,17430.384171
400.0,271,17445.43174
1600.0,794,17490.316153
1600.0,978,17543.45604
450.0,400,17571.118646
650.0,525,17600.871485
700.0,403,17623.357018
125.0,201,17631.954747
2200.0,1031,17691.113632
850.0,466,17719.752667
3875.0,2069,17839.104813
1775.0,977,17897.358541
1825.0,1097,17957.387186
3675.0,1663,18053.246582
1350.0,643,18090.10449
950.0,393,18112.392496
5975.0,2806,18274.475269
3900.0,2127,18398.938895
2925.0,1671,18495.015254
1475.0,779,18540.69817
775.0,409,18563.213923
2525.0,1283,18637.043299
1300.0,939,18694.666778
3175.0,1686,18790.991816
1625.0,962,18843.772691
475.0,305,18864.524994
1575.0,891,18910.908193
575.0,501,18940.304615
3175.0,1701,19042.178608
3175.0,2062,19160.657733
975.0,594,19191.607783
275.0,246,19206.266736
1425.0,796,19251.020897
1700.0,914,19309.542204
1125.0,771,19353.869982
1750.0,1079,19413.979368
1200.0,860,19465.008569
975.0,691,19502.81752
700.0,469,19531.61603
975.0,718,19569.885246
700.0,535,19604.94403
825.0,494,19628.945906
1850.0,1227,19701.794191
3450.0,1643,19797.481384
875.0,444,19820.678882
300.0,253,19835.368171
725.0,375,19857.364438
75.0,170,19865.46695
800.0,497,19894.7625
1425.0,957,19952.708933
1350.0,825,19999.149405
425.0,382,20021.216439
575.0,455,20049.775087
2175.0,1197,20117.105884
325.0,260,20131.951949
150.0,281,20147.158978
875.0,535,20177.064648
1750.0,1259,20250.624699
1425.0,980,20308.985037
1800.0,1102,20369.57673
2975.0,1780,20473.51493
500.0,522,20503.442006
1350.0,924,20561.217338
825.0,508,20590.859618
975.0,644,20628.073569
525.0,413,20650.8662
2725.0,1444,20733.343825
3075.0,1636,20830.529278
950.0,655,20867.884936
1525.0,891,20919.705852
2450.0,1266,20993.608788
400.0,442,21016.8619
1800.0,918,21069.120962
1525.0,1140,21135.544304
700.0,529,21165.473793
1475.0,897,21217.300255
250.0,236,21231.733396
950.0,514,21261.389137
150.0,197,21275.158087
1600.0,893,21326.85441
1225.0,642,21363.754586
450.0,453,21387.095693
925.0,588,21423.145928
1250.0,814,21468.349751
1075.0,687,21507.23694
2575.0,1266,21580.969867
1675.0,892,21632.554673
600.0,459,21661.111053
1800.0,947,21713.484259
2950.0,1457,21800.486945
450.0,301,21815.953827
500.0,292,21831.290849
750.0,423,21854.026192
1950.0,938,21911.398428
1275.0,650,21948.356563
3375.0,1747,22045.570438
325.0,258,22060.282622
500.0,485,22089.224598
1775.0,1054,22148.625098
775.0,417,22176.465584
1675.0,1009,22236.273088
800.0,479,22259.949171
325.0,168,22273.158313
2050.0,1373,22348.409426
200.0,221,22362.571468
3350.0,1907,22472.931378
950.0,619,22509.332326
675.0,469,22532.928339
575.0,313,22553.82067
825.0,462,22577.21931
2725.0,1412,22658.500157
1400.0,931,22715.954021
2400.0,1205,22783.25726
750.0,487,22812.39282
600.0,482,22841.422209
2375.0,1248,22909.44335
1325.0,786,22954.089063
375.0,310,22976.100517
3500.0,1767,23079.090487
3650.0,1983,23190.836611
3675.0,1760,23293.504739
1175.0,893,23345.174039
1425.0,761,23389.242205
275.0,249,23403.867528
700.0,501,23433.200258
725.0,350,23449.563776
950.0,645,23486.568166
1250.0,754,23530.66313
1875.0,979,23588.897984
450.0,443,23612.082471
900.0,495,23641.354635
350.0,331,23662.574846
900.0,591,23693.386908
375.0,212,23708.565502
2475.0,1342,23783.440382
1975.0,890,23834.953036
2825.0,1483,23922.716689
875.0,796,23967.407884
475.0,316,23988.36991
2250.0,1113,24048.980387
1200.0,717,24092.378282
650.0,462,24115.874639
675.0,592,24152.074291
1800.0,1224,24224.933425
525.0,456,24248.397185
450.0,358,24270.103317
1200.0,711,24308.289199
2975.0,1823,24417.632241
3925.0,2066,24538.06137
800.0,444,24561.355247
325.0,273,24576.483314
1250.0,810,24627.103503
1625.0,992,24680.803308
525.0,424,24708.964578
1625.0,1043,24768.747002
250.0,239,24783.270685
2725.0,1349,24858.845398
400.0,355,24880.588974
3300.0,1692,24977.503295
850.0,667,25015.0232
525.0,478,25044.018412
1500.0,943,25096.711789
750.0,433,25124.932781
975.0,546,25155.171615
200.0,190,25168.77751
675.0,540,25199.957817
1625.0,954,25252.807127
1975.0,1141,25319.25049
2625.0,1574,25408.723974
5600.0,2758,25570.446391
200.0,215,25584.517073
5225.0,2871,25747.977559
1575.0,867,25798.915462
850.0,537,25828.835894
1450.0,1019,25887.65574
1625.0,1046,25949.40804
425.0,279,25964.527648
575.0,459,25993.010775
3425.0,1802,26096.383331
2775.0,1502,26184.200852
1825.0,1081,26244.077985
1375.0,782,26288.558371
425.0,228,26302.80908
1350.0,856,26348.533874
1500.0,945,26406.168835
850.0,660,26443.408179
725.0,386,26465.533005
2600.0,1325,26540.163227
950.0,494,26569.389807
1375.0,705,26612.54794
950.0,580,26643.227649
175.0,200,26657.03034
175.0,179,26666.45533
1525.0,688,26704.217271
500.0,561,26739.727171
2650.0,1299,26813.831349
525.0,364,26835.594703
2525.0,1294,26909.7065
1650.0,830,26955.054837
700.0,330,26976.242479
625.0,356,26997.924248
400.0,319,27013.806312
725.0,427,27036.702193
575.0,364,27058.459044
375.0,323,27079.486226
850.0,525,27109.251252
700.0,375,27131.24892
1875.0,764,27175.511004
475.0,315,27191.278847
550.0,400,27213.7096
1875.0,929,27271.176033
1875.0,1119,27331.91064
350.0,280,27347.07393
1525.0,775,27391.492671
4050.0,2301,27525.514629
925.0,584,27561.461008
1150.0,699,27599.397276
275.0,259,27614.25807
175.0,297,27634.909301
3200.0,1825,27738.991783
5475.0,2795,27901.294683
1425.0,976,27954.461676
2275.0,1293,28033.729364
825.0,578,28064.336948
800.0,506,28093.756622
675.0,465,28122.426785
450.0,342,28138.700429
1925.0,1134,28206.262274
300.0,240,28220.723539
2125.0,1471,28303.050209
4650.0,2765,28464.975069
275.0,179,28473.300376
750.0,413,28501.292967
1900.0,1037,28560.972458
950.0,487,28585.096846
1150.0,642,28622.221481
1500.0,795,28672.471071
575.0,313,28688.278364
1275.0,691,28726.232429
2250.0,1404,28807.916252
775.0,449,28836.483721
2825.0,1502,28925.959725
5625.0,2906,29090.640877
6450.0,3387,29289.287182
725.0,483,29318.305633
800.0,640,29355.224168
3275.0,1873,29460.07672
1450.0,828,29510.583862
275.0,309,29526.301899
1975.0,1149,29592.823429
1625.0,805,29638.827696
2950.0,1343,29718.809634
1425.0,996,29772.147178
1575.0,909,29829.014434
500.0,381,29845.797858
625.0,512,29875.132105
1700.0,935,29932.517094
525.0,291,29947.831476
1450.0,997,30006.279506
1775.0,842,30051.880462
4300.0,2282,30184.160721
1250.0,781,30228.633263
1350.0,768,30272.841429
2775.0,1741,30376.354981
2125.0,1223,30443.890813
2325.0,1192,30516.09145
875.0,504,30545.432682
700.0,507,30574.744326
1275.0,711,30612.836152
2250.0,1351,30693.1284
175.0,153,30700.977185
1300.0,998,30759.856783
1950.0,1339,30834.974776
2475.0,1393,30916.295588
1525.0,737,30960.230709
1850.0,1176,31027.245112
2625.0,1570,31117.695993
800.0,515,31147.297751
1225.0,726,31190.963584
975.0,618,31227.682722
400.0,356,31244.218824
525.0,334,31265.563846
550.0,435,31288.652632
2400.0,1176,31355.817955
275.0,247,31370.439151
925.0,510,31400.005765
2525.0,1260,31473.682303
350.0,417,31496.407877
1300.0,978,31554.766852
1725.0,932,31607.130506
600.0,456,31635.715997
450.0,228,31649.977797
1575.0,756,31688.903881
1500.0,826,31739.463146
725.0,528,31769.296316
1450.0,827,31814.483078
5325.0,2858,31983.645073
950.0,429,32006.544065
475.0,264,32021.387593
875.0,528,32051.115894
2675.0,1497,32138.715255
775.0,621,32175.213191
250.0,299,32190.644454
400.0,505,32220.000452
650.0,483,32248.915437
2300.0,1396,32329.801909
975.0,604,32360.829787
725.0,776,32405.211044
2600.0,1487,32492.752955
1175.0,632,32529.383712
1725.0,837,32574.763561
3375.0,1871,32685.527033
1400.0,909,32737.31668
5675.0,2763,32898.625885
2775.0,1560,32987.554992
1675.0,1173,33054.484802
950.0,504,33083.919124
1900.0,1172,33150.71518
2550.0,1400,33231.712632
3325.0,1940,33343.85767
425.0,243,33358.342485
1275.0,834,33408.819471
900.0,591,33439.774276
875.0,486,33468.827581
1575.0,937,33521.147923
550.0,303,33541.864012
1350.0,749,33580.567817
3525.0,1911,33691.1021
2175.0,1196,33763.524021
900.0,469,33787.104969
325.0,213,33801.12127
1400.0,801,33845.949967
2875.0,1728,33948.385435
3550.0,2128,34069.090292
2475.0,1136,34135.207311
2450.0,1461,34222.564861
2700.0,1530,34311.082452
900.0,588,34341.933399
3300.0,1799,34445.390412
1175.0,744,34489.348757
5975.0,2947,34659.395387
3875.0,1932,34770.678902
3725.0,2162,34897.780432
5525.0,2665,35053.471722
1425.0,795,35098.533471
950.0,656,35135.922629
1850.0,984,35194.660085
2700.0,1439,35276.721818
1875.0,1045,35336.403808
600.0,451,35365.031933
675.0,431,35388.068379
1475.0,762,35432.384344
1875.0,979,35485.5544
4600.0,2435,35627.30905
2075.0,1311,35707.099291
1900.0,1139,35773.514538
950.0,727,35811.934708
525.0,459,35840.615653
775.0,549,35870.884365
600.0,448,35899.290195
1875.0,930,35951.569501
3675.0,2379,36085.472343
5875.0,3112,36268.079247
1975.0,903,36320.899734
2125.0,1586,36410.164966
2750.0,1439,36491.725569
2300.0,1587,36586.199701
725.0,458,36609.628225
750.0,447,36637.97043
975.0,754,36682.043954
4775.0,2713,36837.329038
3375.0,2125,36956.667243
2525.0,1186,37030.013336
275.0,272,37045.003021
775.0,468,37068.568292
575.0,370,37090.40037
325.0,392,37112.579505
450.0,318,37133.499742
900.0,474,37157.194903
1250.0,839,37207.965269
900.0,544,37237.983589
1750.0,990,37296.416426
1200.0,753,37340.427073
1300.0,743,37384.295993
725.0,472,37407.930167
1550.0,751,37451.928323
250.0,292,37467.326727
550.0,382,37489.514444
1375.0,773,37533.927403
775.0,547,37569.217186
325.0,349,37585.512911
750.0,552,37620.86223
1150.0,657,37658.030839
300.0,244,37672.602338
1900.0,1059,37732.370149
1525.0,881,37784.864677
2925.0,1880,37889.880043
100.0,199,37903.650872
1500.0,811,37948.725075
2975.0,1605,38043.653467
850.0,604,38079.948497
1900.0,934,38132.335281
925.0,581,38163.030975
575.0,401,38190.61807
1200.0,870,38236.700803
675.0,414,38264.524064
300.0,282,38279.757914
25.0,185,38288.119593
200.0,329,38309.297725
225.0,256,38324.068949
800.0,416,38346.797747
775.0,510,38376.327728
150.0,252,38391.041958
675.0,524,38420.896115
225.0,266,38435.762609
875.0,526,38465.565537
900.0,384,38487.738691
1550.0,903,38540.71158
800.0,460,38569.366428
1550.0,803,38614.320745
700.0,583,38645.072747
450.0,486,38674.185939
200.0,264,38689.075628
350.0,255,38703.819597
850.0,644,38740.936275
800.0,537,38771.086471
4600.0,2330,38910.607374
1550.0,1151,38977.428457
250.0,275,38992.648503
2300.0,1543,39082.051047
1375.0,899,39134.157063
2550.0,1302,39208.696915
1350.0,779,39254.490958
50.0,153,39262.33935
350.0,339,39283.776295
1325.0,926,39336.192815
200.0,311,39351.935724
1350.0,1096,39417.663626
1475.0,1134,39483.961018
775.0,559,39514.315141
775.0,419,39537.126577
925.0,658,39579.661036
1325.0,978,39632.882885
875.0,707,39676.226649
175.0,252,39690.916206
2300.0,1421,39772.507601
3925.0,2012,39885.147537
1600.0,1009,39944.056992
3500.0,1715,40047.017224
3600.0,2021,40159.101716
2150.0,1445,40245.936243
2875.0,1703,40342.373361
350.0,363,40364.132372
600.0,399,40386.508082
200.0,263,40401.300689
2300.0,1236,40474.39723
225.0,291,40489.722092
2850.0,1656,40585.447419
925.0,713,40623.622749
1475.0,742,40667.410436
1400.0,919,40719.399632
1750.0,855,40771.473765
3475.0,1712,40868.299358
575.0,387,40890.472602
1500.0,845,40941.338434
675.0,559,40971.706754
425.0,321,40992.708164
1275.0,711,41030.870005
475.0,324,41051.974739
1775.0,943,41104.444529
225.0,290,41119.788299
575.0,389,41142.033555
1375.0,819,41192.357562
875.0,726,41235.926818
325.0,236,41245.152457
425.0,335,41266.456202
2425.0,1447,41348.339435
225.0,336,41369.65301
875.0,657,41406.883871
1075.0,542,41436.900313
2650.0,1545,41526.726065
1825.0,1371,41607.384716
300.0,229,41621.628938
400.0,302,41637.152883
2575.0,1481,41724.904082
400.0,344,41741.195915
300.0,512,41770.705421
700.0,488,41799.803287
500.0,338,41821.170679
325.0,372,41843.101814
575.0,425,41865.916388
800.0,439,41889.00468
450.0,361,41910.737468
400.0,326,41931.892574
2200.0,1343,42006.827251
925.0,408,42029.520981
675.0,350,42051.100205
950.0,749,42095.124444
650.0,392,42117.389151
675.0,420,42140.136194
1775.0,1088,42205.498594
600.0,522,42236.291063
1450.0,813,42281.405335
700.0,638,42318.2592
675.0,491,42347.452663
525.0,487,42376.568752
575.0,371,42393.275051
400.0,454,42421.853739
2725.0,1788,42525.185761
1925.0,1263,42598.670698
3650.0,2072,42717.427128
2850.0,1733,42820.121709
1075.0,937,42872.740531
3300.0,2092,42993.487784
975.0,813,43038.688195
5150.0,2855,43207.750836
2475.0,1459,43290.310009
725.0,546,43320.537417
450.0,383,43342.812403
2550.0,1407,43424.386958
2800.0,1817,43533.497737
900.0,556,43563.842794
725.0,531,43593.642462
925.0,602,43629.848623
3925.0,2352,43764.932467
1775.0,1113,43830.711723
1900.0,1066,43890.648386
875.0,605,43927.034158
4100.0,2429,44067.078659
375.0,319,44082.888232
250.0,274,44097.945134
875.0,535,44127.81806
1650.0,1021,44186.649307
1700.0,999,44245.144816
1400.0,1012,44303.890255
950.0,772,44348.135359
2575.0,1427,44429.66445
4800.0,2689,44585.400971
1800.0,827,44635.729264
900.0,578,44666.28609
1925.0,1259,44739.550722
1725.0,925,44791.695997
525.0,550,44827.033018
1575.0,1109,44887.437135
900.0,512,44916.897827
550.0,570,44952.594876
675.0,428,44975.476866
300.0,256,44990.228862
1600.0,1041,45049.542877
3475.0,2072,45167.969327
3700.0,2193,45294.915704
2400.0,1146,45361.275233
2650.0,1370,45441.874311
2425.0,1294,45515.923546
1225.0,694,45553.754737
1300.0,726,45597.359139
450.0,354,45618.978142
925.0,635,45655.843167
950.0,651,45692.962908
1750.0,1108,45753.492652
925.0,613,45790.027706
550.0,390,45812.235669
1250.0,718,45855.725979
600.0,385,45877.897038
1825.0,1072,45939.084754
1675.0,1016,45998.000069
850.0,565,46033.673722
550.0,340,46049.861197
1450.0,992,46108.518587
900.0,563,46138.982623
450.0,419,46166.924384
1675.0,993,46220.245526
1050.0,642,46257.2496
500.0,500,46286.64829
325.0,332,46307.950467
1300.0,913,46360.018306
3200.0,1537,46448.931983
1400.0,706,46487.133733
225.0,164,46500.291668
375.0,357,46516.841809
475.0,256,46531.55952
1525.0,814,46581.879613
575.0,422,46604.705541
750.0,574,46640.570961
300.0,296,46657.1379
575.0,518,46686.741908
175.0,246,46701.371305
425.0,472,46725.058762
300.0,326,46746.262567
850.0,517,46775.988417
425.0,313,46791.846883
400.0,269,46806.914149
250.0,294,46827.601924
1375.0,915,46879.956849
3475.0,1651,46976.506964
225.0,208,46985.345178
650.0,601,47021.875098
1100.0,788,47066.767688
225.0,289,47082.140899
1025.0,693,47125.360112
575.0,499,47154.859153
650.0,477,47178.718469
1950.0,1232,47252.163197
1950.0,1008,47311.306871
1675.0,1101,47377.08488
925.0,583,47409.063137
1175.0,641,47446.11419
275.0,335,47467.470375
800.0,661,47504.932133
1400.0,816,47550.237626
250.0,408,47572.906973
650.0,438,47601.246494
775.0,430,47624.251236
1525.0,877,47675.667813
350.0,315,47691.481707
200.0,293,47712.08654
1550.0,961,47765.088906
625.0,345,47786.599743
2350.0,1250,47860.111485
375.0,420,47882.948732
825.0,593,47913.968257
225.0,338,47935.380407
475.0,305,47950.990221
175.0,272,47971.214962
1875.0,960,48024.024208
350.0,290,48039.363986
100.0,184,48052.854156
300.0,271,48067.802901
300.0,360,48089.515021
125.0,283,48104.710444
750.0,467,48128.240902
475.0,401,48156.952926
425.0,464,48180.374588
125.0,299,48195.838921
650.0,353,48217.382845
150.0,207,48231.232104
225.0,228,48245.509343
150.0,264,48260.374061
225.0,236,48269.566911
1250.0,734,48313.063469
350.0,210,48327.019319
550.0,353,48348.596994
525.0,456,48371.965768
450.0,274,48386.990142
450.0,328,48408.113563
525.0,264,48423.020417
100.0,271,48438.001944
425.0,473,48466.830768
450.0,292,48482.193349
2650.0,1674,48578.252879
650.0,431,48601.175352
100.0,122,48608.497981
375.0,234,48622.890037
600.0,472,48651.706257
675.0,598,48682.638308
775.0,559,48718.125147
275.0,296,48733.499098
500.0,291,48748.852138
500.0,487,48778.003698
1150.0,750,48822.02541
525.0,358,48843.739471
325.0,412,48866.427413
650.0,514,48897.127891
325.0,409,48919.71192
875.0,622,48956.361154
150.0,227,48970.634718
1375.0,837,49016.184897
1700.0,940,49068.607584
425.0,380,49090.673628
300.0,252,49105.400148
1500.0,797,49155.378528
475.0,390,49177.682507
1475.0,674,49215.280465
1800.0,870,49266.605853
325.0,274,49281.65239
425.0,321,49297.550427
350.0,353,49319.137188
975.0,535,49348.993055
1075.0,805,49393.918281
1600.0,953,49451.811754
700.0,419,49474.577136
1475.0,888,49525.948147
975.0,511,49555.280141
1375.0,1001,49614.010366
425.0,316,49630.96337
725.0,520,49660.634327
150.0,272,49675.715132
450.0,465,49704.47629
275.0,236,49718.886796
1275.0,583,49749.655381
575.0,587,49785.707268
850.0,674,49823.27926
700.0,521,49852.987165
225.0,294,49873.618982
675.0,516,49903.256507
50.0,154,49911.065423
2300.0,1391,49992.089011
825.0,394,50014.427659
250.0,358,50036.131642
800.0,575,50066.73121
675.0,457,50095.286358
900.0,550,50125.456233
350.0,346,50146.947497
200.0,293,50162.417116
3000.0,1725,50259.451777
975.0,676,50302.235535
700.0,519,50331.901309
3900.0,2392,50467.63642
850.0,617,50504.234651
350.0,330,50525.444023
1650.0,1002,50579.009777
500.0,469,50607.870613
3150.0,1590,50697.531071
1675.0,1017,50756.54196
875.0,608,50793.061998
1475.0,775,50837.668973
1500.0,1072,50903.217525
1375.0,883,50949.883741
725.0,546,50985.478693
900.0,726,51024.233554
900.0,490,51053.627032
1575.0,1070,51115.054484
225.0,188,51128.688339
1275.0,656,51166.09203
2400.0,1492,51254.423885
2500.0,1607,51344.829935
825.0,550,51375.23553
375.0,270,51395.478437
1900.0,1166,51462.538765
175.0,271,51477.643435
875.0,508,51507.276898
850.0,613,51538.753584
1200.0,939,51596.554741
825.0,608,51633.019135
1450.0,849,51678.921465
150.0,290,51694.259963
1350.0,825,51744.958315
275.0,346,51766.489285
200.0,273,51781.607587
325.0,251,51796.350882
975.0,595,51827.350634
775.0,444,51856.865895
425.0,541,51886.976717
1200.0,888,51938.781943
825.0,475,51967.81937
3575.0,2098,52087.046872
1175.0,790,52131.699999
950.0,625,52168.233928
1625.0,1023,52227.334188
1325.0,661,52264.553062
850.0,454,52293.009337
375.0,259,52307.751592
2475.0,1280,52381.613707
825.0,501,52405.786953
775.0,562,52441.302161
400.0,363,52463.09693
725.0,483,52486.97022
325.0,384,52509.11295
400.0,343,52530.549764
900.0,710,52573.832044
1725.0,795,52619.6545
825.0,500,52648.945774
475.0,274,52663.991507
1750.0,1351,52738.94818
775.0,468,52767.65696
2600.0,1420,52849.011199
925.0,533,52878.833259
650.0,457,52907.393951
800.0,525,52937.193942
1500.0,996,52995.735916
1700.0,999,53049.232781
400.0,325,53070.402163
2300.0,1213,53137.97657
1650.0,998,53196.4886
500.0,401,53218.924719
550.0,473,53247.777261
550.0,510,53277.218667
2225.0,1139,53344.869714
200.0,270,53359.862483
1475.0,1098,53420.197432
450.0,344,53441.632272
1225.0,835,53492.20842
1225.0,897,53543.906964
775.0,516,53573.552672
2275.0,1127,53634.384168
625.0,333,53655.697034
350.0,252,53670.386312
900.0,686,53708.137713
1225.0,718,53751.638239
3700.0,2350,53885.59804
400.0,312,53906.561262
1600.0,917,53958.625776
800.0,498,53987.99784
300.0,251,54002.671933
550.0,478,54026.464589
975.0,679,54070.506727
175.0,317,54086.29131
1450.0,881,54137.770981
1425.0,924,54189.958108
925.0,402,54212.396662
1125.0,839,54263.076604
1650.0,915,54315.184339
3875.0,2195,54441.258316
875.0,513,54470.856075
1750.0,1239,54544.183692
1700.0,1169,54611.085703
2050.0,1191,54678.274422
1225.0,827,54728.838927
250.0,276,54743.941342
500.0,361,54765.753045
600.0,419,54788.647472
450.0,386,54812.386389
250.0,193,54820.901644
825.0,629,54857.865311
800.0,492,54887.280579
500.0,422,54910.297759
1500.0,1167,54977.642629
1625.0,918,55035.276732
650.0,537,55065.466832
300.0,194,55074.03393
625.0,464,55102.93816
2650.0,1502,55191.505972
1325.0,718,55230.011615
1300.0,786,55274.746781
4225.0,2364,55414.526319
825.0,638,55451.588689
1125.0,649,55488.81378
1150.0,842,55534.625567
1600.0,1019,55595.188182
700.0,606,55631.592004
4750.0,2795,55794.235576
325.0,314,55810.12264
175.0,179,55823.565007
1525.0,1105,55884.069989
625.0,370,55905.997802
1825.0,897,55957.87565
175.0,268,55972.88681
175.0,269,55987.8971
200.0,234,56002.304681
2275.0,1198,56069.584691
1450.0,957,56127.498467
200.0,272,56142.510393
2325.0,1269,56216.082903
1000.0,717,56259.433568
2325.0,1511,56343.425119
925.0,569,56379.078202
300.0,252,56393.766884
1850.0,1166,56460.388837
875.0,625,56497.033469
650.0,365,56513.662411
1225.0,658,56556.018087
625.0,387,56578.131071
1125.0,643,56615.026111
1700.0,1205,56682.405571
650.0,662,56719.611323
1575.0,855,56770.502406
4275.0,2581,56918.44944
2775.0,1763,57021.140181
775.0,455,57045.57094
2750.0,1282,57119.319114
3875.0,2223,57250.680249
2125.0,1590,57340.154264
2900.0,1572,57429.264171
2800.0,2011,57546.838991
925.0,536,57576.818492
1450.0,890,57628.475748
2575.0,1627,57723.972136
2625.0,1399,57806.252024
850.0,451,57829.497502
450.0,361,57851.237566
2925.0,1856,57961.162989
2650.0,1311,58035.708808
1425.0,1034,58094.979144
825.0,709,58133.20962
250.0,391,58155.575232
1875.0,1253,58229.178225
1975.0,1272,58303.006138
2025.0,1288,58377.125824
1550.0,999,58435.856016
775.0,560,58466.25905
900.0,595,58502.49731
1675.0,1142,58569.933559
2875.0,1718,58667.119002
3275.0,2280,58799.995723
1100.0,869,58851.394006
300.0,272,58866.516795
1775.0,1239,58940.224407
325.0,293,58955.768338
700.0,271,58970.870333
1525.0,852,59022.262571
2600.0,1508,59106.006216
3800.0,2110,59231.270423
575.0,440,59254.52395
1225.0,712,59299.195646
400.0,386,59321.560712
975.0,659,59359.010139
3450.0,2083,59478.507631
1575.0,1346,59559.047786
1575.0,921,59611.426735
525.0,524,59641.266944
750.0,665,59678.732991
1775.0,946,59731.356858
2325.0,1592,59826.347488
6125.0,3065,60005.212137
2675.0,1755,60108.028418
1975.0,1391,60183.619341
1900.0,1165,60250.301591
200.0,271,60270.484334
1725.0,1018,60329.3597
3175.0,1905,60434.413237
4400.0,2707,60594.827856
400.0,393,60617.101693
50.0,204,60625.747127
2350.0,1399,60706.770296
1600.0,826,60753.109737
725.0,554,60788.447925
2825.0,1474,60870.777486
3500.0,2025,60988.645394
525.0,306,61004.233439
625.0,558,61039.719992
1625.0,1302,61113.988164
925.0,572,61144.473959
750.0,624,61181.072739
2200.0,1421,61262.735022
1700.0,817,61313.079391
5375.0,2744,61469.221117
225.0,227,61484.587094
750.0,425,61507.425612
650.0,416,61530.070941
575.0,275,61550.34423
650.0,427,61573.187092
4075.0,2375,61707.47939
5250.0,2970,61883.207069
1100.0,808,61928.28946
650.0,355,61949.979864
875.0,524,61979.759284
1475.0,886,62031.39339
200.0,153,62039.217776
500.0,395,62061.565011
1475.0,954,62114.196881
2975.0,1724,62216.563431
825.0,734,62261.636503
1475.0,1094,62322.103858
3050.0,1785,62425.599505
975.0,542,62455.72898
4225.0,2352,62594.996803
1125.0,971,62648.117695
3600.0,2337,62781.938452
875.0,488,62811.112158
2650.0,1663,62907.678404
950.0,740,62951.871111
700.0,413,62975.750664
2950.0,1646,63072.241085
1425.0,890,63124.117634
1725.0,1031,63183.760895
1500.0,743,63228.022356
1600.0,995,63286.997649
1200.0,1085,63347.52612
2950.0,1731,63445.228483
500.0,439,63473.639556
1975.0,1094,63534.371153
2200.0,1160,63601.252056
875.0,456,63629.888119
750.0,455,63658.523727
1250.0,593,63689.579832
4175.0,2142,63816.067575
450.0,366,63837.962846
1650.0,937,63890.535029
700.0,505,63919.993554
1125.0,634,63956.912063
725.0,524,63986.757485
1325.0,971,64045.000958
1400.0,753,64083.904109
625.0,308,64104.772446
550.0,321,64120.587437
4475.0,2310,64253.592285
1475.0,807,64303.619987
575.0,276,64318.745582
250.0,322,64334.644113
550.0,327,64355.767616
4900.0,2632,64505.842082
3775.0,2072,64629.503065
3550.0,2021,64742.069276
1850.0,1267,64815.760214
450.0,268,64830.712055
1150.0,721,64874.186625
875.0,609,64910.624131
750.0,342,64926.868448
400.0,249,64941.523744
1525.0,956,64999.525283
775.0,606,65030.630692
4950.0,2633,65184.772663
4975.0,2872,65349.3838
1925.0,978,65407.762357
3750.0,2148,65532.882916
2325.0,1137,65599.10673
750.0,767,65643.49597
300.0,199,65652.133711
725.0,587,65688.178983
850.0,706,65726.338985
675.0,474,65755.290504
750.0,389,65777.549494
2825.0,1459,65859.813201
400.0,298,65880.514799
250.0,275,65895.60968
750.0,452,65918.932032
1700.0,1150,65986.5004
2775.0,1618,66081.873315
950.0,535,66111.869345
3500.0,2127,66236.771616
4500.0,2466,66377.92672
2750.0,1573,66467.413139
1125.0,734,66511.276758
1550.0,801,66556.256246
1450.0,944,66608.944362
375.0,382,66631.105401
775.0,552,66666.600281
4875.0,2632,66816.706546
725.0,447,66845.232428
2825.0,1578,66935.223559
1450.0,770,66979.887112
925.0,440,67003.201244
2750.0,1569,67098.376753
925.0,507,67127.964761
2650.0,1851,67233.207662
3400.0,1959,67345.51107
3500.0,2158,67472.604332
1750.0,1117,67538.804188
4600.0,2829,67702.335521
2900.0,1436,67784.414095
3675.0,2225,67916.473838
3350.0,2144,68036.554406
4525.0,2743,68198.90801
2650.0,1464,68281.008353
700.0,412,68303.58536
925.0,585,68339.368376
400.0,476,68368.227151
975.0,568,68398.659679
600.0,208,68412.54629
925.0,550,68442.738645
700.0,389,68464.91617
4725.0,2513,68611.802815
900.0,586,68642.567757
3850.0,2100,68766.807032
2875.0,1716,68863.508879
1225.0,718,68908.103045
275.0,183,68916.389571
750.0,488,68945.50529
300.0,202,68954.119481
3300.0,1901,69064.640348
500.0,383,69086.775738
225.0,310,69107.6428
3775.0,2071,69226.21262
4075.0,2382,69360.67311
350.0,348,69382.197099
3650.0,1850,69486.635363
1650.0,967,69544.774113
3350.0,2117,69665.356833
1350.0,899,69722.308795
2500.0,1112,69782.899792
600.0,600,69819.097825
175.0,281,69834.296042
1700.0,1126,69900.327866
425.0,238,69914.799329
625.0,416,69937.548143
3475.0,1914,70048.542881
725.0,426,70071.429168
1375.0,861,70122.490641
550.0,391,70144.758199
2675.0,1420,70226.29907
1450.0,829,70271.807678
550.0,285,70292.283171
1775.0,927,70344.534868
3625.0,2051,70464.020563
2275.0,1345,70539.052749
1425.0,926,70596.520017
800.0,582,70627.307295
800.0,406,70649.880267
2900.0,1801,70753.489384
750.0,376,70775.459507
1975.0,1003,70834.211405
875.0,455,70862.783248
1900.0,1208,70930.554871
725.0,432,70953.693901
1825.0,1150,71020.731645
2925.0,1731,71124.925514
1650.0,1144,71191.589845
3800.0,1984,71304.15256
1400.0,900,71356.249238
550.0,369,71378.337049
3225.0,2031,71496.923832
1900.0,995,71555.688668
825.0,637,71592.694116
425.0,339,71608.939584
2525.0,1476,71696.784335
3225.0,1687,71793.590561
450.0,346,71815.196493
1325.0,697,71853.208025
1350.0,855,71905.472485
1700.0,863,71956.769502
2725.0,1458,72039.141971
2875.0,1360,72119.812011
2600.0,1526,72203.038913
4075.0,2078,72326.590624
