#{"t_start": 1680587900.4903893, "env_id": "CarnivalNoFrameskip-v4"}
r,l,t
860.0,426,36.989157
300.0,290,59.044086
520.0,503,101.32047
1060.0,481,143.237522
1040.0,441,176.840204
520.0,476,218.660507
80.0,359,250.085499
540.0,435,283.591995
720.0,444,317.482167
920.0,537,368.544811
1160.0,408,401.572978
460.0,727,457.822315
80.0,725,521.490296
520.0,464,563.327095
1140.0,606,608.972246
400.0,790,681.662539
1180.0,487,716.762592
1680.0,525,760.211471
800.0,361,791.916096
1020.0,380,824.098491
760.0,441,865.371936
940.0,371,897.284886
260.0,624,943.276994
280.0,419,983.925472
1340.0,660,1038.380141
800.0,754,1104.583471
700.0,358,1128.84919
260.0,363,1160.618342
700.0,482,1202.942919
740.0,319,1233.56505
1160.0,541,1277.479259
920.0,448,1311.509255
380.0,434,1352.564678
1200.0,462,1387.006163
120.0,384,1419.425092
780.0,426,1452.896692
760.0,335,1483.932779
1300.0,741,1547.977095
740.0,465,1582.571325
600.0,469,1624.603078
640.0,446,1665.948476
700.0,474,1700.741729
1040.0,389,1733.257192
260.0,366,1765.100946
420.0,460,1806.891605
540.0,294,1829.497315
200.0,294,1852.088035
780.0,523,1895.503417
1300.0,735,1959.353303
1480.0,401,1992.086274
620.0,461,2033.846815
500.0,338,2057.591609
220.0,822,2131.127464
1340.0,859,2207.440675
420.0,608,2253.10601
380.0,557,2304.786567
640.0,360,2329.09066
800.0,396,2361.770599
860.0,731,2425.460987
760.0,666,2480.094105
600.0,563,2531.886019
1160.0,503,2574.708185
1060.0,757,2639.048315
340.0,494,2674.343615
600.0,478,2716.492053
220.0,489,2759.013853
900.0,441,2792.899052
1260.0,575,2844.976779
480.0,474,2887.092066
260.0,379,2911.91576
740.0,673,2974.106822
600.0,523,3017.502193
560.0,418,3050.757701
1040.0,491,3093.333508
320.0,472,3135.437808
860.0,734,3191.925485
1140.0,512,3235.013171
120.0,322,3267.364498
300.0,306,3290.227962
880.0,477,3332.366686
500.0,355,3363.949524
780.0,434,3397.613773
340.0,315,3420.753291
740.0,569,3472.725139
380.0,298,3495.40393
720.0,506,3538.365957
640.0,503,3581.26275
340.0,300,3604.010023
220.0,389,3636.451631
1060.0,471,3678.547171
680.0,298,3701.220429
420.0,434,3742.359565
420.0,485,3777.351386
140.0,364,3809.085941
500.0,373,3841.064508
380.0,572,3893.137036
160.0,340,3916.898097
780.0,475,3959.035372
740.0,528,4002.593891
900.0,639,4056.473076
1020.0,625,4109.974495
160.0,417,4143.183829
980.0,787,4208.333011
1040.0,691,4270.999877
980.0,730,4327.344233
500.0,382,4360.822685
440.0,567,4412.684747
840.0,721,4468.746387
1120.0,732,4532.495949
1460.0,845,4606.553206
840.0,492,4641.80532
820.0,832,4715.472021
800.0,599,4768.290107
220.0,327,4791.737777
420.0,315,4822.27836
1000.0,571,4866.89533
680.0,475,4909.064194
980.0,357,4940.668615
740.0,443,4974.572003
360.0,291,4997.069562
500.0,376,5029.193743
900.0,319,5059.749164
400.0,334,5083.420094
1180.0,495,5126.174582
580.0,383,5158.505367
1000.0,418,5191.842716
620.0,501,5234.773367
1880.0,502,5277.69475
740.0,479,5319.966875
360.0,366,5351.869425
760.0,295,5374.476099
540.0,343,5405.724075
380.0,334,5430.701562
440.0,476,5472.942193
860.0,380,5505.174293
760.0,441,5539.010991
60.0,874,5614.017702
420.0,328,5644.924071
420.0,301,5667.722342
540.0,288,5690.065726
880.0,325,5720.856972
940.0,519,5764.184939
760.0,512,5807.284055
1280.0,452,5841.500475
460.0,413,5881.99646
780.0,449,5916.117301
1160.0,671,5970.866871
480.0,351,6002.366791
500.0,437,6036.129111
520.0,460,6077.905936
380.0,379,6110.105087
780.0,475,6152.261342
860.0,376,6177.104735
880.0,495,6219.806284
600.0,382,6252.063261
1140.0,497,6294.806291
400.0,344,6326.084423
960.0,558,6370.411156
700.0,362,6402.317701
660.0,485,6444.723623
640.0,382,6477.050999
760.0,397,6510.965593
620.0,285,6533.286845
240.0,508,6576.318309
1340.0,543,6620.182012
600.0,372,6652.219893
420.0,370,6684.182106
620.0,463,6726.035935
640.0,472,6760.668864
200.0,490,6803.196125
1020.0,524,6846.721039
1000.0,498,6889.498758
620.0,303,6912.286927
1120.0,485,6954.644942
1320.0,567,7006.591962
560.0,611,7052.417905
560.0,430,7093.343687
160.0,370,7125.324235
1860.0,543,7169.2556
660.0,456,7203.523767
320.0,309,7233.872866
1100.0,616,7287.210969
1000.0,437,7320.995484
520.0,427,7354.500581
760.0,498,7397.310617
360.0,359,7428.991353
320.0,347,7460.383465
220.0,334,7484.028266
500.0,306,7514.34357
600.0,332,7537.952667
520.0,353,7569.448351
640.0,604,7623.713336
1000.0,444,7657.592244
460.0,309,7680.529054
360.0,303,7710.78669
580.0,295,7733.380574
640.0,454,7774.932949
400.0,424,7808.390219
1180.0,739,7872.348622
580.0,359,7896.680171
40.0,411,7937.114575
880.0,407,7970.032223
760.0,454,8004.320135
620.0,368,8036.276282
440.0,345,8067.591806
760.0,487,8110.052798
180.0,390,8142.611464
320.0,307,8165.602044
520.0,322,8196.305374
720.0,502,8231.892388
420.0,303,8262.089985
1220.0,352,8293.58329
1120.0,329,8317.127178
620.0,434,8358.219046
580.0,290,8380.689771
860.0,458,8415.022301
880.0,641,8469.018667
380.0,294,8498.942738
500.0,383,8531.241384
640.0,291,8553.751264
420.0,303,8576.559861
480.0,298,8599.23388
1240.0,452,8640.780744
620.0,419,8675.405119
480.0,340,8706.568295
380.0,305,8729.452829
820.0,805,8802.620628
1100.0,442,8836.520317
920.0,442,8870.412307
500.0,471,8912.473658
800.0,524,8955.973283
440.0,451,8997.518947
520.0,303,9020.330779
660.0,508,9063.338954
0.0,423,9096.70662
680.0,352,9128.247972
440.0,297,9150.927431
420.0,503,9193.844726
680.0,482,9236.166077
360.0,327,9266.960747
620.0,368,9291.5373
580.0,456,9333.197945
1700.0,687,9388.32727
640.0,367,9420.316322
940.0,571,9472.465132
320.0,331,9495.98937
860.0,818,9569.495107
660.0,375,9594.262787
1120.0,324,9625.021719
680.0,323,9648.393128
840.0,452,9689.843818
360.0,494,9732.5171
620.0,326,9757.145
620.0,417,9797.746064
580.0,292,9820.272977
400.0,296,9842.855231
740.0,434,9883.937354
980.0,456,9918.229611
840.0,534,9962.057517
840.0,483,10004.499379
720.0,371,10036.452935
1180.0,535,10080.26887
740.0,285,10102.589752
640.0,290,10125.035017
720.0,411,10165.484998
380.0,323,10188.880777
460.0,430,10229.858673
360.0,288,10252.278537
500.0,350,10276.384379
320.0,299,10306.447979
380.0,460,10340.863085
560.0,300,10370.945316
460.0,504,10413.955478
940.0,505,10456.909775
1160.0,313,10480.071555
740.0,284,10502.38206
560.0,288,10524.802484
320.0,327,10555.653636
320.0,350,10587.10277
440.0,331,10610.68506
540.0,286,10633.074731
380.0,420,10673.778264
420.0,291,10696.223676
640.0,293,10718.801562
640.0,343,10750.095396
520.0,370,10782.122566
420.0,307,10805.041617
340.0,307,10836.528258
480.0,294,10859.047174
420.0,436,10892.805878
380.0,303,10923.037718
900.0,435,10956.730334
420.0,294,10979.359292
380.0,292,11009.311884
440.0,337,11033.047069
420.0,296,11055.67544
280.0,297,11085.722407
400.0,349,11109.762177
720.0,456,11151.409272
460.0,308,11174.372025
460.0,404,11214.725104
500.0,399,11247.489637
480.0,303,11270.254331
380.0,302,11293.016945
400.0,475,11335.201941
340.0,295,11357.823759
380.0,395,11390.534642
380.0,341,11421.826987
420.0,300,11444.637784
380.0,303,11474.809163
620.0,345,11498.801072
580.0,534,11549.888376
500.0,414,11583.101558
540.0,417,11616.360252
500.0,408,11649.352971
380.0,289,11671.811616
460.0,355,11703.408299
460.0,298,11726.045958
580.0,461,11767.891111
580.0,408,11800.858246
440.0,472,11843.004954
400.0,311,11866.075764
400.0,290,11895.90817
500.0,333,11920.822924
540.0,294,11943.425577
680.0,419,11984.092963
620.0,481,12019.074205
480.0,452,12060.61996
380.0,303,12083.441082
500.0,366,12115.344594
540.0,407,12148.32833
500.0,330,12179.242137
480.0,359,12210.969842
740.0,464,12245.456107
520.0,277,12267.608311
640.0,437,12308.725988
580.0,459,12343.165054
520.0,513,12386.344283
480.0,283,12416.033446
520.0,337,12439.793345
500.0,393,12472.373857
580.0,414,12505.568688
540.0,450,12547.02844
520.0,295,12569.678946
440.0,305,12599.97848
460.0,359,12624.293361
520.0,378,12656.486591
520.0,296,12686.445956
420.0,311,12709.525825
480.0,422,12742.889817
480.0,373,12774.933086
480.0,294,12804.853772
560.0,413,12838.013485
440.0,289,12860.462868
540.0,421,12893.815783
640.0,442,12935.118938
580.0,450,12969.239131
340.0,289,12992.982227
580.0,428,13033.897329
540.0,445,13067.917778
520.0,427,13108.872025
580.0,281,13131.072021
480.0,294,13153.673076
480.0,280,13175.892215
620.0,394,13208.495251
580.0,403,13241.394004
560.0,330,13272.323419
540.0,406,13305.317167
620.0,391,13337.875765
580.0,293,13360.403172
480.0,290,13390.293184
560.0,368,13422.224524
620.0,423,13455.658225
580.0,403,13488.532674
520.0,412,13521.672789
480.0,300,13544.453356
480.0,354,13576.012561
520.0,336,13607.119495
580.0,394,13639.750632
620.0,408,13672.834644
420.0,347,13704.228927
540.0,353,13735.795181
560.0,401,13768.637975
480.0,288,13791.020049
580.0,284,13813.342407
480.0,284,13835.663966
640.0,387,13868.164198
460.0,294,13898.086192
540.0,340,13921.854903
560.0,288,13944.29926
600.0,292,13974.193924
520.0,343,13998.081411
520.0,440,14039.299432
480.0,337,14063.005499
540.0,409,14104.653823
540.0,353,14128.802634
600.0,416,14169.431109
520.0,348,14193.514003
520.0,285,14215.834841
460.0,362,14247.65753
540.0,355,14279.28034
520.0,343,14310.594865
440.0,282,14332.873498
580.0,326,14356.24458
540.0,356,14387.875999
520.0,284,14410.229572
520.0,312,14440.68847
480.0,283,14462.977411
400.0,281,14485.227855
580.0,456,14526.869867
580.0,405,14559.775369
580.0,466,14601.700112
480.0,310,14624.689921
580.0,451,14658.871108
540.0,458,14700.559604
540.0,455,14742.267731
540.0,455,14776.531787
580.0,358,14808.192027
420.0,300,14830.889273
460.0,287,14853.26318
440.0,287,14883.025618
540.0,402,14915.892663
540.0,312,14939.006903
680.0,462,14980.795839
480.0,301,15003.588865
580.0,467,15045.554688
540.0,278,15067.717767
660.0,458,15102.163551
580.0,339,15133.275883
580.0,321,15165.160783
600.0,289,15187.608442
580.0,315,15210.746346
520.0,387,15243.160528
580.0,448,15284.673479
580.0,413,15317.812305
520.0,303,15340.643496
580.0,457,15382.396918
540.0,317,15405.648616
520.0,283,15435.309556
540.0,372,15459.942821
580.0,407,15500.302465
540.0,331,15523.863541
480.0,406,15556.815655
580.0,392,15589.39997
560.0,332,15620.367088
420.0,327,15643.851166
600.0,460,15685.581287
620.0,437,15719.423657
480.0,291,15749.311436
500.0,410,15782.355118
580.0,289,15804.813488
600.0,419,15838.138561
500.0,350,15869.530558
540.0,293,15892.09508
540.0,343,15923.375747
620.0,506,15966.369385
480.0,404,15999.297516
520.0,398,16032.096464
540.0,360,16063.733823
560.0,334,16094.742593
580.0,398,16127.456329
480.0,294,16150.031224
580.0,405,16182.902982
540.0,413,16216.102626
600.0,494,16260.256843
500.0,295,16282.849282
580.0,426,16323.737548
520.0,341,16347.547625
460.0,409,16387.946382
540.0,342,16411.828917
540.0,415,16452.385271
580.0,468,16486.987548
520.0,334,16517.999813
620.0,393,16550.585513
520.0,453,16584.868123
540.0,393,16617.518303
540.0,383,16649.861886
560.0,314,16680.35321
520.0,340,16704.192688
420.0,281,16733.809454
480.0,290,16756.265864
480.0,282,16778.53185
580.0,468,16820.502458
540.0,291,16843.026611
520.0,406,16876.038822
540.0,379,16908.234989
520.0,317,16938.747473
620.0,440,16972.650905
520.0,317,16995.784688
520.0,412,17036.298001
680.0,381,17068.573605
580.0,283,17090.857035
540.0,336,17114.502892
500.0,339,17145.639111
600.0,400,17178.474659
520.0,316,17209.018486
580.0,294,17231.585234
580.0,287,17253.922541
620.0,456,17295.598241
760.0,330,17320.361324
520.0,289,17342.783119
500.0,378,17374.987491
580.0,455,17416.585114
480.0,297,17439.268511
480.0,291,17461.737555
580.0,472,17503.850319
420.0,308,17534.183796
600.0,385,17566.562934
540.0,384,17591.535589
580.0,297,17621.571896
580.0,458,17655.944314
660.0,505,17698.901432
580.0,324,17729.641997
520.0,285,17751.963175
560.0,404,17784.847198
520.0,306,17815.198774
500.0,383,17847.52727
620.0,417,17880.833002
580.0,468,17915.423841
580.0,397,17948.1174
520.0,286,17977.89484
580.0,288,18000.299911
560.0,284,18022.582947
540.0,404,18055.452151
540.0,467,18097.3636
580.0,423,18130.762304
620.0,458,18172.495726
580.0,397,18205.228917
600.0,509,18248.209232
520.0,327,18271.689272
540.0,512,18314.798663
600.0,512,18357.934688
540.0,419,18399.83528
580.0,287,18422.23351
580.0,338,18445.984297
480.0,405,18486.280642
580.0,286,18508.618326
600.0,301,18531.314987
540.0,294,18553.868384
580.0,291,18583.670533
540.0,480,18618.622924
580.0,384,18650.868837
580.0,325,18681.620577
580.0,466,18723.582952
620.0,493,18758.80819
580.0,412,18799.273371
560.0,341,18823.04102
660.0,455,18864.664285
580.0,392,18897.240683
580.0,411,18930.313525
620.0,478,18972.541036
620.0,403,19005.427897
540.0,293,19027.951128
520.0,364,19059.737686
600.0,489,19102.273898
500.0,338,19126.029577
540.0,318,19156.617157
480.0,331,19180.191544
580.0,423,19220.94299
520.0,340,19244.736283
580.0,366,19276.602601
540.0,350,19308.034455
580.0,481,19350.347606
740.0,290,19372.744464
580.0,289,19395.206422
620.0,495,19437.870257
620.0,471,19481.181741
560.0,325,19504.579115
580.0,397,19537.247459
540.0,342,19568.456895
440.0,329,19591.965695
620.0,468,19633.962639
620.0,462,19675.742272
580.0,320,19699.00628
580.0,295,19721.668503
580.0,302,19751.863791
580.0,414,19785.000569
580.0,390,19817.520432
740.0,423,19850.917046
660.0,484,19893.283066
540.0,410,19926.324216
660.0,472,19968.361888
620.0,471,20010.411235
580.0,286,20032.796166
520.0,343,20064.056151
520.0,289,20086.473795
540.0,470,20121.133822
560.0,466,20162.995214
540.0,463,20204.854188
620.0,465,20239.397558
540.0,303,20269.599238
740.0,383,20301.884621
620.0,429,20335.444733
580.0,342,20366.698289
600.0,354,20390.887388
660.0,458,20432.574928
540.0,420,20465.916067
520.0,345,20497.222952
560.0,436,20530.965383
540.0,466,20574.355628
520.0,328,20597.839077
620.0,443,20639.07622
580.0,315,20662.211886
580.0,333,20693.209682
600.0,281,20715.454713
580.0,291,20737.945412
560.0,277,20760.090226
520.0,351,20791.521173
580.0,376,20823.691337
620.0,417,20856.957608
640.0,413,20897.426893
540.0,361,20921.829407
780.0,442,20963.103725
580.0,326,20986.473783
560.0,515,21029.624972
540.0,317,21060.149032
600.0,328,21083.607949
640.0,350,21115.04882
600.0,400,21147.829839
640.0,511,21190.972462
480.0,336,21222.012236
640.0,362,21253.75861
580.0,285,21276.161748
620.0,467,21310.645202
580.0,376,21342.771468
480.0,379,21375.006416
620.0,460,21416.783797
600.0,516,21460.033747
580.0,421,21493.375705
620.0,461,21535.171468
500.0,290,21557.564249
540.0,352,21589.114108
620.0,395,21621.726224
620.0,410,21655.96005
500.0,500,21698.762875
620.0,515,21742.011777
520.0,295,21764.577946
560.0,285,21786.891435
620.0,456,21828.508385
540.0,287,21850.894519
620.0,469,21892.814095
560.0,289,21915.297757
600.0,381,21947.576491
540.0,406,21980.545213
540.0,405,22013.44084
580.0,479,22055.657473
580.0,294,22078.264031
620.0,439,22119.457382
500.0,288,22141.824303
480.0,294,22164.394375
580.0,365,22196.282147
580.0,366,22228.176793
580.0,374,22260.19049
580.0,339,22291.360066
620.0,396,22323.999211
620.0,457,22358.251387
640.0,510,22401.35471
560.0,497,22444.099037
620.0,440,22477.932138
580.0,422,22518.622294
620.0,471,22553.251653
580.0,375,22585.333323
580.0,287,22607.740227
580.0,327,22638.551811
580.0,340,22669.674717
640.0,484,22704.661232
480.0,363,22737.63182
620.0,421,22778.281764
620.0,432,22811.953358
540.0,328,22835.493673
620.0,500,22878.298991
600.0,497,22921.026236
620.0,445,22962.369828
540.0,289,22984.817558
540.0,331,23008.375626
620.0,507,23051.330715
540.0,321,23082.023782
480.0,306,23104.881592
560.0,380,23137.143298
580.0,422,23177.839713
520.0,440,23211.644353
540.0,337,23242.784797
520.0,342,23266.638914
540.0,340,23297.780919
520.0,348,23329.131845
560.0,360,23353.514837
700.0,503,23396.355252
620.0,437,23437.467444
620.0,461,23471.889724
660.0,472,23513.950145
580.0,412,23547.078247
520.0,299,23569.745539
620.0,468,23611.694716
580.0,334,23642.682303
540.0,292,23665.224228
540.0,289,23687.597591
520.0,295,23710.179001
520.0,291,23740.057272
500.0,291,23762.544555
540.0,308,23785.465139
620.0,475,23829.084404
580.0,378,23861.187213
580.0,383,23893.430819
580.0,289,23915.859711
580.0,417,23949.057556
480.0,291,23978.913219
500.0,304,24001.754657
540.0,282,24024.015085
580.0,332,24055.002639
660.0,442,24088.863594
640.0,514,24131.99824
780.0,332,24163.013966
580.0,361,24194.790282
620.0,384,24227.124802
620.0,478,24262.007628
520.0,376,24294.139302
580.0,290,24323.978237
620.0,458,24358.288368
580.0,397,24390.95677
500.0,298,24420.991356
480.0,299,24443.694267
620.0,475,24485.823266
640.0,491,24520.974874
580.0,394,24553.637953
540.0,293,24583.579159
520.0,360,24607.92415
580.0,295,24637.887732
520.0,345,24661.9069
540.0,299,24691.91385
540.0,304,24714.729176
620.0,479,24756.969272
520.0,290,24779.418126
480.0,296,24802.022689
600.0,302,24832.177283
580.0,392,24864.690193
620.0,412,24898.982232
520.0,357,24930.526349
620.0,459,24964.875218
580.0,299,24994.926853
540.0,393,25027.503888
580.0,297,25050.132675
620.0,506,25093.119628
500.0,424,25126.531056
780.0,423,25167.26265
480.0,351,25191.395824
580.0,291,25221.232557
580.0,381,25246.146536
620.0,422,25286.886368
580.0,319,25310.134798
540.0,287,25332.478595
480.0,391,25372.425442
620.0,494,25407.653402
580.0,515,25450.868201
600.0,387,25483.299676
580.0,301,25513.424863
540.0,300,25536.15716
540.0,440,25570.037377
640.0,487,25612.511681
520.0,302,25642.59935
520.0,299,25665.280951
520.0,298,25688.009261
520.0,293,25710.535148
540.0,517,25761.164148
580.0,288,25783.600843
520.0,299,25806.296031
580.0,295,25828.927171
580.0,495,25871.598333
540.0,303,25901.816983
520.0,299,25924.529228
520.0,298,25947.256866
480.0,304,25978.643883
580.0,484,26013.676888
580.0,481,26055.971452
480.0,302,26078.742499
580.0,381,26111.015762
640.0,512,26154.20664
540.0,412,26194.69362
620.0,464,26229.17099
620.0,486,26271.638237
580.0,471,26313.682159
540.0,293,26336.198287
660.0,481,26378.531873
580.0,407,26411.442946
620.0,482,26453.778258
560.0,297,26476.41073
580.0,304,26499.260888
500.0,297,26529.291409
560.0,312,26552.316148
560.0,339,26583.541096
580.0,442,26617.459953
660.0,473,26659.619694
500.0,476,26694.396257
620.0,307,26724.71575
580.0,404,26757.627995
580.0,299,26780.31168
660.0,476,26822.56337
600.0,470,26864.606516
580.0,281,26886.804082
580.0,383,26919.128235
820.0,638,26973.000109
520.0,299,26995.739404
580.0,502,27038.594965
580.0,486,27082.199772
620.0,523,27125.672207
600.0,482,27168.02406
600.0,474,27202.761117
540.0,298,27232.817193
640.0,505,27268.388947
580.0,291,27298.26023
580.0,301,27321.038764
560.0,307,27343.916537
580.0,413,27384.416482
620.0,392,27417.03362
580.0,385,27449.444061
620.0,472,27484.182634
580.0,442,27525.456052
580.0,298,27548.112494
540.0,325,27578.779952
640.0,486,27613.877841
640.0,490,27656.451284
620.0,408,27689.465348
620.0,503,27732.463838
640.0,303,27762.675459
640.0,510,27805.699092
580.0,303,27828.505751
620.0,469,27870.488531
580.0,286,27892.85145
580.0,292,27915.416058
620.0,486,27957.798331
540.0,364,27989.657551
660.0,486,28032.086834
480.0,358,28056.420222
580.0,384,28088.793402
640.0,468,28131.992418
600.0,507,28174.969795
580.0,299,28197.643798
540.0,296,28220.330913
580.0,298,28250.388801
580.0,294,28272.973396
580.0,302,28295.766985
580.0,294,28325.750065
580.0,378,28357.938083
680.0,511,28401.043449
640.0,477,28435.930172
580.0,299,28465.938274
520.0,345,28489.885687
560.0,398,28522.595447
580.0,407,28562.966108
520.0,301,28585.69137
580.0,301,28608.487783
580.0,303,28638.676376
580.0,305,28661.541949
580.0,304,28684.384447
580.0,306,28714.607376
620.0,504,28757.571253
540.0,307,28780.477158
540.0,339,28811.5966
660.0,505,28854.559612
580.0,296,28877.170359
580.0,302,28899.94556
520.0,343,28931.16167
640.0,528,28974.744399
580.0,292,28997.255944
660.0,471,29039.267764
580.0,297,29061.916854
640.0,476,29104.046036
540.0,294,29126.627124
440.0,289,29149.045681
540.0,349,29180.393216
540.0,345,29212.853846
500.0,298,29235.539563
580.0,297,29258.107317
580.0,302,29288.250526
660.0,487,29330.711923
620.0,511,29373.844388
540.0,344,29397.670156
480.0,380,29429.942603
660.0,460,29471.697074
620.0,444,29505.668178
580.0,298,29535.769066
580.0,295,29558.337522
580.0,293,29580.872863
580.0,349,29612.208508
500.0,301,29634.942666
620.0,474,29677.063169
580.0,294,29699.65158
580.0,300,29722.407178
540.0,329,29753.290679
620.0,458,29794.988979
660.0,456,29829.288033
500.0,287,29851.661199
580.0,306,29881.896672
580.0,287,29904.252023
540.0,415,29937.425226
440.0,303,29967.657744
560.0,302,29990.433753
580.0,296,30013.065809
580.0,287,30035.452755
580.0,306,30065.730368
580.0,304,30088.626319
560.0,289,30111.106188
540.0,287,30140.818597
560.0,291,30163.342123
520.0,303,30186.15299
580.0,488,30228.639042
660.0,470,30270.659879
560.0,395,30304.572545
640.0,501,30347.359364
580.0,302,30370.148482
580.0,287,30392.541314
620.0,397,30425.222708
580.0,284,30447.565838
580.0,281,30477.167481
580.0,286,30499.549773
580.0,281,30521.721819
660.0,515,30565.009589
580.0,303,30587.858098
520.0,289,30617.692128
540.0,301,30640.422592
580.0,287,30662.806038
640.0,481,30705.181954
580.0,307,30728.091554
580.0,289,30757.923787
560.0,293,30780.449649
600.0,431,30814.032396
560.0,328,30844.885445
520.0,284,30867.216056
580.0,284,30889.562813
460.0,305,30919.853763
580.0,284,30942.186311
520.0,289,30964.633702
620.0,350,30996.110495
580.0,283,31018.391551
580.0,282,31040.655761
560.0,301,31063.420109
580.0,290,31093.26485
580.0,423,31126.729721
620.0,484,31169.170865
540.0,399,31201.906616
660.0,412,31235.023925
540.0,295,31257.671615
560.0,299,31287.765552
580.0,294,31310.333232
620.0,463,31352.163312
580.0,294,31376.159839
580.0,294,31398.742854
640.0,489,31441.355025
580.0,329,31464.879694
560.0,349,31496.278789
520.0,279,31518.423752
580.0,292,31548.355874
580.0,278,31570.538302
580.0,284,31592.864898
580.0,296,31615.564287
620.0,475,31657.770726
540.0,308,31680.673346
540.0,356,31712.327932
580.0,292,31734.872401
580.0,293,31764.717189
580.0,292,31787.289408
580.0,285,31809.633487
580.0,290,31832.156132
580.0,302,31862.323388
540.0,468,31896.980189
460.0,299,31927.127432
580.0,289,31949.579575
580.0,469,31991.575388
520.0,296,32014.217826
620.0,456,32048.503222
580.0,301,32078.618982
540.0,342,32102.502894
560.0,330,32133.404409
660.0,488,32175.919229
720.0,468,32210.557078
560.0,289,32240.290894
580.0,301,32263.034158
680.0,486,32305.579818
560.0,296,32328.207067
580.0,372,32360.338727
660.0,509,32403.401186
680.0,482,32445.768574
620.0,480,32481.793116
620.0,492,32524.39756
660.0,480,32566.702646
580.0,336,32597.81315
520.0,275,32619.839997
580.0,296,32642.494401
620.0,428,32676.068091
580.0,282,32698.366762
660.0,471,32740.401772
520.0,298,32763.100256
560.0,292,32792.98885
580.0,304,32815.926304
580.0,344,32847.200694
480.0,292,32869.737577
540.0,298,32892.441348
620.0,479,32934.720691
580.0,306,32957.689831
500.0,305,32987.929411
480.0,313,33011.008092
580.0,300,33041.106124
680.0,463,33075.579253
580.0,412,33108.67853
660.0,466,33150.592927
580.0,304,33173.376235
580.0,303,33203.577964
580.0,384,33235.894892
580.0,360,33260.303062
560.0,373,33292.368898
520.0,292,33322.254765
580.0,406,33355.204516
660.0,499,33397.96788
580.0,484,33433.033093
580.0,410,33473.394088
600.0,512,33516.58637
620.0,509,33560.837328
580.0,306,33583.7528
680.0,478,33625.971042
540.0,380,33658.165308
580.0,289,33680.638686
580.0,408,33713.686331
580.0,327,33744.505128
540.0,371,33769.096386
580.0,420,33809.771723
620.0,408,33842.778147
520.0,303,33865.574316
580.0,287,33888.008349
580.0,287,33917.734931
580.0,293,33940.21402
580.0,406,33973.223592
620.0,456,34014.979241
440.0,315,34038.1018
580.0,294,34060.662765
500.0,327,34091.498163
600.0,497,34134.234354
540.0,306,34157.087077
540.0,299,34187.178161
620.0,432,34220.755896
660.0,460,34255.163177
580.0,294,34285.097884
680.0,515,34328.293337
500.0,306,34351.217718
620.0,471,34393.29135
580.0,361,34425.031085
660.0,463,34459.473557
580.0,296,34482.08865
540.0,299,34512.11376
520.0,302,34534.926044
680.0,493,34577.565845
580.0,296,34600.171514
560.0,304,34631.491507
660.0,475,34666.258882
560.0,499,34709.019698
580.0,344,34740.26858
620.0,474,34782.417409
620.0,416,34815.600409
540.0,354,34847.133114
580.0,386,34879.493943
580.0,334,34903.183578
660.0,470,34945.172062
540.0,375,34977.309053
540.0,290,34999.731621
620.0,468,35041.733182
640.0,489,35076.894836
520.0,484,35119.275651
620.0,467,35161.179717
620.0,505,35204.199136
640.0,488,35246.666383
600.0,494,35281.99178
580.0,318,35312.565922
620.0,479,35354.819299
520.0,376,35386.940673
620.0,427,35420.464696
540.0,299,35443.18545
580.0,286,35465.515987
540.0,368,35497.463779
660.0,464,35539.299065
540.0,299,35561.966269
680.0,496,35604.715582
620.0,401,35637.559334
540.0,359,35669.24074
520.0,300,35691.96798
640.0,522,35736.564981
540.0,295,35766.493596
580.0,387,35798.888528
520.0,327,35822.326482
620.0,445,35863.700365
580.0,295,35886.317084
620.0,399,35919.03149
580.0,304,35941.906206
560.0,300,35972.015303
480.0,336,35995.760633
660.0,479,36037.956413
580.0,294,36060.495474
640.0,303,36090.661463
580.0,376,36122.785985
620.0,475,36157.559834
620.0,469,36199.515842
580.0,297,36222.14078
580.0,285,36244.442533
640.0,507,36287.418024
520.0,342,36318.661327
580.0,300,36341.338482
680.0,510,36384.395212
580.0,373,36416.559191
580.0,463,36458.393982
640.0,484,36500.767506
580.0,339,36524.574923
580.0,349,36555.992668
680.0,484,36598.341703
540.0,289,36620.786794
580.0,294,36643.357488
580.0,392,36675.889202
580.0,301,36705.995356
580.0,301,36728.763306
560.0,298,36751.433115
580.0,298,36782.636349
580.0,293,36805.172011
540.0,289,36827.632986
620.0,446,36868.995939
520.0,415,36902.092177
660.0,480,36944.347335
520.0,304,36967.198216
580.0,378,36999.405162
580.0,370,37031.349741
580.0,350,37055.469825
580.0,318,37086.035821
580.0,288,37108.328655
620.0,469,37150.326947
580.0,346,37174.265826
680.0,491,37216.868901
580.0,327,37247.639998
560.0,393,37280.222746
480.0,386,37312.594228
580.0,291,37335.111788
580.0,389,37367.600118
580.0,291,37390.033177
540.0,313,37420.510372
680.0,506,37463.467773
660.0,469,37498.147246
580.0,410,37538.545107
540.0,381,37570.819732
580.0,303,37593.613917
640.0,510,37636.758897
580.0,306,37659.662924
620.0,375,37691.733975
540.0,385,37724.073107
680.0,508,37767.06161
540.0,304,37789.856591
660.0,508,37832.844781
560.0,294,37863.968427
580.0,374,37896.058253
680.0,510,37939.097459
660.0,536,37982.912507
580.0,377,38015.017171
660.0,467,38049.585162
580.0,292,38079.45852
580.0,286,38101.798394
660.0,479,38144.124147
620.0,509,38187.20764
660.0,463,38221.653017
680.0,496,38264.312914
580.0,352,38295.789509
660.0,470,38330.475024
540.0,294,38360.373654
500.0,305,38383.260999
580.0,293,38405.774111
580.0,370,38437.725739
580.0,292,38460.250781
580.0,287,38490.046796
520.0,296,38512.6636
540.0,372,38544.612494
500.0,302,38567.404084
580.0,290,38589.941185
640.0,507,38632.887981
580.0,302,38663.042817
620.0,469,38697.63576
580.0,420,38738.335084
680.0,511,38781.398103
680.0,514,38824.673176
640.0,303,38847.472235
620.0,427,38880.903856
560.0,306,38911.176635
540.0,298,38933.84803
640.0,297,38957.654588
660.0,471,38999.686506
680.0,506,39042.59763
600.0,498,39085.345919
580.0,430,39118.976214
520.0,410,39152.010776
580.0,378,39184.187918
700.0,472,39226.251212
620.0,383,39258.543825
580.0,361,39290.219908
580.0,411,39323.260837
580.0,359,39354.915567
580.0,303,39377.689208
440.0,304,39400.488588
540.0,303,39430.620126
580.0,300,39453.390152
620.0,473,39495.466164
580.0,397,39528.134584
640.0,518,39571.342668
620.0,487,39613.819929
580.0,479,39648.73357
580.0,289,39678.530232
660.0,471,39713.171216
660.0,463,39754.94094
660.0,454,39789.115791
660.0,473,39831.206914
600.0,521,39874.602493
600.0,515,39917.734846
640.0,285,39940.070764
620.0,517,39983.317415
580.0,439,40025.681024
580.0,385,40058.046239
540.0,342,40081.851668
660.0,505,40124.721131
620.0,488,40167.191096
620.0,490,40209.768057
580.0,393,40242.326193
680.0,490,40284.915874
580.0,289,40307.294009
580.0,441,40348.59381
580.0,385,40380.934424
580.0,388,40413.45203
660.0,499,40448.893695
660.0,478,40491.103798
580.0,509,40534.10983
580.0,291,40556.61799
580.0,339,40587.73534
620.0,474,40629.927455
660.0,468,40664.420638
520.0,392,40696.988688
680.0,508,40740.022502
680.0,516,40783.225378
580.0,368,40815.102871
580.0,321,40845.751632
540.0,296,40868.333101
580.0,294,40890.87937
580.0,318,40921.476072
580.0,290,40943.941565
560.0,296,40966.575429
660.0,469,41008.583672
620.0,418,41041.828068
580.0,293,41064.37477
580.0,483,41107.889113
640.0,390,41140.39513
580.0,368,41172.255843
580.0,343,41203.520072
560.0,374,41235.577578
540.0,372,41267.580614
580.0,366,41292.079246
620.0,405,41332.324216
540.0,297,41354.946395
520.0,343,41386.182081
600.0,503,41421.730933
580.0,418,41462.348741
580.0,337,41486.04354
600.0,359,41517.735037
580.0,290,41540.199393
660.0,478,41582.36984
580.0,373,41614.340418
520.0,445,41648.302935
620.0,475,41690.415106
660.0,466,41732.311921
480.0,400,41765.070037
680.0,469,41799.635643
640.0,531,41850.68284
680.0,474,41885.40999
580.0,311,41915.763511
640.0,543,41959.709645
660.0,512,42002.869394
540.0,384,42035.218598
540.0,378,42067.350407
520.0,385,42099.69665
660.0,466,42134.212245
660.0,464,42176.132001
580.0,340,42208.442734
540.0,404,42241.296573
580.0,336,42265.001036
520.0,288,42294.779861
580.0,381,42327.047725
520.0,400,42359.814363
620.0,446,42393.791616
660.0,505,42436.810567
640.0,515,42479.97428
540.0,319,42510.577859
580.0,466,42545.104962
680.0,516,42588.352845
580.0,282,42610.610333
580.0,289,42640.448966
700.0,464,42674.981167
660.0,469,42716.948732
580.0,385,42749.313893
580.0,298,42772.015635
540.0,293,42801.823858
580.0,299,42824.543985
660.0,511,42867.619862
540.0,291,42890.103609
580.0,381,42922.340818
620.0,416,42955.486767
680.0,488,42998.006427
620.0,404,43030.818964
580.0,519,43074.259838
620.0,475,43116.366964
540.0,433,43149.981547
640.0,496,43192.680859
540.0,461,43234.448378
580.0,494,43278.230349
700.0,511,43321.260303
580.0,323,43344.602952
460.0,295,43367.179264
660.0,442,43408.413846
640.0,506,43451.376543
580.0,512,43494.475696
580.0,290,43516.95604
660.0,498,43559.651755
660.0,481,43601.889223
560.0,377,43634.07691
580.0,461,43668.448579
640.0,509,43711.410373
560.0,359,43743.062275
680.0,497,43785.780994
580.0,405,43818.685149
660.0,462,43860.414732
580.0,335,43884.064431
580.0,316,43914.619889
660.0,462,43948.974457
680.0,511,43992.023095
580.0,365,44023.795213
540.0,344,44055.032588
660.0,476,44089.852217
620.0,510,44132.896875
640.0,498,44175.661087
520.0,303,44205.870328
620.0,371,44230.489695
620.0,466,44272.378262
680.0,484,44314.790269
580.0,294,44337.363504
560.0,391,44371.078074
580.0,445,44412.395798
700.0,517,44455.563918
660.0,463,44490.020014
580.0,361,44521.762727
640.0,525,44565.208619
740.0,507,44608.269853
580.0,388,44640.665767
660.0,448,44682.100694
660.0,483,44717.096646
640.0,514,44760.286107
580.0,444,44801.5883
620.0,394,44834.233649
680.0,471,44868.921643
580.0,458,44910.587592
540.0,317,44941.089853
680.0,475,44975.898411
540.0,467,45017.794703
540.0,472,45059.825316
520.0,315,45082.941257
620.0,464,45124.756409
680.0,481,45159.667389
660.0,479,45201.969903
600.0,512,45245.077832
660.0,506,45288.005819
580.0,304,45310.778675
660.0,524,45354.283615
580.0,382,45386.570601
540.0,300,45416.750005
620.0,384,45450.157277
660.0,515,45493.359404
580.0,447,45527.36845
680.0,513,45570.533556
540.0,291,45593.062154
640.0,509,45636.131978
620.0,469,45678.1245
580.0,285,45700.452621
660.0,468,45742.40778
620.0,434,45776.058105
700.0,516,45819.313541
660.0,474,45861.426206
680.0,482,45903.758528
540.0,378,45935.895031
620.0,491,45971.082812
680.0,505,46013.933984
660.0,479,46056.105032
640.0,468,46098.024798
480.0,301,46120.791167
680.0,512,46163.958611
580.0,372,46195.972014
680.0,512,46239.127771
600.0,402,46271.93864
660.0,478,46314.17576
660.0,460,46348.546115
660.0,484,46390.949835
580.0,377,46423.005896
580.0,431,46456.677266
660.0,472,46498.779349
620.0,386,46532.320622
620.0,493,46574.946783
480.0,347,46606.365476
620.0,480,46641.21882
520.0,302,46671.34892
620.0,441,46705.294409
660.0,497,46747.990715
640.0,507,46790.98065
540.0,378,46823.207834
580.0,381,46855.424618
680.0,494,46898.070305
680.0,483,46933.005622
580.0,411,46973.370859
680.0,504,47016.306992
580.0,287,47038.681398
680.0,475,47073.441536
580.0,424,47114.214194
680.0,512,47157.261448
640.0,481,47199.534234
660.0,482,47234.481379
660.0,469,47276.47408
620.0,441,47310.321807
640.0,397,47343.027649
620.0,444,47384.364078
680.0,495,47427.029495
680.0,487,47469.538609
580.0,307,47492.479235
620.0,510,47535.509308
540.0,307,47558.451023
580.0,481,47601.856285
720.0,509,47644.879945
680.0,484,47687.275099
680.0,484,47722.251025
640.0,483,47764.626543
700.0,511,47807.773114
580.0,381,47839.988814
580.0,388,47872.446911
640.0,524,47915.917571
620.0,475,47958.013183
680.0,517,48001.192626
660.0,505,48044.085624
720.0,495,48086.716468
640.0,505,48129.638572
580.0,292,48152.125314
680.0,508,48195.142158
680.0,509,48238.150577
640.0,530,48281.763386
620.0,484,48324.09765
640.0,508,48367.110323
580.0,381,48399.375951
580.0,297,48421.983472
680.0,517,48465.239313
580.0,292,48487.780529
540.0,303,48517.929814
660.0,479,48552.769988
620.0,387,48585.16359
560.0,399,48617.944904
720.0,484,48660.325776
680.0,507,48704.570434
680.0,496,48747.212255
580.0,360,48778.888782
580.0,301,48801.678978
580.0,393,48834.243494
700.0,483,48876.580826
580.0,299,48899.289796
580.0,297,48929.299861
540.0,357,48953.555648
580.0,296,48983.548565
440.0,288,49006.048061
720.0,497,49048.75012
580.0,299,49071.424738
620.0,383,49103.733013
580.0,330,49134.611432
580.0,445,49168.632603
540.0,371,49200.622757
580.0,353,49232.092643
540.0,298,49254.710175
640.0,516,49297.950725
680.0,509,49340.93071
580.0,332,49371.898023
500.0,347,49395.902924
640.0,505,49438.808124
680.0,510,49481.888724
680.0,515,49525.107471
580.0,362,49556.845613
680.0,487,49599.257858
660.0,470,49633.892508
580.0,363,49665.680558
580.0,353,49697.202705
660.0,470,49739.231118
660.0,479,49775.374054
680.0,483,49817.774354
580.0,285,49840.109696
520.0,468,49882.087422
580.0,306,49904.960786
540.0,297,49934.966256
540.0,303,49957.787848
580.0,298,49980.490562
580.0,304,50010.686871
680.0,445,50044.724255
580.0,298,50067.394594
580.0,299,50097.427056
580.0,352,50128.941406
540.0,379,50153.776185
580.0,357,50185.407192
660.0,461,50227.215784
660.0,516,50270.38311
620.0,506,50313.328185
540.0,307,50336.275902
680.0,488,50378.770436
740.0,510,50421.861353
660.0,476,50464.075148
660.0,451,50498.231887
580.0,291,50520.671895
680.0,513,50563.771523
660.0,506,50606.786183
520.0,296,50636.754447
540.0,398,50669.469919
680.0,470,50704.035062
580.0,304,50734.232462
680.0,514,50777.390247
580.0,335,50801.058657
660.0,470,50844.282042
540.0,392,50876.836369
680.0,474,50918.903455
680.0,510,50961.943961
640.0,287,50984.324902
580.0,294,51006.887183
700.0,510,51050.000101
660.0,481,51092.285687
680.0,489,51134.755183
660.0,501,51177.588387
640.0,473,51212.308912
640.0,487,51254.728168
680.0,470,51296.695868
580.0,332,51320.299205
520.0,277,51342.406408
580.0,474,51384.506739
640.0,495,51427.220184
700.0,506,51470.229307
580.0,349,51501.624088
680.0,489,51536.754343
680.0,504,51579.64206
580.0,397,51612.307419
560.0,466,51654.154425
700.0,504,51697.027702
540.0,298,51719.67394
680.0,450,51761.145086
580.0,305,51783.977337
540.0,383,51816.313669
640.0,282,51838.572748
580.0,372,51870.553558
520.0,301,51900.73978
580.0,293,51924.4399
560.0,361,51956.164339
700.0,507,51999.130402
680.0,511,52042.233913
620.0,501,52085.027689
580.0,303,52107.779643
640.0,287,52130.160159
660.0,517,52173.487629
660.0,493,52216.05266
480.0,304,52238.834704
620.0,457,52280.469956
480.0,384,52312.798162
580.0,371,52344.783124
500.0,294,52367.313217
680.0,504,52410.235293
660.0,512,52453.438818
640.0,512,52496.558591
540.0,284,52518.869488
580.0,300,52541.63567
700.0,511,52584.750177
600.0,514,52627.982349
540.0,298,52658.00792
680.0,521,52701.336815
680.0,513,52744.483279
580.0,288,52766.897685
640.0,482,52809.218356
580.0,434,52842.837544
640.0,515,52886.046448
580.0,297,52908.650707
680.0,504,52951.578077
480.0,287,52981.352788
640.0,514,53025.693056
680.0,513,53068.791102
580.0,294,53091.316435
580.0,294,53113.936375
520.0,338,53145.025587
700.0,515,53188.20848
480.0,305,53211.083586
580.0,509,53254.137575
580.0,294,53276.648284
620.0,477,53318.861003
680.0,514,53362.059645
520.0,402,53394.870932
680.0,514,53438.04157
620.0,507,53480.962822
620.0,509,53523.991072
540.0,294,53546.536894
640.0,330,53577.35981
620.0,509,53620.415975
620.0,477,53662.602784
780.0,510,53705.677082
680.0,513,53748.863719
480.0,297,53771.558047
620.0,489,53814.062863
560.0,296,53836.69762
540.0,348,53867.98951
540.0,380,53900.221198
540.0,341,53924.064994
440.0,347,53955.382103
580.0,292,53977.884666
580.0,375,54010.009975
500.0,461,54051.677096
680.0,523,54096.314188
500.0,386,54128.740423
620.0,508,54171.789014
560.0,303,54194.59077
620.0,503,54237.50273
580.0,353,54268.979947
580.0,313,54292.030464
580.0,295,54322.045016
540.0,307,54344.933124
540.0,286,54367.322618
680.0,510,54410.394627
680.0,390,54442.911983
580.0,343,54474.178445
580.0,386,54506.522624
680.0,507,54549.491873
660.0,510,54592.588796
760.0,514,54635.716486
580.0,342,54659.504453
620.0,518,54702.801249
680.0,505,54745.771796
660.0,478,54787.961289
680.0,517,54831.254471
700.0,510,54874.284533
700.0,515,54917.410153
680.0,521,54960.759668
580.0,521,55004.080724
680.0,515,55047.305506
640.0,516,55090.53722
680.0,530,55134.184654
520.0,381,55167.59382
580.0,385,55199.874992
520.0,294,55229.773574
680.0,523,55273.158223
520.0,387,55305.644149
620.0,534,55349.467294
540.0,290,55371.900831
740.0,517,55415.1581
620.0,385,55447.516869
580.0,288,55469.893947
680.0,512,55513.028696
680.0,513,55556.243714
540.0,321,55586.869346
580.0,289,55609.355869
660.0,517,55652.604346
460.0,385,55684.967969
580.0,446,55718.953431
680.0,481,55761.268823
580.0,416,55794.498212
640.0,510,55837.561625
500.0,290,55867.352898
620.0,495,55910.015973
680.0,506,55945.690076
680.0,489,55988.19571
540.0,346,56019.503102
520.0,296,56042.093199
640.0,521,56085.40837
620.0,488,56127.903512
580.0,293,56150.465773
500.0,300,56180.553363
680.0,513,56223.689422
540.0,290,56247.365498
580.0,295,56269.928489
580.0,382,56302.202282
620.0,510,56345.275699
680.0,519,56388.530443
580.0,286,56410.869673
540.0,362,56442.650831
580.0,281,56464.874883
580.0,286,56494.600587
660.0,475,56529.418781
600.0,520,56572.75818
660.0,472,56614.763675
580.0,400,56647.565212
580.0,314,56677.988034
580.0,318,56701.18367
660.0,512,56744.324628
540.0,291,56766.822057
620.0,470,56808.883052
580.0,337,56839.959436
620.0,492,56875.172607
580.0,331,56906.123937
540.0,288,56928.544876
620.0,487,56971.000449
560.0,286,56993.338691
580.0,285,57015.654154
580.0,402,57055.864693
400.0,315,57078.97747
540.0,342,57110.207181
540.0,480,57145.107474
580.0,383,57177.392765
680.0,506,57220.328413
580.0,362,57252.063296
580.0,285,57274.407852
640.0,505,57318.458772
540.0,280,57340.650889
580.0,281,57370.250803
540.0,291,57392.681319
580.0,438,57426.497178
540.0,403,57459.32091
620.0,443,57500.611558
500.0,356,57532.285331
580.0,298,57554.933187
480.0,381,57587.187924
540.0,335,57610.817358
540.0,299,57640.870721
580.0,291,57663.373523
680.0,527,57706.883339
680.0,524,57750.364623
560.0,281,57772.556188
680.0,517,57815.797451
680.0,494,57858.411186
680.0,520,57901.720652
580.0,291,57931.513715
620.0,521,57974.913232
540.0,291,57997.491202
660.0,527,58040.97701
600.0,480,58083.202879
660.0,467,58117.713262
580.0,292,58147.564878
580.0,399,58180.320441
680.0,508,58223.344747
660.0,512,58266.52061
660.0,505,58309.449385
580.0,332,58333.007749
680.0,506,58375.985071
560.0,469,58419.270922
620.0,523,58462.750958
580.0,285,58485.033895
580.0,333,58515.975177
580.0,305,58538.784989
680.0,495,58581.506935
580.0,334,58605.150734
660.0,513,58648.335385
580.0,285,58678.086347
660.0,514,58721.27294
580.0,366,58745.806227
680.0,517,58796.381816
640.0,509,58832.122055
540.0,379,58864.358526
620.0,466,58906.292848
600.0,415,58939.4691
660.0,444,58980.829218
660.0,508,59023.859768
660.0,509,59066.87209
680.0,525,59110.320994
540.0,338,59134.032765
520.0,301,59164.154542
680.0,532,59207.833365
580.0,335,59231.483232
620.0,478,59273.73438
660.0,478,59315.968687
580.0,343,59347.236392
620.0,514,59390.411963
680.0,467,59424.976876
580.0,313,59455.461066
660.0,479,59491.473175
580.0,294,59521.417742
680.0,514,59564.584047
640.0,508,59607.589655
580.0,379,59639.793393
640.0,494,59675.038326
640.0,312,59705.456853
680.0,490,59748.030094
660.0,464,59782.515918
540.0,281,59804.749568
620.0,410,59845.138039
580.0,430,59878.665025
600.0,508,59921.71075
580.0,442,59955.616556
620.0,509,59998.681467
580.0,289,60021.064414
520.0,299,60051.133142
540.0,326,60074.57041
600.0,478,60116.773382
660.0,471,60158.783163
620.0,448,60192.911487
580.0,361,60224.629553
580.0,280,60246.865542
680.0,509,60289.881522
580.0,507,60332.849771
660.0,468,60374.776431
500.0,308,60397.759506
700.0,518,60441.039427
620.0,466,60482.979629
580.0,281,60505.168398
560.0,386,60537.536577
660.0,476,60580.84912
640.0,293,60603.374681
540.0,295,60625.99111
660.0,480,60668.262048
620.0,445,60702.212768
720.0,510,60745.387422
620.0,472,60787.451311
580.0,357,60819.070942
620.0,470,60853.800319
680.0,508,60896.803291
500.0,313,60927.268104
680.0,507,60970.254542
660.0,467,61004.870063
680.0,507,61047.851532
580.0,286,61077.562406
660.0,478,61112.414356
540.0,360,61144.104378
580.0,344,61175.329635
620.0,504,61218.264818
680.0,516,61261.480063
640.0,513,61304.635823
680.0,516,61347.873153
680.0,517,61391.136361
580.0,360,61422.814107
580.0,289,61445.281734
640.0,298,61467.958713
680.0,513,61511.129841
680.0,505,61554.065837
680.0,508,61597.069883
580.0,380,61629.381615
620.0,482,61672.795868
640.0,493,61715.378006
620.0,441,61749.227443
680.0,523,61792.618742
580.0,341,61823.801244
680.0,510,61866.862737
660.0,490,61902.066602
580.0,406,61942.31254
620.0,449,61976.368697
580.0,288,61998.820722
580.0,393,62031.366629
680.0,512,62074.468259
640.0,515,62117.629055
680.0,447,62159.03717
540.0,283,62181.337073
580.0,285,62203.669914
620.0,483,62246.029377
660.0,466,62287.96492
620.0,436,62321.698804
480.0,303,62344.552206
660.0,464,62386.430034
580.0,435,62420.094474
660.0,488,62462.580955
580.0,337,62493.633658
700.0,508,62536.604406
680.0,505,62579.553124
540.0,314,62602.625269
660.0,537,62646.346549
620.0,510,62689.323978
620.0,475,62732.612902
660.0,519,62775.944643
660.0,504,62818.965549
620.0,443,62852.905138
580.0,308,62883.220145
640.0,510,62926.297059
700.0,507,62969.317785
580.0,359,62993.585544
580.0,294,63023.550377
520.0,391,63056.059605
640.0,517,63099.302344
680.0,505,63142.185097
680.0,511,63185.26651
700.0,512,63228.415277
500.0,303,63251.197843
440.0,303,63274.015031
580.0,361,63305.701975
620.0,509,63348.824985
680.0,483,63391.146201
640.0,507,63434.176701
580.0,493,63476.808602
580.0,295,63499.382004
680.0,511,63542.533651
660.0,458,63584.236201
680.0,492,63619.439161
580.0,412,63659.915292
540.0,329,63683.377774
660.0,484,63725.731412
620.0,470,63767.735914
640.0,516,63812.046216
660.0,466,63846.584228
660.0,479,63888.775409
680.0,504,63931.620679
660.0,477,63973.788375
680.0,509,64016.867416
720.0,509,64052.552423
500.0,352,64084.011685
720.0,505,64126.899194
680.0,513,64170.103493
580.0,407,64203.015437
680.0,517,64246.229773
620.0,466,64288.09506
580.0,442,64321.989857
680.0,523,64365.365286
640.0,491,64407.872589
580.0,313,64438.356748
660.0,516,64481.590925
660.0,516,64524.826438
580.0,331,64548.34316
660.0,515,64591.568489
660.0,506,64634.466042
680.0,524,64677.904102
660.0,517,64721.147999
660.0,498,64763.854927
580.0,349,64795.267708
520.0,291,64817.667116
680.0,509,64860.707916
520.0,290,64884.455276
640.0,513,64927.58936
660.0,512,64970.677249
660.0,493,65013.273787
680.0,494,65055.988801
640.0,509,65098.94851
680.0,515,65142.10459
620.0,481,65184.433948
580.0,322,65207.90796
680.0,486,65250.320034
660.0,470,65292.331166
720.0,508,65335.3588
640.0,493,65377.951062
660.0,468,65412.550892
560.0,308,65442.914226
620.0,469,65477.48117
680.0,516,65520.739516
620.0,440,65562.003127
640.0,499,65604.833963
620.0,468,65639.404541
580.0,351,65670.828727
660.0,494,65713.50145
660.0,482,65748.452011
720.0,505,65791.42235
540.0,364,65823.261557
580.0,292,65845.725488
580.0,511,65888.839085
600.0,521,65939.565033
620.0,499,65976.037973
620.0,508,66019.024431
620.0,443,66060.317592
780.0,514,66103.534556
540.0,304,66126.354809
580.0,281,66148.634133
680.0,491,66191.167537
660.0,482,66233.440089
500.0,386,66265.850945
680.0,493,66308.478383
580.0,291,66330.934262
700.0,522,66374.331784
680.0,508,66417.29487
540.0,299,66439.991974
580.0,446,66481.356436
660.0,474,66516.07586
580.0,285,66545.779527
580.0,313,66568.901574
680.0,505,66611.834504
580.0,363,66643.578944
660.0,481,66685.857463
620.0,511,66728.983969
660.0,492,66764.209899
620.0,442,66805.507894
620.0,446,66839.488627
680.0,509,66882.472299
500.0,308,66912.764812
580.0,312,66935.826926
660.0,468,66977.773502
680.0,513,67020.87667
660.0,463,67056.485161
580.0,494,67099.167922
740.0,515,67142.285497
540.0,285,67164.570274
600.0,524,67208.006582
640.0,497,67250.733457
660.0,483,67293.082541
600.0,468,67334.997788
520.0,354,67366.509423
680.0,481,67401.429071
680.0,511,67444.503795
620.0,507,67487.524015
660.0,471,67529.568865
580.0,292,67552.054479
640.0,481,67594.409178
660.0,480,67636.698292
660.0,477,67671.488742
680.0,511,67714.584761
680.0,506,67757.566808
680.0,524,67801.010084
580.0,405,67833.985809
660.0,466,67875.902666
660.0,485,67918.333146
660.0,481,67960.583912
580.0,315,67983.704235
680.0,519,68027.023327
680.0,516,68070.200445
640.0,509,68113.288861
660.0,507,68157.559222
680.0,525,68201.058064
540.0,330,68231.935757
600.0,474,68266.672363
740.0,510,68309.715658
660.0,513,68352.899229
640.0,509,68395.897298
660.0,483,68438.236804
580.0,294,68460.764013
640.0,496,68503.470063
680.0,463,68545.337763
580.0,382,68577.58434
620.0,515,68620.812132
680.0,510,68663.878663
560.0,387,68696.30341
680.0,511,68739.342067
680.0,478,68774.170048
740.0,515,68817.336044
580.0,306,68847.57441
540.0,366,68879.377335
680.0,516,68922.610637
580.0,306,68945.45961
580.0,339,68976.571167
600.0,362,69000.968029
660.0,471,69043.02093
700.0,507,69085.978608
520.0,356,69117.540026
640.0,525,69161.000743
540.0,308,69183.927935
580.0,388,69217.540121
540.0,364,69249.296429
580.0,383,69281.617319
660.0,470,69323.611363
660.0,458,69357.904658
620.0,471,69399.924216
680.0,519,69443.249131
620.0,443,69477.114257
540.0,395,69517.083863
760.0,519,69560.426989
660.0,468,69594.992416
680.0,520,69638.334814
680.0,529,69681.9394
540.0,357,69713.576239
580.0,273,69735.505719
620.0,442,69776.72689
580.0,296,69799.355268
520.0,292,69821.850884
620.0,444,69863.16671
580.0,387,69895.480412
640.0,298,69918.183356
720.0,475,69960.351137
520.0,444,69994.2399
620.0,506,70037.172061
640.0,335,70068.162037
580.0,287,70090.551205
580.0,315,70113.658099
660.0,474,70155.731723
660.0,512,70198.88267
680.0,472,70240.992478
580.0,385,70273.331758
540.0,416,70307.637663
520.0,301,70330.320181
580.0,294,70360.271142
660.0,512,70403.380543
620.0,508,70446.435409
640.0,388,70478.909451
680.0,504,70514.493004
520.0,290,70544.277452
580.0,338,70568.015224
580.0,296,70598.053608
660.0,481,70632.990608
720.0,491,70675.569781
540.0,399,70708.327453
580.0,341,70739.425553
660.0,519,70782.736642
580.0,294,70805.35421
660.0,526,70848.846061
580.0,290,70878.658614
600.0,525,70922.111206
660.0,465,70956.599646
660.0,497,70999.242596
620.0,466,71041.065716
740.0,509,71084.129209
680.0,517,71127.465776
680.0,519,71170.771664
580.0,458,71205.068587
660.0,497,71247.782736
580.0,301,71277.82811
680.0,510,71320.840122
640.0,492,71356.048062
620.0,510,71400.474976
660.0,482,71442.814737
620.0,484,71485.210013
680.0,529,71528.810344
660.0,485,71571.284254
560.0,344,71595.187764
460.0,355,71626.765526
620.0,497,71669.500596
500.0,336,71700.605506
680.0,505,71743.586682
580.0,322,71766.886261
680.0,512,71810.051907
720.0,513,71853.186281
620.0,493,71895.774265
600.0,511,71938.971058
540.0,339,71970.027723
580.0,513,72013.197523
560.0,510,72056.283863
580.0,294,72078.879693
640.0,492,72121.454959
740.0,504,72164.447954
580.0,311,72187.460126
580.0,387,72219.846732
660.0,471,72261.871757
600.0,494,72297.178205
660.0,483,72339.561331
640.0,444,72380.856222
620.0,519,72424.162388
640.0,332,72448.92162
620.0,435,72490.009104
580.0,388,72522.42597
640.0,487,72557.456499
620.0,465,72599.244353
580.0,479,72641.438474
660.0,463,72675.888562
660.0,473,72717.951228
640.0,341,72749.182966
580.0,447,72783.211999
660.0,464,72825.077097
600.0,493,72867.700465
680.0,493,72910.318488
620.0,453,72944.533304
720.0,522,72987.922689
680.0,510,73031.085293
640.0,505,73073.926432
660.0,479,73116.204674
680.0,488,73158.677922
620.0,517,73201.960312
660.0,510,73244.962563
620.0,493,73280.238579
620.0,468,73322.189885
560.0,447,73356.230163
580.0,334,73387.246862
680.0,507,73430.208061
620.0,511,73473.338558
660.0,483,73515.632269
580.0,365,73548.660946
580.0,332,73572.1416
560.0,418,73605.435285
660.0,516,73648.700688
680.0,505,73691.673398
480.0,304,73721.776206
580.0,292,73744.297752
680.0,485,73786.701878
660.0,497,73829.394405
680.0,479,73864.233004
680.0,522,73907.627653
580.0,365,73939.431692
640.0,481,73981.723543
580.0,394,74014.378971
640.0,295,74036.902913
580.0,349,74068.331167
680.0,506,74111.340885
620.0,509,74154.330464
680.0,521,74197.727415
660.0,518,74241.035749
680.0,521,74284.363634
740.0,514,74327.506742
640.0,294,74350.071226
660.0,483,74392.385205
680.0,507,74435.375828
640.0,523,74478.781993
600.0,290,74501.221824
580.0,389,74533.715266
680.0,519,74576.99207
580.0,293,74608.038922
640.0,511,74651.06954
660.0,464,74685.564776
540.0,296,74715.506721
680.0,523,74758.929277
680.0,508,74801.889587
660.0,518,74845.149855
660.0,476,74879.870448
580.0,366,74911.747125
620.0,413,74944.883466
680.0,482,74987.201679
620.0,464,75029.020176
660.0,504,75071.946292
680.0,507,75114.970722
680.0,505,75157.880879
520.0,299,75180.489743
580.0,297,75203.197901
620.0,446,75244.557333
540.0,302,75267.358424
680.0,509,75310.371822
580.0,290,75332.804226
620.0,434,75373.866075
660.0,471,75408.611577
580.0,332,75439.569369
580.0,356,75471.150699
660.0,504,75514.077059
640.0,515,75557.262084
680.0,519,75600.558574
680.0,508,75643.491526
720.0,509,75679.166178
580.0,391,75720.187474
580.0,332,75743.786881
580.0,337,75774.891531
660.0,463,75809.379339
660.0,477,75851.588535
680.0,465,75893.482025
600.0,463,75927.897176
620.0,483,75970.229051
580.0,410,76003.291779
680.0,508,76046.34147
540.0,303,76076.509154
580.0,410,76109.530139
640.0,514,76152.719189
620.0,479,76187.596851
500.0,351,76219.02524
580.0,388,76251.448327
680.0,510,76294.487047
500.0,348,76325.885842
660.0,469,76360.528228
580.0,418,76401.164433
620.0,473,76435.912073
620.0,441,76477.10268
620.0,435,76510.79404
580.0,418,76544.090069
580.0,411,76584.489406
580.0,344,76608.351236
660.0,497,76651.070015
580.0,408,76684.055411
580.0,425,76724.796917
580.0,385,76757.216056
500.0,294,76780.898549
640.0,476,76823.103652
560.0,426,76856.555798
620.0,440,76890.396045
540.0,362,76922.098199
660.0,474,76964.152373
660.0,457,76998.453417
580.0,361,77030.205164
680.0,480,77072.442231
580.0,362,77104.181639
660.0,457,77138.489122
580.0,290,77168.342611
660.0,466,77202.830524
680.0,510,77245.938056
580.0,330,77276.849546
580.0,450,77310.944839
580.0,283,77333.229341
700.0,469,77375.202904
740.0,519,77418.495324
620.0,437,77459.650467
540.0,289,77482.114992
640.0,326,77505.567512
580.0,291,77535.460133
640.0,473,77570.263291
700.0,478,77612.493245
720.0,508,77655.546263
580.0,287,77677.913279
680.0,475,77720.000365
660.0,479,77762.255498
860.0,519,77805.499608
580.0,297,77828.176651
680.0,481,77871.638842
540.0,291,77894.119555
600.0,471,77936.111452
700.0,478,77970.968843
660.0,472,78013.038907
680.0,492,78055.637088
680.0,516,78098.865051
620.0,458,78133.198851
580.0,451,78174.74201
680.0,508,78217.834342
720.0,508,78260.859854
620.0,464,78295.311736
580.0,286,78325.067102
620.0,492,78360.259665
620.0,434,78401.299157
580.0,340,78425.068045
720.0,468,78467.021205
660.0,517,78510.295841
520.0,388,78542.754473
640.0,515,78585.928227
540.0,310,78616.277124
580.0,397,78648.988184
580.0,463,78683.410076
700.0,477,78725.582617
660.0,474,78767.680133
620.0,459,78802.034503
540.0,464,78843.801309
620.0,441,78877.646962
580.0,397,78910.300827
580.0,331,78942.490318
660.0,472,78984.580962
680.0,468,79019.099383
580.0,281,79041.31343
620.0,428,79082.222485
600.0,481,79117.204533
640.0,513,79160.38796
640.0,338,79191.4786
580.0,319,79222.041489
640.0,446,79256.031425
540.0,366,79287.847208
660.0,467,79329.746608
660.0,478,79364.649431
660.0,481,79406.934521
660.0,465,79448.802168
640.0,290,79471.285364
680.0,496,79513.938166
620.0,444,79547.898357
580.0,291,79570.390309
700.0,509,79613.398898
620.0,438,79654.527934
660.0,450,79688.656028
580.0,340,79719.835793
680.0,493,79762.484277
620.0,451,79796.569267
580.0,283,79818.82575
620.0,444,79860.138243
640.0,291,79882.569246
640.0,282,79904.813773
580.0,298,79934.845376
740.0,511,79977.952623
680.0,505,80022.0341
620.0,402,80054.806705
540.0,283,80076.987989
560.0,473,80119.087402
680.0,496,80154.45829
660.0,483,80196.785204
680.0,443,80238.0248
620.0,473,80272.783365
620.0,445,80314.072252
580.0,273,80336.100095
540.0,374,80368.179331
600.0,315,80391.255915
580.0,367,80423.133333
580.0,441,80464.355029
480.0,386,80496.689054
580.0,331,80520.206447
680.0,479,80562.45193
480.0,280,80584.646171
580.0,365,80616.478343
620.0,386,80648.876137
660.0,473,80690.976392
660.0,472,80725.608015
660.0,465,80767.454163
560.0,481,80809.776045
660.0,452,80843.941453
520.0,327,80874.76122
720.0,468,80909.348725
580.0,357,80940.918904
580.0,281,80963.162429
680.0,447,81004.5265
660.0,471,81039.150028
700.0,497,81081.878202
560.0,285,81105.319767
620.0,465,81147.152631
580.0,334,81178.140259
640.0,416,81211.307554
640.0,517,81254.573219
520.0,293,81277.119684
540.0,447,81318.531884
580.0,361,81342.895704
680.0,473,81384.952694
660.0,480,81427.217231
640.0,504,81470.084397
660.0,477,81504.883785
520.0,382,81537.130719
660.0,453,81578.620172
700.0,493,81621.288112
580.0,434,81654.942904
620.0,461,81696.710204
580.0,312,81719.745869
680.0,522,81763.11774
580.0,294,81793.057441
720.0,484,81828.096513
540.0,527,81871.593562
680.0,496,81914.293802
620.0,507,81957.276359
480.0,286,81979.593448
640.0,497,82022.372501
540.0,445,82063.676441
660.0,499,82106.403749
660.0,520,82149.776467
620.0,446,82185.052897
680.0,511,82228.173159
660.0,465,82270.032806
580.0,360,82301.75195
580.0,306,82324.631959
680.0,511,82367.735484
660.0,479,82409.947653
480.0,296,82432.54424
620.0,474,82474.722156
600.0,464,82509.181343
600.0,287,82531.558647
640.0,315,82562.039126
620.0,431,82595.606275
580.0,313,82626.042533
660.0,481,82660.990981
660.0,468,82702.900858
660.0,466,82744.798708
720.0,511,82787.951415
660.0,483,82822.952268
580.0,435,82863.953294
640.0,506,82906.941103
580.0,444,82940.837041
580.0,463,82982.645884
580.0,281,83004.838389
680.0,520,83048.150763
620.0,508,83091.182381
640.0,509,83134.273256
680.0,504,83177.236369
580.0,317,83200.540141
620.0,407,83233.482453
680.0,498,83277.31608
620.0,448,83318.746108
580.0,411,83351.82778
540.0,347,83383.183873
620.0,435,83416.850391
640.0,494,83459.44494
520.0,279,83481.568871
660.0,481,83523.867718
700.0,474,83565.970937
460.0,388,83598.39434
620.0,518,83641.602592
580.0,510,83684.705734
660.0,470,83719.362469
580.0,339,83750.484884
620.0,517,83793.736929
660.0,516,83836.91062
680.0,516,83880.16306
680.0,510,83923.207652
720.0,468,83965.24526
640.0,335,83988.919104
680.0,484,84031.326199
640.0,289,84053.818265
580.0,386,84086.190131
660.0,469,84128.17108
580.0,368,84160.022417
620.0,518,84203.330517
600.0,489,84238.520178
640.0,385,84270.899674
580.0,290,84300.717842
680.0,455,84336.077718
600.0,514,84379.256148
680.0,474,84421.475107
660.0,469,84463.483256
680.0,511,84506.633911
620.0,447,84540.687295
620.0,484,84583.079012
680.0,514,84626.214973
660.0,462,84660.639812
560.0,440,84701.835718
680.0,506,84744.801368
560.0,442,84778.68383
620.0,484,84821.03726
660.0,478,84863.266598
580.0,313,84886.333508
640.0,494,84928.958332
620.0,464,84970.819048
680.0,508,85013.883078
680.0,413,85046.958605
620.0,532,85090.626284
660.0,522,85134.057766
740.0,474,85176.141725
640.0,495,85211.469854
660.0,508,85254.516676
680.0,505,85297.431111
580.0,299,85327.506074
700.0,575,85372.342688
660.0,467,85415.416091
680.0,512,85458.529438
660.0,514,85501.777354
580.0,331,85525.37111
580.0,459,85567.050487
620.0,443,85601.014468
620.0,436,85642.087477
580.0,397,85674.72348
540.0,382,85706.998318
640.0,472,85741.661279
660.0,466,85783.549002
580.0,453,85825.141051
600.0,475,85859.9552
660.0,481,85902.212872
680.0,479,85944.453704
620.0,433,85978.048811
580.0,288,86000.449313
540.0,329,86031.309429
620.0,482,86073.673832
640.0,293,86096.222107
620.0,462,86138.078964
680.0,487,86173.191033
620.0,471,86215.236068
680.0,513,86258.333539
680.0,514,86301.462757
600.0,523,86344.887164
540.0,323,86375.596967
680.0,525,86419.100205
660.0,472,86453.839045
600.0,372,86485.822209
660.0,477,86529.121057
680.0,445,86563.045854
540.0,328,86593.906559
620.0,469,86635.858649
540.0,282,86658.074163
720.0,465,86692.581331
580.0,336,86723.630959
700.0,506,86766.582464
700.0,476,86808.782791
640.0,340,86832.58935
580.0,441,86873.78954
680.0,514,86917.044805
680.0,481,86951.922394
740.0,523,87002.661196
620.0,461,87037.055481
640.0,342,87068.282677
620.0,446,87102.240801
700.0,524,87145.723572
540.0,358,87177.264662
600.0,502,87220.1195
660.0,450,87261.59864
520.0,430,87295.181191
620.0,470,87337.180725
620.0,483,87372.128968
520.0,411,87405.102493
460.0,330,87436.020469
660.0,460,87477.725582
580.0,313,87500.826666
660.0,480,87543.080454
680.0,493,87586.845255
620.0,446,87620.738981
580.0,451,87662.280289
580.0,387,87694.694034
660.0,513,87737.881292
520.0,434,87771.536678
640.0,475,87813.666133
620.0,394,87846.246777
580.0,309,87869.203928
620.0,441,87910.421701
640.0,473,87945.11819
660.0,505,87988.091794
620.0,459,88029.843499
520.0,320,88053.14712
660.0,471,88095.150306
620.0,490,88137.635967
680.0,483,88172.656722
640.0,509,88215.666045
640.0,510,88258.714907
660.0,481,88301.038676
720.0,453,88342.625455
600.0,518,88385.901302
640.0,285,88408.250797
660.0,467,88450.115455
580.0,449,88484.206176
720.0,465,88526.074334
580.0,286,88548.357753
660.0,457,88582.620344
620.0,471,88624.611341
720.0,469,88667.897556
680.0,521,88711.278357
700.0,483,88753.648786
560.0,382,88778.504118
720.0,482,88820.861067
680.0,482,88863.165856
660.0,479,88905.348906
480.0,328,88928.844933
680.0,513,88971.988648
720.0,484,89014.365327
660.0,481,89056.662551
680.0,464,89091.098949
660.0,482,89133.369702
580.0,332,89164.29957
660.0,479,89199.15023
640.0,493,89241.712577
680.0,515,89284.920843
620.0,465,89326.734298
620.0,449,89360.794197
620.0,483,89403.078257
680.0,485,89445.455021
600.0,310,89468.474446
720.0,453,89510.003956
640.0,524,89553.42377
680.0,507,89596.395929
620.0,463,89630.891698
580.0,312,89661.222294
580.0,329,89684.771184
580.0,307,89715.028627
720.0,460,89750.543333
680.0,517,89793.834747
580.0,382,89826.121871
640.0,511,89869.17288
660.0,481,89911.501705
620.0,459,89953.191566
620.0,409,89986.275432
740.0,453,90020.484924
580.0,330,90051.369184
700.0,290,90073.865645
520.0,375,90106.044358
660.0,483,90148.403702
700.0,493,90191.040056
620.0,492,90233.613974
680.0,507,90269.213619
640.0,508,90312.246909
680.0,496,90354.908014
620.0,463,90396.778471
660.0,466,90438.640166
660.0,462,90473.032831
720.0,511,90516.184378
680.0,485,90558.550272
720.0,518,90601.820026
680.0,513,90644.904971
640.0,335,90668.559127
680.0,497,90711.300531
540.0,365,90743.094905
660.0,483,90785.417195
660.0,468,90828.492962
740.0,509,90871.495876
640.0,488,90906.596109
620.0,445,90947.921919
480.0,325,90971.319454
620.0,509,91014.39627
680.0,515,91057.616204
640.0,506,91100.582274
700.0,507,91143.568442
680.0,522,91186.935579
620.0,445,91228.247828
660.0,464,91262.706945
660.0,499,91305.430425
580.0,441,91346.694514
740.0,485,91381.717626
660.0,512,91424.880884
660.0,453,91466.406483
620.0,463,91508.272068
680.0,481,91543.162474
640.0,494,91585.81951
660.0,515,91629.062771
620.0,440,91670.265748
740.0,518,91713.497321
640.0,334,91737.124777
640.0,498,91779.837536
660.0,479,91822.026313
680.0,514,91865.193083
580.0,394,91898.984975
740.0,508,91941.990934
640.0,446,91975.911648
680.0,485,92018.323903
660.0,461,92060.062585
700.0,512,92103.14148
660.0,511,92146.213046
580.0,281,92168.408976
680.0,487,92210.824721
660.0,529,92254.388787
640.0,293,92276.931712
640.0,290,92299.444683
720.0,467,92341.264134
720.0,514,92384.393016
680.0,514,92427.571706
760.0,517,92470.860356
480.0,382,92503.101092
740.0,518,92546.385565
680.0,507,92589.37706
780.0,457,92623.66009
720.0,468,92665.597874
720.0,478,92707.736242
660.0,485,92742.787844
660.0,482,92785.022983
680.0,491,92827.59709
680.0,509,92870.690456
660.0,484,92913.054426
660.0,460,92947.415926
720.0,483,92990.911528
620.0,419,93024.21559
540.0,296,93054.15192
780.0,467,93088.712134
680.0,418,93129.351068
480.0,359,93153.683305
680.0,480,93195.964787
580.0,313,93219.03848
740.0,478,93261.308287
580.0,387,93293.724927
740.0,508,93336.736027
700.0,518,93379.985853
580.0,313,93410.483495
580.0,329,93433.946492
660.0,465,93475.829181
600.0,423,93509.248783
720.0,473,93551.317943
580.0,442,93585.225952
680.0,487,93627.73041
760.0,483,93670.100556
660.0,450,93704.185922
660.0,479,93746.443886
680.0,460,93788.215344
620.0,399,93820.894578
600.0,472,93855.564267
680.0,515,93898.749461
660.0,479,93941.013588
580.0,287,93963.391573
580.0,353,93994.831093
720.0,460,94036.515419
660.0,461,94072.010884
620.0,461,94113.785645
580.0,306,94136.675144
640.0,328,94167.471384
660.0,524,94210.913001
660.0,511,94253.981877
720.0,494,94296.597995
520.0,442,94330.460581
680.0,464,94372.261027
720.0,478,94407.135572
680.0,516,94450.323315
680.0,513,94493.479533
680.0,511,94536.48453
720.0,466,94578.403431
580.0,467,94620.359741
600.0,487,94655.487847
620.0,435,94696.457177
780.0,495,94739.086272
700.0,515,94782.313327
720.0,465,94816.748675
620.0,460,94858.486112
700.0,464,94892.982671
660.0,478,94935.163206
580.0,289,94957.581859
640.0,364,94989.386088
600.0,483,95031.719981
720.0,478,95073.951545
620.0,416,95107.185926
740.0,510,95151.387313
680.0,506,95194.364231
640.0,334,95218.007883
680.0,473,95260.022595
680.0,469,95301.970252
800.0,509,95344.958052
620.0,539,95388.858791
720.0,518,95432.099459
740.0,497,95474.803125
660.0,466,95509.301521
540.0,445,95550.627918
640.0,484,95592.930239
560.0,454,95627.092556
600.0,476,95669.261832
720.0,510,95712.284626
580.0,388,95744.709507
660.0,468,95786.585958
600.0,394,95819.279418
640.0,491,95854.471184
640.0,474,95896.490785
660.0,517,95939.791886
640.0,519,95983.096439
560.0,428,96016.567052
660.0,512,96059.625592
680.0,470,96101.653043
580.0,324,96132.356111
620.0,477,96167.124478
620.0,467,96209.029035
580.0,398,96242.886484
520.0,339,96274.041449
580.0,299,96296.733041
660.0,465,96338.551564
580.0,355,96362.689639
680.0,506,96405.655812
580.0,321,96436.314824
600.0,413,96469.414048
720.0,466,96511.321849
720.0,463,96545.677564
580.0,312,96576.049825
520.0,349,96600.062364
740.0,505,96642.985939
580.0,340,96674.098261
660.0,467,96716.03246
680.0,464,96750.536352
580.0,318,96781.125181
580.0,391,96813.594096
540.0,296,96836.207692
680.0,510,96879.316256
580.0,364,96911.091877
660.0,464,96945.554831
540.0,364,96977.409021
560.0,441,97018.592329
740.0,519,97061.88755
640.0,284,97084.16672
660.0,469,97126.055488
660.0,515,97169.243441
680.0,510,97212.291202
640.0,513,97255.381624
620.0,456,97289.655358
680.0,514,97333.973364
640.0,494,97376.576472
660.0,461,97418.368428
620.0,485,97453.364166
580.0,443,97494.655679
680.0,504,97537.527131
640.0,509,97580.586044
680.0,521,97623.959773
580.0,357,97648.219916
580.0,386,97680.601167
620.0,495,97723.247983
700.0,451,97764.733272
680.0,504,97807.630014
660.0,455,97841.78235
580.0,282,97864.022637
540.0,336,97895.037186
660.0,457,97936.731778
740.0,518,97980.013865
540.0,438,98013.770168
620.0,444,98055.087709
680.0,504,98090.677409
520.0,368,98122.558793
620.0,471,98164.516789
660.0,470,98206.528035
620.0,480,98241.367109
620.0,481,98283.641677
680.0,520,98326.948646
740.0,496,98369.626874
680.0,513,98413.896214
580.0,287,98436.239126
540.0,380,98468.393168
620.0,478,98510.589933
580.0,404,98543.453472
580.0,440,98577.240061
740.0,511,98620.362846
740.0,445,98661.660972
660.0,464,98703.540996
660.0,511,98739.238591
640.0,485,98781.605429
660.0,479,98823.78775
640.0,421,98857.031968
620.0,478,98899.176992
700.0,529,98942.773485
640.0,515,98986.002759
580.0,301,99008.720721
660.0,465,99050.568144
680.0,497,99093.237384
640.0,410,99126.265699
720.0,514,99169.327707
720.0,482,99211.651569
740.0,510,99254.674315
720.0,479,99296.88646
680.0,497,99332.18486
660.0,523,99375.605326
680.0,496,99418.314188
580.0,312,99448.691825
680.0,514,99492.97768
580.0,322,99516.264987
620.0,449,99557.693514
640.0,497,99600.428469
580.0,443,99634.302614
760.0,511,99677.377914
660.0,465,99719.206172
660.0,444,99753.132146
620.0,438,99794.294329
640.0,364,99818.742883
580.0,327,99849.484967
640.0,497,99892.175725
540.0,438,99925.943225
680.0,511,99969.026576
740.0,510,100012.136325
740.0,516,100055.388566
680.0,524,100098.780773
640.0,515,100141.873136
700.0,456,100183.447392
720.0,482,100225.780786
680.0,506,100261.349145
680.0,516,100304.517238
580.0,340,100335.682915
660.0,508,100378.668167
640.0,341,100409.795866
640.0,512,100452.899817
680.0,497,100495.60684
580.0,285,100517.927056
660.0,480,100561.283288
620.0,494,100596.532486
740.0,475,100638.69962
540.0,437,100672.356379
680.0,512,100715.492076
680.0,511,100758.633137
620.0,470,100800.577191
680.0,509,100843.563323
660.0,481,100885.857803
660.0,519,100929.129422
580.0,314,100952.254349
620.0,420,100992.823673
680.0,525,101036.346262
660.0,480,101071.196023
580.0,385,101103.506635
780.0,509,101146.526242
640.0,383,101178.818561
580.0,307,101209.192148
680.0,483,101244.16706
660.0,450,101285.616821
580.0,316,101308.727884
580.0,324,101339.511262
660.0,479,101381.7974
640.0,483,101416.701509
680.0,525,101460.157641
640.0,497,101502.883177
620.0,432,101543.837891
620.0,467,101578.398895
660.0,478,101621.712463
660.0,477,101663.836055
640.0,316,101687.005809
620.0,446,101728.401436
660.0,525,101771.839428
680.0,473,101806.574887
660.0,482,101848.952701
680.0,443,101890.209934
800.0,486,101925.229043
580.0,278,101954.714151
580.0,301,101977.411389
660.0,465,102011.871966
560.0,362,102043.587398
660.0,464,102085.435927
620.0,411,102118.460281
700.0,520,102161.802309
700.0,519,102205.153884
660.0,462,102246.896638
620.0,443,102280.757444
660.0,452,102322.210968
660.0,509,102365.193002
660.0,478,102400.034968
580.0,403,102440.187966
580.0,450,102474.193971
760.0,511,102517.228057
620.0,452,102558.724842
620.0,440,102592.53001
700.0,515,102635.647691
680.0,533,102679.321934
620.0,448,102721.950593
680.0,506,102764.946295
540.0,353,102789.033389
580.0,435,102830.070949
660.0,481,102864.961334
620.0,466,102906.893581
680.0,514,102950.024782
700.0,498,102992.664127
680.0,506,103035.652425
520.0,287,103058.048599
640.0,338,103089.227962
720.0,514,103132.344398
660.0,478,103167.161644
700.0,468,103209.115593
660.0,480,103251.337079
680.0,513,103294.474163
560.0,479,103336.700945
700.0,506,103372.363382
620.0,506,103415.309107
700.0,509,103458.370908
780.0,509,103501.424372
580.0,418,103542.014748
700.0,471,103576.638293
580.0,380,103608.862403
680.0,522,103652.248608
700.0,500,103695.055686
680.0,485,103737.468202
640.0,449,103771.488923
580.0,341,103803.822225
680.0,481,103846.07427
660.0,508,103889.04644
700.0,464,103923.572568
700.0,525,103967.002287
680.0,513,104010.142315
640.0,327,104040.942355
740.0,524,104084.274533
520.0,344,104115.52168
560.0,472,104150.137045
680.0,491,104192.616021
680.0,499,104235.338989
520.0,315,104265.796321
520.0,312,104288.832512
580.0,391,104321.337922
720.0,505,104364.26113
660.0,520,104407.590935
700.0,451,104441.74381
680.0,505,104484.666745
540.0,448,104526.072551
700.0,510,104569.111651
660.0,506,104612.007504
700.0,518,104655.20469
560.0,387,104687.60948
580.0,423,104721.006217
680.0,508,104763.993549
700.0,504,104806.868522
680.0,512,104850.034735
680.0,506,104894.278568
580.0,381,104926.548068
680.0,432,104960.177925
620.0,511,105003.219112
580.0,296,105033.18006
660.0,507,105068.765816
680.0,477,105110.935887
580.0,340,105142.095231
720.0,459,105176.378552
520.0,393,105208.930588
680.0,463,105250.754989
580.0,283,105272.987701
700.0,523,105316.394812
680.0,448,105357.717629
700.0,523,105401.143636
640.0,463,105435.537266
580.0,307,105465.770065
680.0,477,105508.02045
620.0,446,105541.930427
